dt_yr,amp_sigma,min_persistence_yr,tol_yr,n_detected,n_ref,n_matched,recall,precision,f1,median_abs_age_error_yr,mean_abs_age_error_yr,addition_ratio_vs_ref
50,0.0,0.0,100,304,68,30,0.4411764705882353,0.09868421052631579,0.16129032258064513,49.0,49.666666666666664,3.4705882352941178
50,0.0,0.0,200,304,68,41,0.6029411764705882,0.13486842105263158,0.22043010752688175,80.0,80.07317073170732,3.4705882352941178
50,0.0,0.0,300,304,68,54,0.7941176470588235,0.17763157894736842,0.29032258064516125,100.0,122.74074074074075,3.4705882352941178
50,0.0,80.0,100,144,68,22,0.3235294117647059,0.1527777777777778,0.20754716981132076,59.0,57.86363636363637,1.1176470588235294
50,0.0,80.0,200,144,68,30,0.4411764705882353,0.20833333333333334,0.2830188679245283,80.0,82.53333333333333,1.1176470588235294
50,0.0,80.0,300,144,68,41,0.6029411764705882,0.2847222222222222,0.38679245283018865,110.0,136.78048780487805,1.1176470588235294
50,0.0,90.0,100,144,68,22,0.3235294117647059,0.1527777777777778,0.20754716981132076,59.0,57.86363636363637,1.1176470588235294
50,0.0,90.0,200,144,68,30,0.4411764705882353,0.20833333333333334,0.2830188679245283,80.0,82.53333333333333,1.1176470588235294
50,0.0,90.0,300,144,68,41,0.6029411764705882,0.2847222222222222,0.38679245283018865,110.0,136.78048780487805,1.1176470588235294
50,0.0,100.0,100,144,68,22,0.3235294117647059,0.1527777777777778,0.20754716981132076,59.0,57.86363636363637,1.1176470588235294
50,0.0,100.0,200,144,68,30,0.4411764705882353,0.20833333333333334,0.2830188679245283,80.0,82.53333333333333,1.1176470588235294
50,0.0,100.0,300,144,68,41,0.6029411764705882,0.2847222222222222,0.38679245283018865,110.0,136.78048780487805,1.1176470588235294
50,0.0,110.0,100,100,68,21,0.3088235294117647,0.21,0.25,49.0,54.904761904761905,0.47058823529411775
50,0.0,110.0,200,100,68,27,0.39705882352941174,0.27,0.32142857142857145,70.0,72.81481481481481,0.47058823529411775
50,0.0,110.0,300,100,68,36,0.5294117647058824,0.36,0.42857142857142855,94.0,113.52777777777777,0.47058823529411775
50,0.0,120.0,100,100,68,21,0.3088235294117647,0.21,0.25,49.0,54.904761904761905,0.47058823529411775
50,0.0,120.0,200,100,68,27,0.39705882352941174,0.27,0.32142857142857145,70.0,72.81481481481481,0.47058823529411775
50,0.0,120.0,300,100,68,36,0.5294117647058824,0.36,0.42857142857142855,94.0,113.52777777777777,0.47058823529411775
50,0.0,130.0,100,100,68,21,0.3088235294117647,0.21,0.25,49.0,54.904761904761905,0.47058823529411775
50,0.0,130.0,200,100,68,27,0.39705882352941174,0.27,0.32142857142857145,70.0,72.81481481481481,0.47058823529411775
50,0.0,130.0,300,100,68,36,0.5294117647058824,0.36,0.42857142857142855,94.0,113.52777777777777,0.47058823529411775
50,0.0,140.0,100,100,68,21,0.3088235294117647,0.21,0.25,49.0,54.904761904761905,0.47058823529411775
50,0.0,140.0,200,100,68,27,0.39705882352941174,0.27,0.32142857142857145,70.0,72.81481481481481,0.47058823529411775
50,0.0,140.0,300,100,68,36,0.5294117647058824,0.36,0.42857142857142855,94.0,113.52777777777777,0.47058823529411775
50,0.0,150.0,100,100,68,21,0.3088235294117647,0.21,0.25,49.0,54.904761904761905,0.47058823529411775
50,0.0,150.0,200,100,68,27,0.39705882352941174,0.27,0.32142857142857145,70.0,72.81481481481481,0.47058823529411775
50,0.0,150.0,300,100,68,36,0.5294117647058824,0.36,0.42857142857142855,94.0,113.52777777777777,0.47058823529411775
50,0.0,200.0,100,78,68,18,0.2647058823529412,0.23076923076923078,0.24657534246575344,59.0,58.5,0.1470588235294117
50,0.0,200.0,200,78,68,21,0.3088235294117647,0.2692307692307692,0.28767123287671237,70.0,71.0952380952381,0.1470588235294117
50,0.0,200.0,300,78,68,31,0.45588235294117646,0.3974358974358974,0.4246575342465754,97.0,123.6774193548387,0.1470588235294117
50,0.0,300.0,100,60,68,14,0.20588235294117646,0.23333333333333334,0.21874999999999997,69.5,58.357142857142854,-0.11764705882352944
50,0.0,300.0,200,60,68,16,0.23529411764705882,0.26666666666666666,0.25,75.0,71.6875,-0.11764705882352944
50,0.0,300.0,300,60,68,24,0.35294117647058826,0.4,0.37500000000000006,94.0,124.5,-0.11764705882352944
50,0.0,400.0,100,50,68,11,0.16176470588235295,0.22,0.1864406779661017,70.0,60.72727272727273,-0.2647058823529411
50,0.0,400.0,200,50,68,14,0.20588235294117646,0.28,0.23728813559322035,80.0,78.5,-0.2647058823529411
50,0.0,400.0,300,50,68,21,0.3088235294117647,0.42,0.3559322033898305,97.0,127.66666666666667,-0.2647058823529411
50,0.0,500.0,100,42,68,11,0.16176470588235295,0.2619047619047619,0.19999999999999998,69.0,58.0,-0.38235294117647056
50,0.0,500.0,200,42,68,14,0.20588235294117646,0.3333333333333333,0.2545454545454545,75.0,76.35714285714286,-0.38235294117647056
50,0.0,500.0,300,42,68,20,0.29411764705882354,0.47619047619047616,0.3636363636363637,94.0,120.0,-0.38235294117647056
50,0.1,0.0,100,220,68,27,0.39705882352941174,0.12272727272727273,0.1875,49.0,56.629629629629626,2.235294117647059
50,0.1,0.0,200,220,68,35,0.5147058823529411,0.1590909090909091,0.24305555555555558,80.0,80.6,2.235294117647059
50,0.1,0.0,300,220,68,47,0.6911764705882353,0.21363636363636362,0.32638888888888884,99.0,126.91489361702128,2.235294117647059
50,0.1,80.0,100,136,68,22,0.3235294117647059,0.16176470588235295,0.2156862745098039,59.0,57.86363636363637,1.0
50,0.1,80.0,200,136,68,30,0.4411764705882353,0.22058823529411764,0.29411764705882354,80.0,82.53333333333333,1.0
50,0.1,80.0,300,136,68,41,0.6029411764705882,0.3014705882352941,0.4019607843137255,110.0,136.78048780487805,1.0
50,0.1,90.0,100,136,68,22,0.3235294117647059,0.16176470588235295,0.2156862745098039,59.0,57.86363636363637,1.0
50,0.1,90.0,200,136,68,30,0.4411764705882353,0.22058823529411764,0.29411764705882354,80.0,82.53333333333333,1.0
50,0.1,90.0,300,136,68,41,0.6029411764705882,0.3014705882352941,0.4019607843137255,110.0,136.78048780487805,1.0
50,0.1,100.0,100,136,68,22,0.3235294117647059,0.16176470588235295,0.2156862745098039,59.0,57.86363636363637,1.0
50,0.1,100.0,200,136,68,30,0.4411764705882353,0.22058823529411764,0.29411764705882354,80.0,82.53333333333333,1.0
50,0.1,100.0,300,136,68,41,0.6029411764705882,0.3014705882352941,0.4019607843137255,110.0,136.78048780487805,1.0
50,0.1,110.0,100,98,68,21,0.3088235294117647,0.21428571428571427,0.25301204819277107,49.0,54.904761904761905,0.4411764705882353
50,0.1,110.0,200,98,68,27,0.39705882352941174,0.2755102040816326,0.3253012048192771,70.0,72.81481481481481,0.4411764705882353
50,0.1,110.0,300,98,68,36,0.5294117647058824,0.3673469387755102,0.4337349397590361,94.0,113.52777777777777,0.4411764705882353
50,0.1,120.0,100,98,68,21,0.3088235294117647,0.21428571428571427,0.25301204819277107,49.0,54.904761904761905,0.4411764705882353
50,0.1,120.0,200,98,68,27,0.39705882352941174,0.2755102040816326,0.3253012048192771,70.0,72.81481481481481,0.4411764705882353
50,0.1,120.0,300,98,68,36,0.5294117647058824,0.3673469387755102,0.4337349397590361,94.0,113.52777777777777,0.4411764705882353
50,0.1,130.0,100,98,68,21,0.3088235294117647,0.21428571428571427,0.25301204819277107,49.0,54.904761904761905,0.4411764705882353
50,0.1,130.0,200,98,68,27,0.39705882352941174,0.2755102040816326,0.3253012048192771,70.0,72.81481481481481,0.4411764705882353
50,0.1,130.0,300,98,68,36,0.5294117647058824,0.3673469387755102,0.4337349397590361,94.0,113.52777777777777,0.4411764705882353
50,0.1,140.0,100,98,68,21,0.3088235294117647,0.21428571428571427,0.25301204819277107,49.0,54.904761904761905,0.4411764705882353
50,0.1,140.0,200,98,68,27,0.39705882352941174,0.2755102040816326,0.3253012048192771,70.0,72.81481481481481,0.4411764705882353
50,0.1,140.0,300,98,68,36,0.5294117647058824,0.3673469387755102,0.4337349397590361,94.0,113.52777777777777,0.4411764705882353
50,0.1,150.0,100,98,68,21,0.3088235294117647,0.21428571428571427,0.25301204819277107,49.0,54.904761904761905,0.4411764705882353
50,0.1,150.0,200,98,68,27,0.39705882352941174,0.2755102040816326,0.3253012048192771,70.0,72.81481481481481,0.4411764705882353
50,0.1,150.0,300,98,68,36,0.5294117647058824,0.3673469387755102,0.4337349397590361,94.0,113.52777777777777,0.4411764705882353
50,0.1,200.0,100,78,68,18,0.2647058823529412,0.23076923076923078,0.24657534246575344,59.0,58.5,0.1470588235294117
50,0.1,200.0,200,78,68,21,0.3088235294117647,0.2692307692307692,0.28767123287671237,70.0,71.0952380952381,0.1470588235294117
50,0.1,200.0,300,78,68,31,0.45588235294117646,0.3974358974358974,0.4246575342465754,97.0,123.6774193548387,0.1470588235294117
50,0.1,300.0,100,60,68,14,0.20588235294117646,0.23333333333333334,0.21874999999999997,69.5,58.357142857142854,-0.11764705882352944
50,0.1,300.0,200,60,68,16,0.23529411764705882,0.26666666666666666,0.25,75.0,71.6875,-0.11764705882352944
50,0.1,300.0,300,60,68,24,0.35294117647058826,0.4,0.37500000000000006,94.0,124.5,-0.11764705882352944
50,0.1,400.0,100,50,68,11,0.16176470588235295,0.22,0.1864406779661017,70.0,60.72727272727273,-0.2647058823529411
50,0.1,400.0,200,50,68,14,0.20588235294117646,0.28,0.23728813559322035,80.0,78.5,-0.2647058823529411
50,0.1,400.0,300,50,68,21,0.3088235294117647,0.42,0.3559322033898305,97.0,127.66666666666667,-0.2647058823529411
50,0.1,500.0,100,42,68,11,0.16176470588235295,0.2619047619047619,0.19999999999999998,69.0,58.0,-0.38235294117647056
50,0.1,500.0,200,42,68,14,0.20588235294117646,0.3333333333333333,0.2545454545454545,75.0,76.35714285714286,-0.38235294117647056
50,0.1,500.0,300,42,68,20,0.29411764705882354,0.47619047619047616,0.3636363636363637,94.0,120.0,-0.38235294117647056
50,0.2,0.0,100,182,68,26,0.38235294117647056,0.14285714285714285,0.20800000000000002,49.0,56.15384615384615,1.676470588235294
50,0.2,0.0,200,182,68,35,0.5147058823529411,0.19230769230769232,0.28,80.0,81.51428571428572,1.676470588235294
50,0.2,0.0,300,182,68,46,0.6764705882352942,0.25274725274725274,0.368,99.0,123.84782608695652,1.676470588235294
50,0.2,80.0,100,126,68,22,0.3235294117647059,0.1746031746031746,0.2268041237113402,59.0,57.86363636363637,0.8529411764705883
50,0.2,80.0,200,126,68,30,0.4411764705882353,0.23809523809523808,0.3092783505154639,80.0,82.53333333333333,0.8529411764705883
50,0.2,80.0,300,126,68,41,0.6029411764705882,0.3253968253968254,0.422680412371134,110.0,136.78048780487805,0.8529411764705883
50,0.2,90.0,100,126,68,22,0.3235294117647059,0.1746031746031746,0.2268041237113402,59.0,57.86363636363637,0.8529411764705883
50,0.2,90.0,200,126,68,30,0.4411764705882353,0.23809523809523808,0.3092783505154639,80.0,82.53333333333333,0.8529411764705883
50,0.2,90.0,300,126,68,41,0.6029411764705882,0.3253968253968254,0.422680412371134,110.0,136.78048780487805,0.8529411764705883
50,0.2,100.0,100,126,68,22,0.3235294117647059,0.1746031746031746,0.2268041237113402,59.0,57.86363636363637,0.8529411764705883
50,0.2,100.0,200,126,68,30,0.4411764705882353,0.23809523809523808,0.3092783505154639,80.0,82.53333333333333,0.8529411764705883
50,0.2,100.0,300,126,68,41,0.6029411764705882,0.3253968253968254,0.422680412371134,110.0,136.78048780487805,0.8529411764705883
50,0.2,110.0,100,96,68,21,0.3088235294117647,0.21875,0.25609756097560976,49.0,54.904761904761905,0.41176470588235303
50,0.2,110.0,200,96,68,27,0.39705882352941174,0.28125,0.32926829268292684,70.0,72.81481481481481,0.41176470588235303
50,0.2,110.0,300,96,68,36,0.5294117647058824,0.375,0.4390243902439025,94.0,113.52777777777777,0.41176470588235303
50,0.2,120.0,100,96,68,21,0.3088235294117647,0.21875,0.25609756097560976,49.0,54.904761904761905,0.41176470588235303
50,0.2,120.0,200,96,68,27,0.39705882352941174,0.28125,0.32926829268292684,70.0,72.81481481481481,0.41176470588235303
50,0.2,120.0,300,96,68,36,0.5294117647058824,0.375,0.4390243902439025,94.0,113.52777777777777,0.41176470588235303
50,0.2,130.0,100,96,68,21,0.3088235294117647,0.21875,0.25609756097560976,49.0,54.904761904761905,0.41176470588235303
50,0.2,130.0,200,96,68,27,0.39705882352941174,0.28125,0.32926829268292684,70.0,72.81481481481481,0.41176470588235303
50,0.2,130.0,300,96,68,36,0.5294117647058824,0.375,0.4390243902439025,94.0,113.52777777777777,0.41176470588235303
50,0.2,140.0,100,96,68,21,0.3088235294117647,0.21875,0.25609756097560976,49.0,54.904761904761905,0.41176470588235303
50,0.2,140.0,200,96,68,27,0.39705882352941174,0.28125,0.32926829268292684,70.0,72.81481481481481,0.41176470588235303
50,0.2,140.0,300,96,68,36,0.5294117647058824,0.375,0.4390243902439025,94.0,113.52777777777777,0.41176470588235303
50,0.2,150.0,100,96,68,21,0.3088235294117647,0.21875,0.25609756097560976,49.0,54.904761904761905,0.41176470588235303
50,0.2,150.0,200,96,68,27,0.39705882352941174,0.28125,0.32926829268292684,70.0,72.81481481481481,0.41176470588235303
50,0.2,150.0,300,96,68,36,0.5294117647058824,0.375,0.4390243902439025,94.0,113.52777777777777,0.41176470588235303
50,0.2,200.0,100,78,68,18,0.2647058823529412,0.23076923076923078,0.24657534246575344,59.0,58.5,0.1470588235294117
50,0.2,200.0,200,78,68,21,0.3088235294117647,0.2692307692307692,0.28767123287671237,70.0,71.0952380952381,0.1470588235294117
50,0.2,200.0,300,78,68,31,0.45588235294117646,0.3974358974358974,0.4246575342465754,97.0,123.6774193548387,0.1470588235294117
50,0.2,300.0,100,60,68,14,0.20588235294117646,0.23333333333333334,0.21874999999999997,69.5,58.357142857142854,-0.11764705882352944
50,0.2,300.0,200,60,68,16,0.23529411764705882,0.26666666666666666,0.25,75.0,71.6875,-0.11764705882352944
50,0.2,300.0,300,60,68,24,0.35294117647058826,0.4,0.37500000000000006,94.0,124.5,-0.11764705882352944
50,0.2,400.0,100,50,68,11,0.16176470588235295,0.22,0.1864406779661017,70.0,60.72727272727273,-0.2647058823529411
50,0.2,400.0,200,50,68,14,0.20588235294117646,0.28,0.23728813559322035,80.0,78.5,-0.2647058823529411
50,0.2,400.0,300,50,68,21,0.3088235294117647,0.42,0.3559322033898305,97.0,127.66666666666667,-0.2647058823529411
50,0.2,500.0,100,42,68,11,0.16176470588235295,0.2619047619047619,0.19999999999999998,69.0,58.0,-0.38235294117647056
50,0.2,500.0,200,42,68,14,0.20588235294117646,0.3333333333333333,0.2545454545454545,75.0,76.35714285714286,-0.38235294117647056
50,0.2,500.0,300,42,68,20,0.29411764705882354,0.47619047619047616,0.3636363636363637,94.0,120.0,-0.38235294117647056
50,0.21,0.0,100,182,68,26,0.38235294117647056,0.14285714285714285,0.20800000000000002,49.0,56.15384615384615,1.676470588235294
50,0.21,0.0,200,182,68,35,0.5147058823529411,0.19230769230769232,0.28,80.0,81.51428571428572,1.676470588235294
50,0.21,0.0,300,182,68,46,0.6764705882352942,0.25274725274725274,0.368,99.0,123.84782608695652,1.676470588235294
50,0.21,80.0,100,126,68,22,0.3235294117647059,0.1746031746031746,0.2268041237113402,59.0,57.86363636363637,0.8529411764705883
50,0.21,80.0,200,126,68,30,0.4411764705882353,0.23809523809523808,0.3092783505154639,80.0,82.53333333333333,0.8529411764705883
50,0.21,80.0,300,126,68,41,0.6029411764705882,0.3253968253968254,0.422680412371134,110.0,136.78048780487805,0.8529411764705883
50,0.21,90.0,100,126,68,22,0.3235294117647059,0.1746031746031746,0.2268041237113402,59.0,57.86363636363637,0.8529411764705883
50,0.21,90.0,200,126,68,30,0.4411764705882353,0.23809523809523808,0.3092783505154639,80.0,82.53333333333333,0.8529411764705883
50,0.21,90.0,300,126,68,41,0.6029411764705882,0.3253968253968254,0.422680412371134,110.0,136.78048780487805,0.8529411764705883
50,0.21,100.0,100,126,68,22,0.3235294117647059,0.1746031746031746,0.2268041237113402,59.0,57.86363636363637,0.8529411764705883
50,0.21,100.0,200,126,68,30,0.4411764705882353,0.23809523809523808,0.3092783505154639,80.0,82.53333333333333,0.8529411764705883
50,0.21,100.0,300,126,68,41,0.6029411764705882,0.3253968253968254,0.422680412371134,110.0,136.78048780487805,0.8529411764705883
50,0.21,110.0,100,96,68,21,0.3088235294117647,0.21875,0.25609756097560976,49.0,54.904761904761905,0.41176470588235303
50,0.21,110.0,200,96,68,27,0.39705882352941174,0.28125,0.32926829268292684,70.0,72.81481481481481,0.41176470588235303
50,0.21,110.0,300,96,68,36,0.5294117647058824,0.375,0.4390243902439025,94.0,113.52777777777777,0.41176470588235303
50,0.21,120.0,100,96,68,21,0.3088235294117647,0.21875,0.25609756097560976,49.0,54.904761904761905,0.41176470588235303
50,0.21,120.0,200,96,68,27,0.39705882352941174,0.28125,0.32926829268292684,70.0,72.81481481481481,0.41176470588235303
50,0.21,120.0,300,96,68,36,0.5294117647058824,0.375,0.4390243902439025,94.0,113.52777777777777,0.41176470588235303
50,0.21,130.0,100,96,68,21,0.3088235294117647,0.21875,0.25609756097560976,49.0,54.904761904761905,0.41176470588235303
50,0.21,130.0,200,96,68,27,0.39705882352941174,0.28125,0.32926829268292684,70.0,72.81481481481481,0.41176470588235303
50,0.21,130.0,300,96,68,36,0.5294117647058824,0.375,0.4390243902439025,94.0,113.52777777777777,0.41176470588235303
50,0.21,140.0,100,96,68,21,0.3088235294117647,0.21875,0.25609756097560976,49.0,54.904761904761905,0.41176470588235303
50,0.21,140.0,200,96,68,27,0.39705882352941174,0.28125,0.32926829268292684,70.0,72.81481481481481,0.41176470588235303
50,0.21,140.0,300,96,68,36,0.5294117647058824,0.375,0.4390243902439025,94.0,113.52777777777777,0.41176470588235303
50,0.21,150.0,100,96,68,21,0.3088235294117647,0.21875,0.25609756097560976,49.0,54.904761904761905,0.41176470588235303
50,0.21,150.0,200,96,68,27,0.39705882352941174,0.28125,0.32926829268292684,70.0,72.81481481481481,0.41176470588235303
50,0.21,150.0,300,96,68,36,0.5294117647058824,0.375,0.4390243902439025,94.0,113.52777777777777,0.41176470588235303
50,0.21,200.0,100,78,68,18,0.2647058823529412,0.23076923076923078,0.24657534246575344,59.0,58.5,0.1470588235294117
50,0.21,200.0,200,78,68,21,0.3088235294117647,0.2692307692307692,0.28767123287671237,70.0,71.0952380952381,0.1470588235294117
50,0.21,200.0,300,78,68,31,0.45588235294117646,0.3974358974358974,0.4246575342465754,97.0,123.6774193548387,0.1470588235294117
50,0.21,300.0,100,60,68,14,0.20588235294117646,0.23333333333333334,0.21874999999999997,69.5,58.357142857142854,-0.11764705882352944
50,0.21,300.0,200,60,68,16,0.23529411764705882,0.26666666666666666,0.25,75.0,71.6875,-0.11764705882352944
50,0.21,300.0,300,60,68,24,0.35294117647058826,0.4,0.37500000000000006,94.0,124.5,-0.11764705882352944
50,0.21,400.0,100,50,68,11,0.16176470588235295,0.22,0.1864406779661017,70.0,60.72727272727273,-0.2647058823529411
50,0.21,400.0,200,50,68,14,0.20588235294117646,0.28,0.23728813559322035,80.0,78.5,-0.2647058823529411
50,0.21,400.0,300,50,68,21,0.3088235294117647,0.42,0.3559322033898305,97.0,127.66666666666667,-0.2647058823529411
50,0.21,500.0,100,42,68,11,0.16176470588235295,0.2619047619047619,0.19999999999999998,69.0,58.0,-0.38235294117647056
50,0.21,500.0,200,42,68,14,0.20588235294117646,0.3333333333333333,0.2545454545454545,75.0,76.35714285714286,-0.38235294117647056
50,0.21,500.0,300,42,68,20,0.29411764705882354,0.47619047619047616,0.3636363636363637,94.0,120.0,-0.38235294117647056
50,0.22,0.0,100,176,68,26,0.38235294117647056,0.14772727272727273,0.21311475409836067,49.0,56.15384615384615,1.5882352941176472
50,0.22,0.0,200,176,68,35,0.5147058823529411,0.19886363636363635,0.28688524590163933,80.0,81.51428571428572,1.5882352941176472
50,0.22,0.0,300,176,68,46,0.6764705882352942,0.26136363636363635,0.3770491803278689,99.0,123.84782608695652,1.5882352941176472
50,0.22,80.0,100,122,68,22,0.3235294117647059,0.18032786885245902,0.23157894736842105,59.0,57.86363636363637,0.7941176470588236
50,0.22,80.0,200,122,68,30,0.4411764705882353,0.2459016393442623,0.3157894736842105,80.0,82.53333333333333,0.7941176470588236
50,0.22,80.0,300,122,68,41,0.6029411764705882,0.3360655737704918,0.43157894736842106,110.0,136.78048780487805,0.7941176470588236
50,0.22,90.0,100,122,68,22,0.3235294117647059,0.18032786885245902,0.23157894736842105,59.0,57.86363636363637,0.7941176470588236
50,0.22,90.0,200,122,68,30,0.4411764705882353,0.2459016393442623,0.3157894736842105,80.0,82.53333333333333,0.7941176470588236
50,0.22,90.0,300,122,68,41,0.6029411764705882,0.3360655737704918,0.43157894736842106,110.0,136.78048780487805,0.7941176470588236
50,0.22,100.0,100,122,68,22,0.3235294117647059,0.18032786885245902,0.23157894736842105,59.0,57.86363636363637,0.7941176470588236
50,0.22,100.0,200,122,68,30,0.4411764705882353,0.2459016393442623,0.3157894736842105,80.0,82.53333333333333,0.7941176470588236
50,0.22,100.0,300,122,68,41,0.6029411764705882,0.3360655737704918,0.43157894736842106,110.0,136.78048780487805,0.7941176470588236
50,0.22,110.0,100,96,68,21,0.3088235294117647,0.21875,0.25609756097560976,49.0,54.904761904761905,0.41176470588235303
50,0.22,110.0,200,96,68,27,0.39705882352941174,0.28125,0.32926829268292684,70.0,72.81481481481481,0.41176470588235303
50,0.22,110.0,300,96,68,36,0.5294117647058824,0.375,0.4390243902439025,94.0,113.52777777777777,0.41176470588235303
50,0.22,120.0,100,96,68,21,0.3088235294117647,0.21875,0.25609756097560976,49.0,54.904761904761905,0.41176470588235303
50,0.22,120.0,200,96,68,27,0.39705882352941174,0.28125,0.32926829268292684,70.0,72.81481481481481,0.41176470588235303
50,0.22,120.0,300,96,68,36,0.5294117647058824,0.375,0.4390243902439025,94.0,113.52777777777777,0.41176470588235303
50,0.22,130.0,100,96,68,21,0.3088235294117647,0.21875,0.25609756097560976,49.0,54.904761904761905,0.41176470588235303
50,0.22,130.0,200,96,68,27,0.39705882352941174,0.28125,0.32926829268292684,70.0,72.81481481481481,0.41176470588235303
50,0.22,130.0,300,96,68,36,0.5294117647058824,0.375,0.4390243902439025,94.0,113.52777777777777,0.41176470588235303
50,0.22,140.0,100,96,68,21,0.3088235294117647,0.21875,0.25609756097560976,49.0,54.904761904761905,0.41176470588235303
50,0.22,140.0,200,96,68,27,0.39705882352941174,0.28125,0.32926829268292684,70.0,72.81481481481481,0.41176470588235303
50,0.22,140.0,300,96,68,36,0.5294117647058824,0.375,0.4390243902439025,94.0,113.52777777777777,0.41176470588235303
50,0.22,150.0,100,96,68,21,0.3088235294117647,0.21875,0.25609756097560976,49.0,54.904761904761905,0.41176470588235303
50,0.22,150.0,200,96,68,27,0.39705882352941174,0.28125,0.32926829268292684,70.0,72.81481481481481,0.41176470588235303
50,0.22,150.0,300,96,68,36,0.5294117647058824,0.375,0.4390243902439025,94.0,113.52777777777777,0.41176470588235303
50,0.22,200.0,100,78,68,18,0.2647058823529412,0.23076923076923078,0.24657534246575344,59.0,58.5,0.1470588235294117
50,0.22,200.0,200,78,68,21,0.3088235294117647,0.2692307692307692,0.28767123287671237,70.0,71.0952380952381,0.1470588235294117
50,0.22,200.0,300,78,68,31,0.45588235294117646,0.3974358974358974,0.4246575342465754,97.0,123.6774193548387,0.1470588235294117
50,0.22,300.0,100,60,68,14,0.20588235294117646,0.23333333333333334,0.21874999999999997,69.5,58.357142857142854,-0.11764705882352944
50,0.22,300.0,200,60,68,16,0.23529411764705882,0.26666666666666666,0.25,75.0,71.6875,-0.11764705882352944
50,0.22,300.0,300,60,68,24,0.35294117647058826,0.4,0.37500000000000006,94.0,124.5,-0.11764705882352944
50,0.22,400.0,100,50,68,11,0.16176470588235295,0.22,0.1864406779661017,70.0,60.72727272727273,-0.2647058823529411
50,0.22,400.0,200,50,68,14,0.20588235294117646,0.28,0.23728813559322035,80.0,78.5,-0.2647058823529411
50,0.22,400.0,300,50,68,21,0.3088235294117647,0.42,0.3559322033898305,97.0,127.66666666666667,-0.2647058823529411
50,0.22,500.0,100,42,68,11,0.16176470588235295,0.2619047619047619,0.19999999999999998,69.0,58.0,-0.38235294117647056
50,0.22,500.0,200,42,68,14,0.20588235294117646,0.3333333333333333,0.2545454545454545,75.0,76.35714285714286,-0.38235294117647056
50,0.22,500.0,300,42,68,20,0.29411764705882354,0.47619047619047616,0.3636363636363637,94.0,120.0,-0.38235294117647056
50,0.23,0.0,100,168,68,26,0.38235294117647056,0.15476190476190477,0.22033898305084745,49.0,56.15384615384615,1.4705882352941178
50,0.23,0.0,200,168,68,35,0.5147058823529411,0.20833333333333334,0.2966101694915254,80.0,81.51428571428572,1.4705882352941178
50,0.23,0.0,300,168,68,46,0.6764705882352942,0.27380952380952384,0.38983050847457634,99.0,123.84782608695652,1.4705882352941178
50,0.23,80.0,100,118,68,22,0.3235294117647059,0.1864406779661017,0.23655913978494625,59.0,57.86363636363637,0.7352941176470589
50,0.23,80.0,200,118,68,30,0.4411764705882353,0.2542372881355932,0.3225806451612903,80.0,82.53333333333333,0.7352941176470589
50,0.23,80.0,300,118,68,40,0.5882352941176471,0.3389830508474576,0.43010752688172044,99.0,122.95,0.7352941176470589
50,0.23,90.0,100,118,68,22,0.3235294117647059,0.1864406779661017,0.23655913978494625,59.0,57.86363636363637,0.7352941176470589
50,0.23,90.0,200,118,68,30,0.4411764705882353,0.2542372881355932,0.3225806451612903,80.0,82.53333333333333,0.7352941176470589
50,0.23,90.0,300,118,68,40,0.5882352941176471,0.3389830508474576,0.43010752688172044,99.0,122.95,0.7352941176470589
50,0.23,100.0,100,118,68,22,0.3235294117647059,0.1864406779661017,0.23655913978494625,59.0,57.86363636363637,0.7352941176470589
50,0.23,100.0,200,118,68,30,0.4411764705882353,0.2542372881355932,0.3225806451612903,80.0,82.53333333333333,0.7352941176470589
50,0.23,100.0,300,118,68,40,0.5882352941176471,0.3389830508474576,0.43010752688172044,99.0,122.95,0.7352941176470589
50,0.23,110.0,100,94,68,21,0.3088235294117647,0.22340425531914893,0.2592592592592593,49.0,54.904761904761905,0.38235294117647056
50,0.23,110.0,200,94,68,27,0.39705882352941174,0.2872340425531915,0.3333333333333333,70.0,72.81481481481481,0.38235294117647056
50,0.23,110.0,300,94,68,36,0.5294117647058824,0.3829787234042553,0.4444444444444445,94.0,113.52777777777777,0.38235294117647056
50,0.23,120.0,100,94,68,21,0.3088235294117647,0.22340425531914893,0.2592592592592593,49.0,54.904761904761905,0.38235294117647056
50,0.23,120.0,200,94,68,27,0.39705882352941174,0.2872340425531915,0.3333333333333333,70.0,72.81481481481481,0.38235294117647056
50,0.23,120.0,300,94,68,36,0.5294117647058824,0.3829787234042553,0.4444444444444445,94.0,113.52777777777777,0.38235294117647056
50,0.23,130.0,100,94,68,21,0.3088235294117647,0.22340425531914893,0.2592592592592593,49.0,54.904761904761905,0.38235294117647056
50,0.23,130.0,200,94,68,27,0.39705882352941174,0.2872340425531915,0.3333333333333333,70.0,72.81481481481481,0.38235294117647056
50,0.23,130.0,300,94,68,36,0.5294117647058824,0.3829787234042553,0.4444444444444445,94.0,113.52777777777777,0.38235294117647056
50,0.23,140.0,100,94,68,21,0.3088235294117647,0.22340425531914893,0.2592592592592593,49.0,54.904761904761905,0.38235294117647056
50,0.23,140.0,200,94,68,27,0.39705882352941174,0.2872340425531915,0.3333333333333333,70.0,72.81481481481481,0.38235294117647056
50,0.23,140.0,300,94,68,36,0.5294117647058824,0.3829787234042553,0.4444444444444445,94.0,113.52777777777777,0.38235294117647056
50,0.23,150.0,100,94,68,21,0.3088235294117647,0.22340425531914893,0.2592592592592593,49.0,54.904761904761905,0.38235294117647056
50,0.23,150.0,200,94,68,27,0.39705882352941174,0.2872340425531915,0.3333333333333333,70.0,72.81481481481481,0.38235294117647056
50,0.23,150.0,300,94,68,36,0.5294117647058824,0.3829787234042553,0.4444444444444445,94.0,113.52777777777777,0.38235294117647056
50,0.23,200.0,100,78,68,18,0.2647058823529412,0.23076923076923078,0.24657534246575344,59.0,58.5,0.1470588235294117
50,0.23,200.0,200,78,68,21,0.3088235294117647,0.2692307692307692,0.28767123287671237,70.0,71.0952380952381,0.1470588235294117
50,0.23,200.0,300,78,68,31,0.45588235294117646,0.3974358974358974,0.4246575342465754,97.0,123.6774193548387,0.1470588235294117
50,0.23,300.0,100,60,68,14,0.20588235294117646,0.23333333333333334,0.21874999999999997,69.5,58.357142857142854,-0.11764705882352944
50,0.23,300.0,200,60,68,16,0.23529411764705882,0.26666666666666666,0.25,75.0,71.6875,-0.11764705882352944
50,0.23,300.0,300,60,68,24,0.35294117647058826,0.4,0.37500000000000006,94.0,124.5,-0.11764705882352944
50,0.23,400.0,100,50,68,11,0.16176470588235295,0.22,0.1864406779661017,70.0,60.72727272727273,-0.2647058823529411
50,0.23,400.0,200,50,68,14,0.20588235294117646,0.28,0.23728813559322035,80.0,78.5,-0.2647058823529411
50,0.23,400.0,300,50,68,21,0.3088235294117647,0.42,0.3559322033898305,97.0,127.66666666666667,-0.2647058823529411
50,0.23,500.0,100,42,68,11,0.16176470588235295,0.2619047619047619,0.19999999999999998,69.0,58.0,-0.38235294117647056
50,0.23,500.0,200,42,68,14,0.20588235294117646,0.3333333333333333,0.2545454545454545,75.0,76.35714285714286,-0.38235294117647056
50,0.23,500.0,300,42,68,20,0.29411764705882354,0.47619047619047616,0.3636363636363637,94.0,120.0,-0.38235294117647056
50,0.24,0.0,100,162,68,26,0.38235294117647056,0.16049382716049382,0.2260869565217391,49.0,56.15384615384615,1.3823529411764706
50,0.24,0.0,200,162,68,35,0.5147058823529411,0.21604938271604937,0.3043478260869565,80.0,81.51428571428572,1.3823529411764706
50,0.24,0.0,300,162,68,46,0.6764705882352942,0.2839506172839506,0.4,99.0,123.84782608695652,1.3823529411764706
50,0.24,80.0,100,118,68,22,0.3235294117647059,0.1864406779661017,0.23655913978494625,59.0,57.86363636363637,0.7352941176470589
50,0.24,80.0,200,118,68,30,0.4411764705882353,0.2542372881355932,0.3225806451612903,80.0,82.53333333333333,0.7352941176470589
50,0.24,80.0,300,118,68,40,0.5882352941176471,0.3389830508474576,0.43010752688172044,99.0,122.95,0.7352941176470589
50,0.24,90.0,100,118,68,22,0.3235294117647059,0.1864406779661017,0.23655913978494625,59.0,57.86363636363637,0.7352941176470589
50,0.24,90.0,200,118,68,30,0.4411764705882353,0.2542372881355932,0.3225806451612903,80.0,82.53333333333333,0.7352941176470589
50,0.24,90.0,300,118,68,40,0.5882352941176471,0.3389830508474576,0.43010752688172044,99.0,122.95,0.7352941176470589
50,0.24,100.0,100,118,68,22,0.3235294117647059,0.1864406779661017,0.23655913978494625,59.0,57.86363636363637,0.7352941176470589
50,0.24,100.0,200,118,68,30,0.4411764705882353,0.2542372881355932,0.3225806451612903,80.0,82.53333333333333,0.7352941176470589
50,0.24,100.0,300,118,68,40,0.5882352941176471,0.3389830508474576,0.43010752688172044,99.0,122.95,0.7352941176470589
50,0.24,110.0,100,94,68,21,0.3088235294117647,0.22340425531914893,0.2592592592592593,49.0,54.904761904761905,0.38235294117647056
50,0.24,110.0,200,94,68,27,0.39705882352941174,0.2872340425531915,0.3333333333333333,70.0,72.81481481481481,0.38235294117647056
50,0.24,110.0,300,94,68,36,0.5294117647058824,0.3829787234042553,0.4444444444444445,94.0,113.52777777777777,0.38235294117647056
50,0.24,120.0,100,94,68,21,0.3088235294117647,0.22340425531914893,0.2592592592592593,49.0,54.904761904761905,0.38235294117647056
50,0.24,120.0,200,94,68,27,0.39705882352941174,0.2872340425531915,0.3333333333333333,70.0,72.81481481481481,0.38235294117647056
50,0.24,120.0,300,94,68,36,0.5294117647058824,0.3829787234042553,0.4444444444444445,94.0,113.52777777777777,0.38235294117647056
50,0.24,130.0,100,94,68,21,0.3088235294117647,0.22340425531914893,0.2592592592592593,49.0,54.904761904761905,0.38235294117647056
50,0.24,130.0,200,94,68,27,0.39705882352941174,0.2872340425531915,0.3333333333333333,70.0,72.81481481481481,0.38235294117647056
50,0.24,130.0,300,94,68,36,0.5294117647058824,0.3829787234042553,0.4444444444444445,94.0,113.52777777777777,0.38235294117647056
50,0.24,140.0,100,94,68,21,0.3088235294117647,0.22340425531914893,0.2592592592592593,49.0,54.904761904761905,0.38235294117647056
50,0.24,140.0,200,94,68,27,0.39705882352941174,0.2872340425531915,0.3333333333333333,70.0,72.81481481481481,0.38235294117647056
50,0.24,140.0,300,94,68,36,0.5294117647058824,0.3829787234042553,0.4444444444444445,94.0,113.52777777777777,0.38235294117647056
50,0.24,150.0,100,94,68,21,0.3088235294117647,0.22340425531914893,0.2592592592592593,49.0,54.904761904761905,0.38235294117647056
50,0.24,150.0,200,94,68,27,0.39705882352941174,0.2872340425531915,0.3333333333333333,70.0,72.81481481481481,0.38235294117647056
50,0.24,150.0,300,94,68,36,0.5294117647058824,0.3829787234042553,0.4444444444444445,94.0,113.52777777777777,0.38235294117647056
50,0.24,200.0,100,78,68,18,0.2647058823529412,0.23076923076923078,0.24657534246575344,59.0,58.5,0.1470588235294117
50,0.24,200.0,200,78,68,21,0.3088235294117647,0.2692307692307692,0.28767123287671237,70.0,71.0952380952381,0.1470588235294117
50,0.24,200.0,300,78,68,31,0.45588235294117646,0.3974358974358974,0.4246575342465754,97.0,123.6774193548387,0.1470588235294117
50,0.24,300.0,100,60,68,14,0.20588235294117646,0.23333333333333334,0.21874999999999997,69.5,58.357142857142854,-0.11764705882352944
50,0.24,300.0,200,60,68,16,0.23529411764705882,0.26666666666666666,0.25,75.0,71.6875,-0.11764705882352944
50,0.24,300.0,300,60,68,24,0.35294117647058826,0.4,0.37500000000000006,94.0,124.5,-0.11764705882352944
50,0.24,400.0,100,50,68,11,0.16176470588235295,0.22,0.1864406779661017,70.0,60.72727272727273,-0.2647058823529411
50,0.24,400.0,200,50,68,14,0.20588235294117646,0.28,0.23728813559322035,80.0,78.5,-0.2647058823529411
50,0.24,400.0,300,50,68,21,0.3088235294117647,0.42,0.3559322033898305,97.0,127.66666666666667,-0.2647058823529411
50,0.24,500.0,100,42,68,11,0.16176470588235295,0.2619047619047619,0.19999999999999998,69.0,58.0,-0.38235294117647056
50,0.24,500.0,200,42,68,14,0.20588235294117646,0.3333333333333333,0.2545454545454545,75.0,76.35714285714286,-0.38235294117647056
50,0.24,500.0,300,42,68,20,0.29411764705882354,0.47619047619047616,0.3636363636363637,94.0,120.0,-0.38235294117647056
50,0.25,0.0,100,162,68,26,0.38235294117647056,0.16049382716049382,0.2260869565217391,49.0,56.15384615384615,1.3823529411764706
50,0.25,0.0,200,162,68,35,0.5147058823529411,0.21604938271604937,0.3043478260869565,80.0,81.51428571428572,1.3823529411764706
50,0.25,0.0,300,162,68,46,0.6764705882352942,0.2839506172839506,0.4,99.0,123.84782608695652,1.3823529411764706
50,0.25,80.0,100,118,68,22,0.3235294117647059,0.1864406779661017,0.23655913978494625,59.0,57.86363636363637,0.7352941176470589
50,0.25,80.0,200,118,68,30,0.4411764705882353,0.2542372881355932,0.3225806451612903,80.0,82.53333333333333,0.7352941176470589
50,0.25,80.0,300,118,68,40,0.5882352941176471,0.3389830508474576,0.43010752688172044,99.0,122.95,0.7352941176470589
50,0.25,90.0,100,118,68,22,0.3235294117647059,0.1864406779661017,0.23655913978494625,59.0,57.86363636363637,0.7352941176470589
50,0.25,90.0,200,118,68,30,0.4411764705882353,0.2542372881355932,0.3225806451612903,80.0,82.53333333333333,0.7352941176470589
50,0.25,90.0,300,118,68,40,0.5882352941176471,0.3389830508474576,0.43010752688172044,99.0,122.95,0.7352941176470589
50,0.25,100.0,100,118,68,22,0.3235294117647059,0.1864406779661017,0.23655913978494625,59.0,57.86363636363637,0.7352941176470589
50,0.25,100.0,200,118,68,30,0.4411764705882353,0.2542372881355932,0.3225806451612903,80.0,82.53333333333333,0.7352941176470589
50,0.25,100.0,300,118,68,40,0.5882352941176471,0.3389830508474576,0.43010752688172044,99.0,122.95,0.7352941176470589
50,0.25,110.0,100,94,68,21,0.3088235294117647,0.22340425531914893,0.2592592592592593,49.0,54.904761904761905,0.38235294117647056
50,0.25,110.0,200,94,68,27,0.39705882352941174,0.2872340425531915,0.3333333333333333,70.0,72.81481481481481,0.38235294117647056
50,0.25,110.0,300,94,68,36,0.5294117647058824,0.3829787234042553,0.4444444444444445,94.0,113.52777777777777,0.38235294117647056
50,0.25,120.0,100,94,68,21,0.3088235294117647,0.22340425531914893,0.2592592592592593,49.0,54.904761904761905,0.38235294117647056
50,0.25,120.0,200,94,68,27,0.39705882352941174,0.2872340425531915,0.3333333333333333,70.0,72.81481481481481,0.38235294117647056
50,0.25,120.0,300,94,68,36,0.5294117647058824,0.3829787234042553,0.4444444444444445,94.0,113.52777777777777,0.38235294117647056
50,0.25,130.0,100,94,68,21,0.3088235294117647,0.22340425531914893,0.2592592592592593,49.0,54.904761904761905,0.38235294117647056
50,0.25,130.0,200,94,68,27,0.39705882352941174,0.2872340425531915,0.3333333333333333,70.0,72.81481481481481,0.38235294117647056
50,0.25,130.0,300,94,68,36,0.5294117647058824,0.3829787234042553,0.4444444444444445,94.0,113.52777777777777,0.38235294117647056
50,0.25,140.0,100,94,68,21,0.3088235294117647,0.22340425531914893,0.2592592592592593,49.0,54.904761904761905,0.38235294117647056
50,0.25,140.0,200,94,68,27,0.39705882352941174,0.2872340425531915,0.3333333333333333,70.0,72.81481481481481,0.38235294117647056
50,0.25,140.0,300,94,68,36,0.5294117647058824,0.3829787234042553,0.4444444444444445,94.0,113.52777777777777,0.38235294117647056
50,0.25,150.0,100,94,68,21,0.3088235294117647,0.22340425531914893,0.2592592592592593,49.0,54.904761904761905,0.38235294117647056
50,0.25,150.0,200,94,68,27,0.39705882352941174,0.2872340425531915,0.3333333333333333,70.0,72.81481481481481,0.38235294117647056
50,0.25,150.0,300,94,68,36,0.5294117647058824,0.3829787234042553,0.4444444444444445,94.0,113.52777777777777,0.38235294117647056
50,0.25,200.0,100,78,68,18,0.2647058823529412,0.23076923076923078,0.24657534246575344,59.0,58.5,0.1470588235294117
50,0.25,200.0,200,78,68,21,0.3088235294117647,0.2692307692307692,0.28767123287671237,70.0,71.0952380952381,0.1470588235294117
50,0.25,200.0,300,78,68,31,0.45588235294117646,0.3974358974358974,0.4246575342465754,97.0,123.6774193548387,0.1470588235294117
50,0.25,300.0,100,60,68,14,0.20588235294117646,0.23333333333333334,0.21874999999999997,69.5,58.357142857142854,-0.11764705882352944
50,0.25,300.0,200,60,68,16,0.23529411764705882,0.26666666666666666,0.25,75.0,71.6875,-0.11764705882352944
50,0.25,300.0,300,60,68,24,0.35294117647058826,0.4,0.37500000000000006,94.0,124.5,-0.11764705882352944
50,0.25,400.0,100,50,68,11,0.16176470588235295,0.22,0.1864406779661017,70.0,60.72727272727273,-0.2647058823529411
50,0.25,400.0,200,50,68,14,0.20588235294117646,0.28,0.23728813559322035,80.0,78.5,-0.2647058823529411
50,0.25,400.0,300,50,68,21,0.3088235294117647,0.42,0.3559322033898305,97.0,127.66666666666667,-0.2647058823529411
50,0.25,500.0,100,42,68,11,0.16176470588235295,0.2619047619047619,0.19999999999999998,69.0,58.0,-0.38235294117647056
50,0.25,500.0,200,42,68,14,0.20588235294117646,0.3333333333333333,0.2545454545454545,75.0,76.35714285714286,-0.38235294117647056
50,0.25,500.0,300,42,68,20,0.29411764705882354,0.47619047619047616,0.3636363636363637,94.0,120.0,-0.38235294117647056
50,0.26,0.0,100,160,68,26,0.38235294117647056,0.1625,0.2280701754385965,49.0,56.15384615384615,1.3529411764705883
50,0.26,0.0,200,160,68,36,0.5294117647058824,0.225,0.31578947368421056,80.0,82.05555555555556,1.3529411764705883
50,0.26,0.0,300,160,68,46,0.6764705882352942,0.2875,0.40350877192982454,99.0,120.58695652173913,1.3529411764705883
50,0.26,80.0,100,118,68,22,0.3235294117647059,0.1864406779661017,0.23655913978494625,59.0,57.86363636363637,0.7352941176470589
50,0.26,80.0,200,118,68,31,0.45588235294117646,0.2627118644067797,0.33333333333333337,80.0,83.12903225806451,0.7352941176470589
50,0.26,80.0,300,118,68,40,0.5882352941176471,0.3389830508474576,0.43010752688172044,99.0,119.2,0.7352941176470589
50,0.26,90.0,100,118,68,22,0.3235294117647059,0.1864406779661017,0.23655913978494625,59.0,57.86363636363637,0.7352941176470589
50,0.26,90.0,200,118,68,31,0.45588235294117646,0.2627118644067797,0.33333333333333337,80.0,83.12903225806451,0.7352941176470589
50,0.26,90.0,300,118,68,40,0.5882352941176471,0.3389830508474576,0.43010752688172044,99.0,119.2,0.7352941176470589
50,0.26,100.0,100,118,68,22,0.3235294117647059,0.1864406779661017,0.23655913978494625,59.0,57.86363636363637,0.7352941176470589
50,0.26,100.0,200,118,68,31,0.45588235294117646,0.2627118644067797,0.33333333333333337,80.0,83.12903225806451,0.7352941176470589
50,0.26,100.0,300,118,68,40,0.5882352941176471,0.3389830508474576,0.43010752688172044,99.0,119.2,0.7352941176470589
50,0.26,110.0,100,94,68,21,0.3088235294117647,0.22340425531914893,0.2592592592592593,49.0,54.904761904761905,0.38235294117647056
50,0.26,110.0,200,94,68,27,0.39705882352941174,0.2872340425531915,0.3333333333333333,70.0,72.81481481481481,0.38235294117647056
50,0.26,110.0,300,94,68,36,0.5294117647058824,0.3829787234042553,0.4444444444444445,94.0,113.52777777777777,0.38235294117647056
50,0.26,120.0,100,94,68,21,0.3088235294117647,0.22340425531914893,0.2592592592592593,49.0,54.904761904761905,0.38235294117647056
50,0.26,120.0,200,94,68,27,0.39705882352941174,0.2872340425531915,0.3333333333333333,70.0,72.81481481481481,0.38235294117647056
50,0.26,120.0,300,94,68,36,0.5294117647058824,0.3829787234042553,0.4444444444444445,94.0,113.52777777777777,0.38235294117647056
50,0.26,130.0,100,94,68,21,0.3088235294117647,0.22340425531914893,0.2592592592592593,49.0,54.904761904761905,0.38235294117647056
50,0.26,130.0,200,94,68,27,0.39705882352941174,0.2872340425531915,0.3333333333333333,70.0,72.81481481481481,0.38235294117647056
50,0.26,130.0,300,94,68,36,0.5294117647058824,0.3829787234042553,0.4444444444444445,94.0,113.52777777777777,0.38235294117647056
50,0.26,140.0,100,94,68,21,0.3088235294117647,0.22340425531914893,0.2592592592592593,49.0,54.904761904761905,0.38235294117647056
50,0.26,140.0,200,94,68,27,0.39705882352941174,0.2872340425531915,0.3333333333333333,70.0,72.81481481481481,0.38235294117647056
50,0.26,140.0,300,94,68,36,0.5294117647058824,0.3829787234042553,0.4444444444444445,94.0,113.52777777777777,0.38235294117647056
50,0.26,150.0,100,94,68,21,0.3088235294117647,0.22340425531914893,0.2592592592592593,49.0,54.904761904761905,0.38235294117647056
50,0.26,150.0,200,94,68,27,0.39705882352941174,0.2872340425531915,0.3333333333333333,70.0,72.81481481481481,0.38235294117647056
50,0.26,150.0,300,94,68,36,0.5294117647058824,0.3829787234042553,0.4444444444444445,94.0,113.52777777777777,0.38235294117647056
50,0.26,200.0,100,78,68,18,0.2647058823529412,0.23076923076923078,0.24657534246575344,59.0,58.5,0.1470588235294117
50,0.26,200.0,200,78,68,21,0.3088235294117647,0.2692307692307692,0.28767123287671237,70.0,71.0952380952381,0.1470588235294117
50,0.26,200.0,300,78,68,31,0.45588235294117646,0.3974358974358974,0.4246575342465754,97.0,123.6774193548387,0.1470588235294117
50,0.26,300.0,100,60,68,14,0.20588235294117646,0.23333333333333334,0.21874999999999997,69.5,58.357142857142854,-0.11764705882352944
50,0.26,300.0,200,60,68,16,0.23529411764705882,0.26666666666666666,0.25,75.0,71.6875,-0.11764705882352944
50,0.26,300.0,300,60,68,24,0.35294117647058826,0.4,0.37500000000000006,94.0,124.5,-0.11764705882352944
50,0.26,400.0,100,50,68,11,0.16176470588235295,0.22,0.1864406779661017,70.0,60.72727272727273,-0.2647058823529411
50,0.26,400.0,200,50,68,14,0.20588235294117646,0.28,0.23728813559322035,80.0,78.5,-0.2647058823529411
50,0.26,400.0,300,50,68,21,0.3088235294117647,0.42,0.3559322033898305,97.0,127.66666666666667,-0.2647058823529411
50,0.26,500.0,100,42,68,11,0.16176470588235295,0.2619047619047619,0.19999999999999998,69.0,58.0,-0.38235294117647056
50,0.26,500.0,200,42,68,14,0.20588235294117646,0.3333333333333333,0.2545454545454545,75.0,76.35714285714286,-0.38235294117647056
50,0.26,500.0,300,42,68,20,0.29411764705882354,0.47619047619047616,0.3636363636363637,94.0,120.0,-0.38235294117647056
50,0.27,0.0,100,154,68,25,0.36764705882352944,0.16233766233766234,0.22522522522522523,49.0,56.44,1.2647058823529411
50,0.27,0.0,200,154,68,34,0.5,0.22077922077922077,0.3063063063063063,80.0,79.23529411764706,1.2647058823529411
50,0.27,0.0,300,154,68,44,0.6470588235294118,0.2857142857142857,0.3963963963963964,99.0,120.1590909090909,1.2647058823529411
50,0.27,80.0,100,116,68,20,0.29411764705882354,0.1724137931034483,0.2173913043478261,59.0,57.65,0.7058823529411764
50,0.27,80.0,200,116,68,29,0.4264705882352941,0.25,0.3152173913043478,89.0,84.0,0.7058823529411764
50,0.27,80.0,300,116,68,38,0.5588235294117647,0.3275862068965517,0.4130434782608695,100.0,121.76315789473684,0.7058823529411764
50,0.27,90.0,100,116,68,20,0.29411764705882354,0.1724137931034483,0.2173913043478261,59.0,57.65,0.7058823529411764
50,0.27,90.0,200,116,68,29,0.4264705882352941,0.25,0.3152173913043478,89.0,84.0,0.7058823529411764
50,0.27,90.0,300,116,68,38,0.5588235294117647,0.3275862068965517,0.4130434782608695,100.0,121.76315789473684,0.7058823529411764
50,0.27,100.0,100,116,68,20,0.29411764705882354,0.1724137931034483,0.2173913043478261,59.0,57.65,0.7058823529411764
50,0.27,100.0,200,116,68,29,0.4264705882352941,0.25,0.3152173913043478,89.0,84.0,0.7058823529411764
50,0.27,100.0,300,116,68,38,0.5588235294117647,0.3275862068965517,0.4130434782608695,100.0,121.76315789473684,0.7058823529411764
50,0.27,110.0,100,92,68,19,0.27941176470588236,0.20652173913043478,0.2375,49.0,56.0,0.3529411764705883
50,0.27,110.0,200,92,68,25,0.36764705882352944,0.2717391304347826,0.3125,80.0,74.24,0.3529411764705883
50,0.27,110.0,300,92,68,34,0.5,0.3695652173913043,0.425,98.0,116.97058823529412,0.3529411764705883
50,0.27,120.0,100,92,68,19,0.27941176470588236,0.20652173913043478,0.2375,49.0,56.0,0.3529411764705883
50,0.27,120.0,200,92,68,25,0.36764705882352944,0.2717391304347826,0.3125,80.0,74.24,0.3529411764705883
50,0.27,120.0,300,92,68,34,0.5,0.3695652173913043,0.425,98.0,116.97058823529412,0.3529411764705883
50,0.27,130.0,100,92,68,19,0.27941176470588236,0.20652173913043478,0.2375,49.0,56.0,0.3529411764705883
50,0.27,130.0,200,92,68,25,0.36764705882352944,0.2717391304347826,0.3125,80.0,74.24,0.3529411764705883
50,0.27,130.0,300,92,68,34,0.5,0.3695652173913043,0.425,98.0,116.97058823529412,0.3529411764705883
50,0.27,140.0,100,92,68,19,0.27941176470588236,0.20652173913043478,0.2375,49.0,56.0,0.3529411764705883
50,0.27,140.0,200,92,68,25,0.36764705882352944,0.2717391304347826,0.3125,80.0,74.24,0.3529411764705883
50,0.27,140.0,300,92,68,34,0.5,0.3695652173913043,0.425,98.0,116.97058823529412,0.3529411764705883
50,0.27,150.0,100,92,68,19,0.27941176470588236,0.20652173913043478,0.2375,49.0,56.0,0.3529411764705883
50,0.27,150.0,200,92,68,25,0.36764705882352944,0.2717391304347826,0.3125,80.0,74.24,0.3529411764705883
50,0.27,150.0,300,92,68,34,0.5,0.3695652173913043,0.425,98.0,116.97058823529412,0.3529411764705883
50,0.27,200.0,100,78,68,18,0.2647058823529412,0.23076923076923078,0.24657534246575344,59.0,58.5,0.1470588235294117
50,0.27,200.0,200,78,68,21,0.3088235294117647,0.2692307692307692,0.28767123287671237,70.0,71.0952380952381,0.1470588235294117
50,0.27,200.0,300,78,68,31,0.45588235294117646,0.3974358974358974,0.4246575342465754,97.0,123.6774193548387,0.1470588235294117
50,0.27,300.0,100,60,68,14,0.20588235294117646,0.23333333333333334,0.21874999999999997,69.5,58.357142857142854,-0.11764705882352944
50,0.27,300.0,200,60,68,16,0.23529411764705882,0.26666666666666666,0.25,75.0,71.6875,-0.11764705882352944
50,0.27,300.0,300,60,68,24,0.35294117647058826,0.4,0.37500000000000006,94.0,124.5,-0.11764705882352944
50,0.27,400.0,100,50,68,11,0.16176470588235295,0.22,0.1864406779661017,70.0,60.72727272727273,-0.2647058823529411
50,0.27,400.0,200,50,68,14,0.20588235294117646,0.28,0.23728813559322035,80.0,78.5,-0.2647058823529411
50,0.27,400.0,300,50,68,21,0.3088235294117647,0.42,0.3559322033898305,97.0,127.66666666666667,-0.2647058823529411
50,0.27,500.0,100,42,68,11,0.16176470588235295,0.2619047619047619,0.19999999999999998,69.0,58.0,-0.38235294117647056
50,0.27,500.0,200,42,68,14,0.20588235294117646,0.3333333333333333,0.2545454545454545,75.0,76.35714285714286,-0.38235294117647056
50,0.27,500.0,300,42,68,20,0.29411764705882354,0.47619047619047616,0.3636363636363637,94.0,120.0,-0.38235294117647056
50,0.28,0.0,100,152,68,25,0.36764705882352944,0.16447368421052633,0.2272727272727273,49.0,56.44,1.2352941176470589
50,0.28,0.0,200,152,68,34,0.5,0.2236842105263158,0.3090909090909091,80.0,79.23529411764706,1.2352941176470589
50,0.28,0.0,300,152,68,44,0.6470588235294118,0.2894736842105263,0.4,99.0,120.1590909090909,1.2352941176470589
50,0.28,80.0,100,112,68,20,0.29411764705882354,0.17857142857142858,0.22222222222222224,59.0,57.65,0.6470588235294117
50,0.28,80.0,200,112,68,29,0.4264705882352941,0.25892857142857145,0.32222222222222224,89.0,84.0,0.6470588235294117
50,0.28,80.0,300,112,68,38,0.5588235294117647,0.3392857142857143,0.4222222222222223,100.0,121.76315789473684,0.6470588235294117
50,0.28,90.0,100,112,68,20,0.29411764705882354,0.17857142857142858,0.22222222222222224,59.0,57.65,0.6470588235294117
50,0.28,90.0,200,112,68,29,0.4264705882352941,0.25892857142857145,0.32222222222222224,89.0,84.0,0.6470588235294117
50,0.28,90.0,300,112,68,38,0.5588235294117647,0.3392857142857143,0.4222222222222223,100.0,121.76315789473684,0.6470588235294117
50,0.28,100.0,100,112,68,20,0.29411764705882354,0.17857142857142858,0.22222222222222224,59.0,57.65,0.6470588235294117
50,0.28,100.0,200,112,68,29,0.4264705882352941,0.25892857142857145,0.32222222222222224,89.0,84.0,0.6470588235294117
50,0.28,100.0,300,112,68,38,0.5588235294117647,0.3392857142857143,0.4222222222222223,100.0,121.76315789473684,0.6470588235294117
50,0.28,110.0,100,90,68,19,0.27941176470588236,0.2111111111111111,0.24050632911392403,49.0,56.0,0.32352941176470584
50,0.28,110.0,200,90,68,25,0.36764705882352944,0.2777777777777778,0.31645569620253167,80.0,74.24,0.32352941176470584
50,0.28,110.0,300,90,68,34,0.5,0.37777777777777777,0.43037974683544306,98.0,116.97058823529412,0.32352941176470584
50,0.28,120.0,100,90,68,19,0.27941176470588236,0.2111111111111111,0.24050632911392403,49.0,56.0,0.32352941176470584
50,0.28,120.0,200,90,68,25,0.36764705882352944,0.2777777777777778,0.31645569620253167,80.0,74.24,0.32352941176470584
50,0.28,120.0,300,90,68,34,0.5,0.37777777777777777,0.43037974683544306,98.0,116.97058823529412,0.32352941176470584
50,0.28,130.0,100,90,68,19,0.27941176470588236,0.2111111111111111,0.24050632911392403,49.0,56.0,0.32352941176470584
50,0.28,130.0,200,90,68,25,0.36764705882352944,0.2777777777777778,0.31645569620253167,80.0,74.24,0.32352941176470584
50,0.28,130.0,300,90,68,34,0.5,0.37777777777777777,0.43037974683544306,98.0,116.97058823529412,0.32352941176470584
50,0.28,140.0,100,90,68,19,0.27941176470588236,0.2111111111111111,0.24050632911392403,49.0,56.0,0.32352941176470584
50,0.28,140.0,200,90,68,25,0.36764705882352944,0.2777777777777778,0.31645569620253167,80.0,74.24,0.32352941176470584
50,0.28,140.0,300,90,68,34,0.5,0.37777777777777777,0.43037974683544306,98.0,116.97058823529412,0.32352941176470584
50,0.28,150.0,100,90,68,19,0.27941176470588236,0.2111111111111111,0.24050632911392403,49.0,56.0,0.32352941176470584
50,0.28,150.0,200,90,68,25,0.36764705882352944,0.2777777777777778,0.31645569620253167,80.0,74.24,0.32352941176470584
50,0.28,150.0,300,90,68,34,0.5,0.37777777777777777,0.43037974683544306,98.0,116.97058823529412,0.32352941176470584
50,0.28,200.0,100,76,68,18,0.2647058823529412,0.23684210526315788,0.25,59.0,58.5,0.11764705882352944
50,0.28,200.0,200,76,68,21,0.3088235294117647,0.27631578947368424,0.2916666666666667,70.0,71.0952380952381,0.11764705882352944
50,0.28,200.0,300,76,68,31,0.45588235294117646,0.40789473684210525,0.4305555555555555,97.0,123.6774193548387,0.11764705882352944
50,0.28,300.0,100,60,68,14,0.20588235294117646,0.23333333333333334,0.21874999999999997,69.5,58.357142857142854,-0.11764705882352944
50,0.28,300.0,200,60,68,16,0.23529411764705882,0.26666666666666666,0.25,75.0,71.6875,-0.11764705882352944
50,0.28,300.0,300,60,68,24,0.35294117647058826,0.4,0.37500000000000006,94.0,124.5,-0.11764705882352944
50,0.28,400.0,100,50,68,11,0.16176470588235295,0.22,0.1864406779661017,70.0,60.72727272727273,-0.2647058823529411
50,0.28,400.0,200,50,68,14,0.20588235294117646,0.28,0.23728813559322035,80.0,78.5,-0.2647058823529411
50,0.28,400.0,300,50,68,21,0.3088235294117647,0.42,0.3559322033898305,97.0,127.66666666666667,-0.2647058823529411
50,0.28,500.0,100,42,68,11,0.16176470588235295,0.2619047619047619,0.19999999999999998,69.0,58.0,-0.38235294117647056
50,0.28,500.0,200,42,68,14,0.20588235294117646,0.3333333333333333,0.2545454545454545,75.0,76.35714285714286,-0.38235294117647056
50,0.28,500.0,300,42,68,20,0.29411764705882354,0.47619047619047616,0.3636363636363637,94.0,120.0,-0.38235294117647056
50,0.29,0.0,100,152,68,25,0.36764705882352944,0.16447368421052633,0.2272727272727273,49.0,56.44,1.2352941176470589
50,0.29,0.0,200,152,68,34,0.5,0.2236842105263158,0.3090909090909091,80.0,79.23529411764706,1.2352941176470589
50,0.29,0.0,300,152,68,44,0.6470588235294118,0.2894736842105263,0.4,99.0,120.1590909090909,1.2352941176470589
50,0.29,80.0,100,112,68,20,0.29411764705882354,0.17857142857142858,0.22222222222222224,59.0,57.65,0.6470588235294117
50,0.29,80.0,200,112,68,29,0.4264705882352941,0.25892857142857145,0.32222222222222224,89.0,84.0,0.6470588235294117
50,0.29,80.0,300,112,68,38,0.5588235294117647,0.3392857142857143,0.4222222222222223,100.0,121.76315789473684,0.6470588235294117
50,0.29,90.0,100,112,68,20,0.29411764705882354,0.17857142857142858,0.22222222222222224,59.0,57.65,0.6470588235294117
50,0.29,90.0,200,112,68,29,0.4264705882352941,0.25892857142857145,0.32222222222222224,89.0,84.0,0.6470588235294117
50,0.29,90.0,300,112,68,38,0.5588235294117647,0.3392857142857143,0.4222222222222223,100.0,121.76315789473684,0.6470588235294117
50,0.29,100.0,100,112,68,20,0.29411764705882354,0.17857142857142858,0.22222222222222224,59.0,57.65,0.6470588235294117
50,0.29,100.0,200,112,68,29,0.4264705882352941,0.25892857142857145,0.32222222222222224,89.0,84.0,0.6470588235294117
50,0.29,100.0,300,112,68,38,0.5588235294117647,0.3392857142857143,0.4222222222222223,100.0,121.76315789473684,0.6470588235294117
50,0.29,110.0,100,90,68,19,0.27941176470588236,0.2111111111111111,0.24050632911392403,49.0,56.0,0.32352941176470584
50,0.29,110.0,200,90,68,25,0.36764705882352944,0.2777777777777778,0.31645569620253167,80.0,74.24,0.32352941176470584
50,0.29,110.0,300,90,68,34,0.5,0.37777777777777777,0.43037974683544306,98.0,116.97058823529412,0.32352941176470584
50,0.29,120.0,100,90,68,19,0.27941176470588236,0.2111111111111111,0.24050632911392403,49.0,56.0,0.32352941176470584
50,0.29,120.0,200,90,68,25,0.36764705882352944,0.2777777777777778,0.31645569620253167,80.0,74.24,0.32352941176470584
50,0.29,120.0,300,90,68,34,0.5,0.37777777777777777,0.43037974683544306,98.0,116.97058823529412,0.32352941176470584
50,0.29,130.0,100,90,68,19,0.27941176470588236,0.2111111111111111,0.24050632911392403,49.0,56.0,0.32352941176470584
50,0.29,130.0,200,90,68,25,0.36764705882352944,0.2777777777777778,0.31645569620253167,80.0,74.24,0.32352941176470584
50,0.29,130.0,300,90,68,34,0.5,0.37777777777777777,0.43037974683544306,98.0,116.97058823529412,0.32352941176470584
50,0.29,140.0,100,90,68,19,0.27941176470588236,0.2111111111111111,0.24050632911392403,49.0,56.0,0.32352941176470584
50,0.29,140.0,200,90,68,25,0.36764705882352944,0.2777777777777778,0.31645569620253167,80.0,74.24,0.32352941176470584
50,0.29,140.0,300,90,68,34,0.5,0.37777777777777777,0.43037974683544306,98.0,116.97058823529412,0.32352941176470584
50,0.29,150.0,100,90,68,19,0.27941176470588236,0.2111111111111111,0.24050632911392403,49.0,56.0,0.32352941176470584
50,0.29,150.0,200,90,68,25,0.36764705882352944,0.2777777777777778,0.31645569620253167,80.0,74.24,0.32352941176470584
50,0.29,150.0,300,90,68,34,0.5,0.37777777777777777,0.43037974683544306,98.0,116.97058823529412,0.32352941176470584
50,0.29,200.0,100,76,68,18,0.2647058823529412,0.23684210526315788,0.25,59.0,58.5,0.11764705882352944
50,0.29,200.0,200,76,68,21,0.3088235294117647,0.27631578947368424,0.2916666666666667,70.0,71.0952380952381,0.11764705882352944
50,0.29,200.0,300,76,68,31,0.45588235294117646,0.40789473684210525,0.4305555555555555,97.0,123.6774193548387,0.11764705882352944
50,0.29,300.0,100,60,68,14,0.20588235294117646,0.23333333333333334,0.21874999999999997,69.5,58.357142857142854,-0.11764705882352944
50,0.29,300.0,200,60,68,16,0.23529411764705882,0.26666666666666666,0.25,75.0,71.6875,-0.11764705882352944
50,0.29,300.0,300,60,68,24,0.35294117647058826,0.4,0.37500000000000006,94.0,124.5,-0.11764705882352944
50,0.29,400.0,100,50,68,11,0.16176470588235295,0.22,0.1864406779661017,70.0,60.72727272727273,-0.2647058823529411
50,0.29,400.0,200,50,68,14,0.20588235294117646,0.28,0.23728813559322035,80.0,78.5,-0.2647058823529411
50,0.29,400.0,300,50,68,21,0.3088235294117647,0.42,0.3559322033898305,97.0,127.66666666666667,-0.2647058823529411
50,0.29,500.0,100,42,68,11,0.16176470588235295,0.2619047619047619,0.19999999999999998,69.0,58.0,-0.38235294117647056
50,0.29,500.0,200,42,68,14,0.20588235294117646,0.3333333333333333,0.2545454545454545,75.0,76.35714285714286,-0.38235294117647056
50,0.29,500.0,300,42,68,20,0.29411764705882354,0.47619047619047616,0.3636363636363637,94.0,120.0,-0.38235294117647056
50,0.3,0.0,100,150,68,25,0.36764705882352944,0.16666666666666666,0.22935779816513763,49.0,56.44,1.2058823529411766
50,0.3,0.0,200,150,68,34,0.5,0.22666666666666666,0.3119266055045871,80.0,79.23529411764706,1.2058823529411766
50,0.3,0.0,300,150,68,44,0.6470588235294118,0.29333333333333333,0.4036697247706422,99.0,120.1590909090909,1.2058823529411766
50,0.3,80.0,100,112,68,20,0.29411764705882354,0.17857142857142858,0.22222222222222224,59.0,57.65,0.6470588235294117
50,0.3,80.0,200,112,68,29,0.4264705882352941,0.25892857142857145,0.32222222222222224,89.0,84.0,0.6470588235294117
50,0.3,80.0,300,112,68,38,0.5588235294117647,0.3392857142857143,0.4222222222222223,100.0,121.76315789473684,0.6470588235294117
50,0.3,90.0,100,112,68,20,0.29411764705882354,0.17857142857142858,0.22222222222222224,59.0,57.65,0.6470588235294117
50,0.3,90.0,200,112,68,29,0.4264705882352941,0.25892857142857145,0.32222222222222224,89.0,84.0,0.6470588235294117
50,0.3,90.0,300,112,68,38,0.5588235294117647,0.3392857142857143,0.4222222222222223,100.0,121.76315789473684,0.6470588235294117
50,0.3,100.0,100,112,68,20,0.29411764705882354,0.17857142857142858,0.22222222222222224,59.0,57.65,0.6470588235294117
50,0.3,100.0,200,112,68,29,0.4264705882352941,0.25892857142857145,0.32222222222222224,89.0,84.0,0.6470588235294117
50,0.3,100.0,300,112,68,38,0.5588235294117647,0.3392857142857143,0.4222222222222223,100.0,121.76315789473684,0.6470588235294117
50,0.3,110.0,100,90,68,19,0.27941176470588236,0.2111111111111111,0.24050632911392403,49.0,56.0,0.32352941176470584
50,0.3,110.0,200,90,68,25,0.36764705882352944,0.2777777777777778,0.31645569620253167,80.0,74.24,0.32352941176470584
50,0.3,110.0,300,90,68,34,0.5,0.37777777777777777,0.43037974683544306,98.0,116.97058823529412,0.32352941176470584
50,0.3,120.0,100,90,68,19,0.27941176470588236,0.2111111111111111,0.24050632911392403,49.0,56.0,0.32352941176470584
50,0.3,120.0,200,90,68,25,0.36764705882352944,0.2777777777777778,0.31645569620253167,80.0,74.24,0.32352941176470584
50,0.3,120.0,300,90,68,34,0.5,0.37777777777777777,0.43037974683544306,98.0,116.97058823529412,0.32352941176470584
50,0.3,130.0,100,90,68,19,0.27941176470588236,0.2111111111111111,0.24050632911392403,49.0,56.0,0.32352941176470584
50,0.3,130.0,200,90,68,25,0.36764705882352944,0.2777777777777778,0.31645569620253167,80.0,74.24,0.32352941176470584
50,0.3,130.0,300,90,68,34,0.5,0.37777777777777777,0.43037974683544306,98.0,116.97058823529412,0.32352941176470584
50,0.3,140.0,100,90,68,19,0.27941176470588236,0.2111111111111111,0.24050632911392403,49.0,56.0,0.32352941176470584
50,0.3,140.0,200,90,68,25,0.36764705882352944,0.2777777777777778,0.31645569620253167,80.0,74.24,0.32352941176470584
50,0.3,140.0,300,90,68,34,0.5,0.37777777777777777,0.43037974683544306,98.0,116.97058823529412,0.32352941176470584
50,0.3,150.0,100,90,68,19,0.27941176470588236,0.2111111111111111,0.24050632911392403,49.0,56.0,0.32352941176470584
50,0.3,150.0,200,90,68,25,0.36764705882352944,0.2777777777777778,0.31645569620253167,80.0,74.24,0.32352941176470584
50,0.3,150.0,300,90,68,34,0.5,0.37777777777777777,0.43037974683544306,98.0,116.97058823529412,0.32352941176470584
50,0.3,200.0,100,76,68,18,0.2647058823529412,0.23684210526315788,0.25,59.0,58.5,0.11764705882352944
50,0.3,200.0,200,76,68,21,0.3088235294117647,0.27631578947368424,0.2916666666666667,70.0,71.0952380952381,0.11764705882352944
50,0.3,200.0,300,76,68,31,0.45588235294117646,0.40789473684210525,0.4305555555555555,97.0,123.6774193548387,0.11764705882352944
50,0.3,300.0,100,60,68,14,0.20588235294117646,0.23333333333333334,0.21874999999999997,69.5,58.357142857142854,-0.11764705882352944
50,0.3,300.0,200,60,68,16,0.23529411764705882,0.26666666666666666,0.25,75.0,71.6875,-0.11764705882352944
50,0.3,300.0,300,60,68,24,0.35294117647058826,0.4,0.37500000000000006,94.0,124.5,-0.11764705882352944
50,0.3,400.0,100,50,68,11,0.16176470588235295,0.22,0.1864406779661017,70.0,60.72727272727273,-0.2647058823529411
50,0.3,400.0,200,50,68,14,0.20588235294117646,0.28,0.23728813559322035,80.0,78.5,-0.2647058823529411
50,0.3,400.0,300,50,68,21,0.3088235294117647,0.42,0.3559322033898305,97.0,127.66666666666667,-0.2647058823529411
50,0.3,500.0,100,42,68,11,0.16176470588235295,0.2619047619047619,0.19999999999999998,69.0,58.0,-0.38235294117647056
50,0.3,500.0,200,42,68,14,0.20588235294117646,0.3333333333333333,0.2545454545454545,75.0,76.35714285714286,-0.38235294117647056
50,0.3,500.0,300,42,68,20,0.29411764705882354,0.47619047619047616,0.3636363636363637,94.0,120.0,-0.38235294117647056
50,0.5,0.0,100,96,68,20,0.29411764705882354,0.20833333333333334,0.24390243902439027,49.0,56.6,0.41176470588235303
50,0.5,0.0,200,96,68,27,0.39705882352941174,0.28125,0.32926829268292684,80.0,76.85185185185185,0.41176470588235303
50,0.5,0.0,300,96,68,37,0.5441176470588235,0.3854166666666667,0.451219512195122,99.0,124.83783783783784,0.41176470588235303
50,0.5,80.0,100,84,68,18,0.2647058823529412,0.21428571428571427,0.2368421052631579,59.0,59.05555555555556,0.23529411764705888
50,0.5,80.0,200,84,68,25,0.36764705882352944,0.2976190476190476,0.32894736842105265,80.0,80.24,0.23529411764705888
50,0.5,80.0,300,84,68,35,0.5147058823529411,0.4166666666666667,0.4605263157894737,101.0,130.0,0.23529411764705888
50,0.5,90.0,100,84,68,18,0.2647058823529412,0.21428571428571427,0.2368421052631579,59.0,59.05555555555556,0.23529411764705888
50,0.5,90.0,200,84,68,25,0.36764705882352944,0.2976190476190476,0.32894736842105265,80.0,80.24,0.23529411764705888
50,0.5,90.0,300,84,68,35,0.5147058823529411,0.4166666666666667,0.4605263157894737,101.0,130.0,0.23529411764705888
50,0.5,100.0,100,84,68,18,0.2647058823529412,0.21428571428571427,0.2368421052631579,59.0,59.05555555555556,0.23529411764705888
50,0.5,100.0,200,84,68,25,0.36764705882352944,0.2976190476190476,0.32894736842105265,80.0,80.24,0.23529411764705888
50,0.5,100.0,300,84,68,35,0.5147058823529411,0.4166666666666667,0.4605263157894737,101.0,130.0,0.23529411764705888
50,0.5,110.0,100,78,68,19,0.27941176470588236,0.24358974358974358,0.2602739726027397,49.0,56.0,0.1470588235294117
50,0.5,110.0,200,78,68,25,0.36764705882352944,0.32051282051282054,0.34246575342465757,80.0,74.24,0.1470588235294117
50,0.5,110.0,300,78,68,35,0.5147058823529411,0.44871794871794873,0.4794520547945206,99.0,125.71428571428571,0.1470588235294117
50,0.5,120.0,100,78,68,19,0.27941176470588236,0.24358974358974358,0.2602739726027397,49.0,56.0,0.1470588235294117
50,0.5,120.0,200,78,68,25,0.36764705882352944,0.32051282051282054,0.34246575342465757,80.0,74.24,0.1470588235294117
50,0.5,120.0,300,78,68,35,0.5147058823529411,0.44871794871794873,0.4794520547945206,99.0,125.71428571428571,0.1470588235294117
50,0.5,130.0,100,78,68,19,0.27941176470588236,0.24358974358974358,0.2602739726027397,49.0,56.0,0.1470588235294117
50,0.5,130.0,200,78,68,25,0.36764705882352944,0.32051282051282054,0.34246575342465757,80.0,74.24,0.1470588235294117
50,0.5,130.0,300,78,68,35,0.5147058823529411,0.44871794871794873,0.4794520547945206,99.0,125.71428571428571,0.1470588235294117
50,0.5,140.0,100,78,68,19,0.27941176470588236,0.24358974358974358,0.2602739726027397,49.0,56.0,0.1470588235294117
50,0.5,140.0,200,78,68,25,0.36764705882352944,0.32051282051282054,0.34246575342465757,80.0,74.24,0.1470588235294117
50,0.5,140.0,300,78,68,35,0.5147058823529411,0.44871794871794873,0.4794520547945206,99.0,125.71428571428571,0.1470588235294117
50,0.5,150.0,100,78,68,19,0.27941176470588236,0.24358974358974358,0.2602739726027397,49.0,56.0,0.1470588235294117
50,0.5,150.0,200,78,68,25,0.36764705882352944,0.32051282051282054,0.34246575342465757,80.0,74.24,0.1470588235294117
50,0.5,150.0,300,78,68,35,0.5147058823529411,0.44871794871794873,0.4794520547945206,99.0,125.71428571428571,0.1470588235294117
50,0.5,200.0,100,70,68,18,0.2647058823529412,0.2571428571428571,0.2608695652173913,59.0,58.5,0.02941176470588225
50,0.5,200.0,200,70,68,21,0.3088235294117647,0.3,0.3043478260869565,70.0,71.0952380952381,0.02941176470588225
50,0.5,200.0,300,70,68,32,0.47058823529411764,0.45714285714285713,0.46376811594202894,99.0,133.03125,0.02941176470588225
50,0.5,300.0,100,58,68,14,0.20588235294117646,0.2413793103448276,0.22222222222222224,69.5,58.357142857142854,-0.1470588235294118
50,0.5,300.0,200,58,68,16,0.23529411764705882,0.27586206896551724,0.253968253968254,75.0,71.6875,-0.1470588235294118
50,0.5,300.0,300,58,68,25,0.36764705882352944,0.43103448275862066,0.39682539682539686,97.0,129.16,-0.1470588235294118
50,0.5,400.0,100,48,68,11,0.16176470588235295,0.22916666666666666,0.1896551724137931,70.0,60.72727272727273,-0.2941176470588235
50,0.5,400.0,200,48,68,14,0.20588235294117646,0.2916666666666667,0.2413793103448276,80.0,78.5,-0.2941176470588235
50,0.5,400.0,300,48,68,22,0.3235294117647059,0.4583333333333333,0.3793103448275862,99.0,132.8181818181818,-0.2941176470588235
50,0.5,500.0,100,42,68,11,0.16176470588235295,0.2619047619047619,0.19999999999999998,69.0,58.0,-0.38235294117647056
50,0.5,500.0,200,42,68,14,0.20588235294117646,0.3333333333333333,0.2545454545454545,75.0,76.35714285714286,-0.38235294117647056
50,0.5,500.0,300,42,68,21,0.3088235294117647,0.5,0.38181818181818183,97.0,125.76190476190476,-0.38235294117647056
50,0.75,0.0,100,66,68,18,0.2647058823529412,0.2727272727272727,0.26865671641791045,59.0,59.111111111111114,-0.02941176470588236
50,0.75,0.0,200,66,68,22,0.3235294117647059,0.3333333333333333,0.3283582089552239,75.0,75.18181818181819,-0.02941176470588236
50,0.75,0.0,300,66,68,31,0.45588235294117646,0.4696969696969697,0.46268656716417916,99.0,121.19354838709677,-0.02941176470588236
50,0.75,80.0,100,64,68,18,0.2647058823529412,0.28125,0.27272727272727276,59.0,59.111111111111114,-0.05882352941176472
50,0.75,80.0,200,64,68,22,0.3235294117647059,0.34375,0.33333333333333337,75.0,75.18181818181819,-0.05882352941176472
50,0.75,80.0,300,64,68,31,0.45588235294117646,0.484375,0.4696969696969697,99.0,121.19354838709677,-0.05882352941176472
50,0.75,90.0,100,64,68,18,0.2647058823529412,0.28125,0.27272727272727276,59.0,59.111111111111114,-0.05882352941176472
50,0.75,90.0,200,64,68,22,0.3235294117647059,0.34375,0.33333333333333337,75.0,75.18181818181819,-0.05882352941176472
50,0.75,90.0,300,64,68,31,0.45588235294117646,0.484375,0.4696969696969697,99.0,121.19354838709677,-0.05882352941176472
50,0.75,100.0,100,64,68,18,0.2647058823529412,0.28125,0.27272727272727276,59.0,59.111111111111114,-0.05882352941176472
50,0.75,100.0,200,64,68,22,0.3235294117647059,0.34375,0.33333333333333337,75.0,75.18181818181819,-0.05882352941176472
50,0.75,100.0,300,64,68,31,0.45588235294117646,0.484375,0.4696969696969697,99.0,121.19354838709677,-0.05882352941176472
50,0.75,110.0,100,64,68,18,0.2647058823529412,0.28125,0.27272727272727276,59.0,59.111111111111114,-0.05882352941176472
50,0.75,110.0,200,64,68,22,0.3235294117647059,0.34375,0.33333333333333337,75.0,75.18181818181819,-0.05882352941176472
50,0.75,110.0,300,64,68,31,0.45588235294117646,0.484375,0.4696969696969697,99.0,121.19354838709677,-0.05882352941176472
50,0.75,120.0,100,64,68,18,0.2647058823529412,0.28125,0.27272727272727276,59.0,59.111111111111114,-0.05882352941176472
50,0.75,120.0,200,64,68,22,0.3235294117647059,0.34375,0.33333333333333337,75.0,75.18181818181819,-0.05882352941176472
50,0.75,120.0,300,64,68,31,0.45588235294117646,0.484375,0.4696969696969697,99.0,121.19354838709677,-0.05882352941176472
50,0.75,130.0,100,64,68,18,0.2647058823529412,0.28125,0.27272727272727276,59.0,59.111111111111114,-0.05882352941176472
50,0.75,130.0,200,64,68,22,0.3235294117647059,0.34375,0.33333333333333337,75.0,75.18181818181819,-0.05882352941176472
50,0.75,130.0,300,64,68,31,0.45588235294117646,0.484375,0.4696969696969697,99.0,121.19354838709677,-0.05882352941176472
50,0.75,140.0,100,64,68,18,0.2647058823529412,0.28125,0.27272727272727276,59.0,59.111111111111114,-0.05882352941176472
50,0.75,140.0,200,64,68,22,0.3235294117647059,0.34375,0.33333333333333337,75.0,75.18181818181819,-0.05882352941176472
50,0.75,140.0,300,64,68,31,0.45588235294117646,0.484375,0.4696969696969697,99.0,121.19354838709677,-0.05882352941176472
50,0.75,150.0,100,64,68,18,0.2647058823529412,0.28125,0.27272727272727276,59.0,59.111111111111114,-0.05882352941176472
50,0.75,150.0,200,64,68,22,0.3235294117647059,0.34375,0.33333333333333337,75.0,75.18181818181819,-0.05882352941176472
50,0.75,150.0,300,64,68,31,0.45588235294117646,0.484375,0.4696969696969697,99.0,121.19354838709677,-0.05882352941176472
50,0.75,200.0,100,56,68,15,0.22058823529411764,0.26785714285714285,0.24193548387096775,69.0,60.93333333333333,-0.17647058823529416
50,0.75,200.0,200,56,68,18,0.2647058823529412,0.32142857142857145,0.2903225806451613,75.0,75.22222222222223,-0.17647058823529416
50,0.75,200.0,300,56,68,27,0.39705882352941174,0.48214285714285715,0.43548387096774194,99.0,128.03703703703704,-0.17647058823529416
50,0.75,300.0,100,48,68,12,0.17647058823529413,0.25,0.20689655172413793,69.5,60.583333333333336,-0.2941176470588235
50,0.75,300.0,200,48,68,14,0.20588235294117646,0.2916666666666667,0.2413793103448276,75.0,75.5,-0.2941176470588235
50,0.75,300.0,300,48,68,22,0.3235294117647059,0.4583333333333333,0.3793103448275862,98.0,130.9090909090909,-0.2941176470588235
50,0.75,400.0,100,44,68,10,0.14705882352941177,0.22727272727272727,0.17857142857142858,69.5,58.8,-0.3529411764705882
50,0.75,400.0,200,44,68,13,0.19117647058823528,0.29545454545454547,0.23214285714285712,80.0,78.38461538461539,-0.3529411764705882
50,0.75,400.0,300,44,68,21,0.3088235294117647,0.4772727272727273,0.375,101.0,135.33333333333334,-0.3529411764705882
50,0.75,500.0,100,40,68,10,0.14705882352941177,0.25,0.18518518518518517,59.5,55.8,-0.4117647058823529
50,0.75,500.0,200,40,68,13,0.19117647058823528,0.325,0.24074074074074078,70.0,76.07692307692308,-0.4117647058823529
50,0.75,500.0,300,40,68,20,0.29411764705882354,0.5,0.37037037037037035,99.0,128.05,-0.4117647058823529
