age_yrBP,warming_count_20k,cold_fraction_20k,mean_cold_duration_yr,mean_warm_duration_yr,pre,obl,ecc,mean_cold_duration_kyr_raw,mean_cold_duration_kyr,Time
789000.0,3.0,0.5361596009975063,4875.0,3100.0,-0.018106,0.416062,0.019648,4.875,4.875,1
788000.0,2.0,0.57356608478803,4875.0,3050.0,-0.019776,0.416271,0.019846,4.875,4.875,2
787000.0,2.0,0.6234413965087282,4875.0,3050.0,-0.019519,0.41627,0.020018,4.875,4.875,3
786000.0,2.0,0.6733167082294265,4875.0,3050.0,-0.017345,0.416064,0.020188,4.875,4.875,4
785000.0,3.0,0.6683291770573566,5250.0,3050.0,-0.01337,0.415658,0.020261,5.25,5.25,5
784000.0,3.0,0.6184538653366584,5250.0,3050.0,-0.008155,0.415066,0.020366,5.25,5.25,6
783000.0,3.0,0.5685785536159601,5250.0,3050.0,-0.00197,0.414306,0.020419,5.25,5.25,7
782000.0,2.0,0.5336658354114713,5250.0,3225.0,0.004356,0.413395,0.020483,5.25,5.25,8
781000.0,2.0,0.5835411471321695,5250.0,3225.0,0.010307,0.412355,0.020448,5.25,5.25,9
780000.0,2.0,0.6334164588528678,5250.0,3225.0,0.015239,0.411208,0.020444,5.25,5.25,10
779000.0,2.0,0.6783042394014963,4200.0,3225.0,0.01869,0.409976,0.020436,4.2,4.2,11
778000.0,3.0,0.6359102244389028,3775.0,3225.0,0.020186,0.408684,0.020288,3.775,3.775,12
777000.0,3.0,0.5860349127182045,3775.0,3225.0,0.019756,0.407356,0.02021,3.775,3.775,13
776000.0,3.0,0.5361596009975063,3775.0,3225.0,0.017318,0.406017,0.020041,3.775,3.775,14
775000.0,3.0,0.516209476309227,3775.0,3233.3333333333335,0.013164,0.404696,0.019848,3.775,3.775,15
774000.0,3.0,0.516209476309227,3775.0,3233.3333333333335,0.007821,0.403418,0.019608,3.775,3.775,16
773000.0,3.0,0.516209476309227,3775.0,3233.3333333333335,0.00179,0.402209,0.019309,3.775,3.775,17
772000.0,2.0,0.5561097256857855,3775.0,3300.0,-0.004309,0.401094,0.019049,3.775,3.775,18
771000.0,3.0,0.5910224438902744,3950.0,3300.0,-0.009686,0.400095,0.018632,3.95,3.95,19
770000.0,3.0,0.5910224438902744,3950.0,3300.0,-0.013928,0.399232,0.018243,3.95,3.95,20
769000.0,3.0,0.571072319201995,3825.0,2866.6666666666665,-0.016579,0.398519,0.017857,3.825,3.825,21
768000.0,4.0,0.5635910224438903,2933.3333333333335,2866.6666666666665,-0.017306,0.39797,0.017332,2.9333333333333336,2.9333333333333336,22
767000.0,4.0,0.5361596009975063,2933.3333333333335,2325.0,-0.016217,0.397589,0.016832,2.9333333333333336,2.9333333333333336,23
766000.0,4.0,0.5361596009975063,2933.3333333333335,2325.0,-0.013517,0.397384,0.016342,2.9333333333333336,2.9333333333333336,24
765000.0,4.0,0.5586034912718204,2800.0,1983.3333333333333,-0.009393,0.397357,0.015723,2.8,2.8,25
764000.0,4.0,0.5586034912718204,2800.0,1983.3333333333333,-0.004651,0.397509,0.015183,2.8,2.8,26
763000.0,4.0,0.57356608478803,2800.0,1925.0,0.000351,0.39784,0.014525,2.8,2.8,27
762000.0,5.0,0.57356608478803,2075.0,1925.0,0.004921,0.398348,0.013947,2.075,2.075,28
761000.0,5.0,0.5236907730673317,2075.0,1925.0,0.008585,0.399025,0.013299,2.075,2.075,29
760000.0,5.0,0.5037406483790524,2075.0,1990.0,0.010887,0.399866,0.012596,2.075,2.075,30
759000.0,6.0,0.4912718204488778,1930.0,1990.0,0.011822,0.400859,0.012016,1.93,1.93,31
758000.0,5.0,0.5087281795511222,1930.0,1480.0,0.011136,0.40199,0.011303,1.93,1.93,32
757000.0,5.0,0.5586034912718204,1930.0,1480.0,0.009176,0.403242,0.010641,1.93,1.93,33
756000.0,6.0,0.5985037406483791,2000.0,1480.0,0.006287,0.404592,0.009993,2.0,2.0,34
755000.0,6.0,0.571072319201995,1540.0,1480.0,0.002802,0.406014,0.009348,1.54,1.54,35
754000.0,6.0,0.5211970074812967,1540.0,1480.0,-0.000691,0.407485,0.008737,1.54,1.54,36
753000.0,6.0,0.4713216957605985,1540.0,1480.0,-0.003687,0.408975,0.008125,1.54,1.54,37
752000.0,6.0,0.42144638403990026,1540.0,1480.0,-0.005889,0.410454,0.007628,1.54,1.54,38
751000.0,5.0,0.38403990024937656,1540.0,1350.0,-0.006985,0.411897,0.007234,1.54,1.54,39
750000.0,5.0,0.38403990024937656,1540.0,1350.0,-0.006719,0.413272,0.006833,1.54,1.54,40
749000.0,5.0,0.3865336658354115,1637.5,2460.0,-0.005439,0.414553,0.006731,1.6375,1.6375,41
748000.0,5.0,0.3690773067331671,1480.0,2900.0,-0.003077,0.415715,0.006696,1.48,1.48,42
747000.0,5.0,0.35910224438902744,1250.0,2570.0,-0.000129,0.416736,0.006878,1.25,1.25,43
746000.0,5.0,0.35910224438902744,1250.0,2570.0,0.002981,0.417588,0.00722,1.25,1.25,44
745000.0,4.0,0.35910224438902744,1250.0,2570.0,0.005776,0.418254,0.007657,1.25,1.25,45
744000.0,5.0,0.3865336658354115,1550.0,2775.0,0.007962,0.418716,0.008345,1.55,1.55,46
743000.0,5.0,0.3740648379052369,1825.0,2775.0,0.008907,0.418955,0.008946,1.825,1.825,47
742000.0,4.0,0.3640897755610973,1825.0,2950.0,0.008663,0.418962,0.00973,1.825,1.825,48
741000.0,4.0,0.40399002493765584,1825.0,2875.0,0.007053,0.418728,0.010547,1.825,1.825,49
740000.0,4.0,0.42643391521197005,1983.3333333333333,2875.0,0.004101,0.418248,0.01137,1.9833333333333332,1.9833333333333332,50
739000.0,3.0,0.43640897755610975,1983.3333333333333,3600.0,0.000261,0.41753,0.012256,1.9833333333333332,1.9833333333333332,51
738000.0,3.0,0.4613466334164589,1800.0,3600.0,-0.004129,0.41658,0.013127,1.8,1.8,52
737000.0,4.0,0.4513715710723192,2733.3333333333335,3600.0,-0.008648,0.415412,0.014079,2.7333333333333334,2.7333333333333334,53
736000.0,3.0,0.4089775561097257,2733.3333333333335,1950.0,-0.012538,0.414053,0.014977,2.7333333333333334,2.7333333333333334,54
735000.0,4.0,0.43640897755610975,2187.5,1750.0,-0.015408,0.412525,0.015893,2.1875,2.1875,55
734000.0,4.0,0.4688279301745636,2187.5,1475.0,-0.016811,0.41086,0.016862,2.1875,2.1875,56
733000.0,5.0,0.5087281795511222,2040.0,1475.0,-0.016359,0.409097,0.017779,2.04,2.04,57
732000.0,6.0,0.5361596009975063,1791.6666666666667,1280.0,-0.013978,0.40727,0.018703,1.7916666666666667,1.7916666666666667,58
731000.0,6.0,0.5361596009975063,1791.6666666666667,1280.0,-0.009882,0.405419,0.019648,1.7916666666666667,1.7916666666666667,59
730000.0,6.0,0.5361596009975063,1791.6666666666667,1280.0,-0.004185,0.403589,0.02057,1.7916666666666667,1.7916666666666667,60
729000.0,6.0,0.5511221945137157,1980.0,1500.0,0.002419,0.40182,0.021498,1.98,1.98,61
728000.0,5.0,0.571072319201995,1980.0,1550.0,0.009315,0.400154,0.022396,1.98,1.98,62
727000.0,5.0,0.6134663341645885,1787.5,1550.0,0.015791,0.398635,0.023291,1.7875,1.7875,63
726000.0,6.0,0.5910224438902744,2050.0,1550.0,0.021134,0.397301,0.024221,2.05,2.05,64
725000.0,6.0,0.5411471321695761,2050.0,1550.0,0.024505,0.396188,0.024985,2.05,2.05,65
724000.0,5.0,0.5112219451371571,2050.0,1275.0,0.025719,0.39533,0.025892,2.05,2.05,66
723000.0,5.0,0.5112219451371571,2050.0,1710.0,0.024257,0.394748,0.026679,2.05,2.05,67
722000.0,6.0,0.5486284289276808,1766.6666666666667,1466.6666666666667,0.020224,0.39446,0.027409,1.7666666666666668,1.7666666666666668,68
721000.0,6.0,0.5610972568578554,1200.0,1466.6666666666667,0.013994,0.394477,0.028195,1.2,1.2,69
720000.0,7.0,0.5236907730673317,1275.0,1466.6666666666667,0.006016,0.39479,0.02889,1.275,1.275,70
719000.0,7.0,0.47381546134663344,1275.0,1466.6666666666667,-0.002994,0.39539,0.029574,1.275,1.275,71
718000.0,7.0,0.4239401496259352,1275.0,1466.6666666666667,-0.011991,0.396262,0.030231,1.275,1.275,72
717000.0,7.0,0.4089775561097257,1171.4285714285713,1750.0,-0.020239,0.397371,0.030848,1.1714285714285713,1.1714285714285713,73
716000.0,7.0,0.456359102244389,1171.4285714285713,1528.5714285714287,-0.026878,0.398689,0.031499,1.1714285714285713,1.1714285714285713,74
715000.0,6.0,0.47880299251870323,1275.0,1675.0,-0.031089,0.400181,0.032039,1.275,1.275,75
714000.0,6.0,0.49875311720698257,1240.0,1675.0,-0.032548,0.401804,0.032606,1.24,1.24,76
713000.0,6.0,0.46384039900249374,1550.0,1910.0,-0.031053,0.40352,0.033204,1.55,1.55,77
712000.0,5.0,0.43640897755610975,1750.0,1737.5,-0.026534,0.405288,0.033662,1.75,1.75,78
711000.0,5.0,0.43640897755610975,1750.0,1737.5,-0.019542,0.407062,0.034215,1.75,1.75,79
710000.0,5.0,0.48129675810473815,1750.0,1980.0,-0.010638,0.408805,0.034687,1.75,1.75,80
709000.0,5.0,0.5062344139650873,1412.5,1980.0,-0.000453,0.410479,0.035163,1.4125,1.4125,81
708000.0,6.0,0.47381546134663344,1580.0,1758.3333333333333,0.00988,0.412043,0.035587,1.58,1.58,82
707000.0,6.0,0.47381546134663344,1580.0,1758.3333333333333,0.019564,0.413467,0.03601,1.58,1.58,83
706000.0,6.0,0.46384039900249374,1550.0,1420.0,0.027816,0.414724,0.036409,1.55,1.55,84
705000.0,6.0,0.46384039900249374,1550.0,1420.0,0.033697,0.415786,0.036758,1.55,1.55,85
704000.0,6.0,0.46384039900249374,1550.0,1420.0,0.036805,0.416638,0.037067,1.55,1.55,86
703000.0,6.0,0.4713216957605985,1550.0,1758.3333333333333,0.036883,0.417266,0.037431,1.55,1.55,87
702000.0,6.0,0.47880299251870323,1660.0,2060.0,0.033714,0.417661,0.037651,1.66,1.66,88
701000.0,6.0,0.44389027431421446,1660.0,1858.3333333333333,0.027697,0.417825,0.037914,1.66,1.66,89
700000.0,5.0,0.47880299251870323,1660.0,1620.0,0.019305,0.417763,0.038151,1.66,1.66,90
699000.0,6.0,0.4937655860349127,1650.0,1620.0,0.009135,0.417481,0.038327,1.65,1.65,91
698000.0,6.0,0.4937655860349127,1650.0,1620.0,-0.001916,0.416995,0.038501,1.65,1.65,92
697000.0,5.0,0.46633416458852867,1870.0,1975.0,-0.012781,0.416321,0.038615,1.87,1.87,93
696000.0,5.0,0.4613466334164589,1562.5,2160.0,-0.022809,0.415477,0.038775,1.5625,1.5625,94
695000.0,6.0,0.4488778054862843,1560.0,2160.0,-0.030864,0.414486,0.038831,1.56,1.56,95
694000.0,6.0,0.39900249376558605,1560.0,2160.0,-0.036356,0.413371,0.038883,1.56,1.56,96
693000.0,5.0,0.3915211970074813,1560.0,2010.0,-0.038866,0.412154,0.038963,1.56,1.56,97
692000.0,5.0,0.44139650872817954,1560.0,2010.0,-0.038036,0.410863,0.038974,1.56,1.56,98
691000.0,5.0,0.4912718204488778,1560.0,2010.0,-0.033945,0.409523,0.038942,1.56,1.56,99
690000.0,6.0,0.45885286783042395,1560.0,2010.0,-0.027059,0.40816,0.03896,1.56,1.56,100
689000.0,6.0,0.4089775561097257,1560.0,2010.0,-0.017787,0.406802,0.038914,1.56,1.56,101
688000.0,5.0,0.38902743142144636,1560.0,2350.0,-0.007025,0.405479,0.038799,1.56,1.56,102
687000.0,6.0,0.371571072319202,1400.0,2520.0,0.004243,0.404215,0.038759,1.4,1.4,103
686000.0,5.0,0.371571072319202,1400.0,1940.0,0.015149,0.403038,0.038583,1.4,1.4,104
685000.0,5.0,0.42144638403990026,1400.0,1940.0,0.024681,0.401971,0.038456,1.4,1.4,105
684000.0,6.0,0.4613466334164589,1541.6666666666667,1940.0,0.031972,0.401033,0.038241,1.5416666666666667,1.5416666666666667,106
683000.0,6.0,0.456359102244389,1650.0,1940.0,0.036462,0.400242,0.038021,1.65,1.65,107
682000.0,5.0,0.44139650872817954,1650.0,2090.0,0.037804,0.399611,0.037805,1.65,1.65,108
681000.0,5.0,0.47880299251870323,1662.5,2090.0,0.035788,0.399149,0.037466,1.6625,1.6625,109
680000.0,5.0,0.47880299251870323,1662.5,2090.0,0.030795,0.39886,0.03717,1.6625,1.6625,110
679000.0,4.0,0.5112219451371571,1662.5,1887.5,0.023284,0.398748,0.036866,1.6625,1.6625,111
678000.0,4.0,0.5610972568578554,1662.5,1887.5,0.013808,0.398813,0.03642,1.6625,1.6625,112
677000.0,5.0,0.5860349127182045,2350.0,1887.5,0.003495,0.399053,0.036045,2.35,2.35,113
676000.0,5.0,0.5486284289276808,2550.0,1887.5,-0.006927,0.399463,0.035614,2.55,2.55,114
675000.0,4.0,0.5087281795511222,2550.0,1783.3333333333333,-0.016495,0.400034,0.035111,2.55,2.55,115
674000.0,4.0,0.5336658354114713,2550.0,2087.5,-0.024351,0.400757,0.034632,2.55,2.55,116
673000.0,5.0,0.5760598503740648,2310.0,2087.5,-0.029893,0.401617,0.034069,2.31,2.31,117
672000.0,5.0,0.5261845386533666,2325.0,2087.5,-0.03284,0.402593,0.033565,2.325,2.325,118
671000.0,5.0,0.4763092269326683,2325.0,2087.5,-0.032821,0.403668,0.032925,2.325,2.325,119
670000.0,4.0,0.5087281795511222,2325.0,1850.0,-0.030158,0.404814,0.032327,2.325,2.325,120
669000.0,4.0,0.5586034912718204,2325.0,1850.0,-0.025153,0.406004,0.031723,2.325,2.325,121
668000.0,4.0,0.6084788029925187,2325.0,1850.0,-0.01827,0.407212,0.031014,2.325,2.325,122
667000.0,5.0,0.5860349127182045,2925.0,1850.0,-0.01025,0.408411,0.030309,2.925,2.925,123
666000.0,4.0,0.5635910224438903,3150.0,2283.3333333333335,-0.001898,0.40957,0.029623,3.15,3.15,124
665000.0,4.0,0.516209476309227,3150.0,2425.0,0.006256,0.410667,0.028815,3.15,3.15,125
664000.0,3.0,0.5236907730673317,3150.0,2700.0,0.013395,0.411676,0.028051,3.15,3.15,126
663000.0,3.0,0.57356608478803,3150.0,2700.0,0.019009,0.412575,0.027204,3.15,3.15,127
662000.0,3.0,0.5960099750623441,2175.0,2700.0,0.022917,0.413344,0.026398,2.175,2.175,128
661000.0,3.0,0.5960099750623441,2175.0,2700.0,0.024719,0.413962,0.025489,2.175,2.175,129
660000.0,3.0,0.5960099750623441,2175.0,2700.0,0.024585,0.414414,0.024592,2.175,2.175,130
659000.0,4.0,0.5586034912718204,3216.6666666666665,2700.0,0.022697,0.414687,0.02372,3.2166666666666663,3.2166666666666663,131
658000.0,4.0,0.5087281795511222,3216.6666666666665,2700.0,0.019306,0.414769,0.022759,3.2166666666666663,3.2166666666666663,132
657000.0,3.0,0.48129675810473815,3216.6666666666665,2550.0,0.014839,0.414654,0.021825,3.2166666666666663,3.2166666666666663,133
656000.0,3.0,0.48129675810473815,3216.6666666666665,2550.0,0.009828,0.41434,0.020917,3.2166666666666663,3.2166666666666663,134
655000.0,3.0,0.48129675810473815,3216.6666666666665,2550.0,0.004607,0.413827,0.019985,3.2166666666666663,3.2166666666666663,135
654000.0,3.0,0.5062344139650873,4150.0,3300.0,-0.000392,0.413126,0.019046,4.15,4.15,136
653000.0,2.0,0.5112219451371571,4150.0,3825.0,-0.004761,0.412252,0.018206,4.15,4.15,137
652000.0,2.0,0.5610972568578554,4150.0,3825.0,-0.008441,0.411224,0.017331,4.15,4.15,138
651000.0,3.0,0.57356608478803,3833.3333333333335,3825.0,-0.01121,0.410068,0.016545,3.8333333333333335,3.8333333333333335,139
650000.0,3.0,0.5311720698254364,4250.0,3825.0,-0.013038,0.408816,0.015796,4.25,4.25,140
649000.0,3.0,0.48129675810473815,4250.0,3825.0,-0.014077,0.407503,0.015138,4.25,4.25,141
648000.0,3.0,0.4314214463840399,4250.0,3825.0,-0.014403,0.406166,0.01459,4.25,4.25,142
647000.0,2.0,0.4239401496259352,4250.0,4800.0,-0.01406,0.404842,0.014073,4.25,4.25,143
646000.0,2.0,0.4239401496259352,4250.0,4800.0,-0.013363,0.40357,0.013787,4.25,4.25,144
645000.0,2.0,0.4239401496259352,4250.0,4800.0,-0.012248,0.402388,0.013577,4.25,4.25,145
644000.0,2.0,0.3740648379052369,3200.0,4800.0,-0.010818,0.401328,0.01349,3.2,3.2,146
643000.0,2.0,0.32418952618453867,3200.0,4800.0,-0.009139,0.400421,0.01364,3.2,3.2,147
642000.0,2.0,0.32169576059850374,3200.0,6800.0,-0.007092,0.399696,0.0139,3.2,3.2,148
641000.0,2.0,0.32169576059850374,3200.0,6800.0,-0.004658,0.399176,0.014251,3.2,3.2,149
640000.0,2.0,0.32169576059850374,3200.0,6800.0,-0.00183,0.398878,0.01487,3.2,3.2,150
639000.0,2.0,0.341645885286783,3150.0,4550.0,0.001432,0.398819,0.015478,3.15,3.15,151
638000.0,3.0,0.34663341645885287,2316.6666666666665,4550.0,0.0051,0.399004,0.016264,2.3166666666666664,2.3166666666666664,152
637000.0,3.0,0.34663341645885287,2316.6666666666665,4550.0,0.008929,0.39943,0.017112,2.3166666666666664,2.3166666666666664,153
636000.0,3.0,0.34663341645885287,2316.6666666666665,4550.0,0.01279,0.400094,0.018051,2.3166666666666664,2.3166666666666664,154
635000.0,3.0,0.35910224438902744,2316.6666666666665,4250.0,0.01636,0.400975,0.019014,2.3166666666666664,2.3166666666666664,155
634000.0,3.0,0.3640897755610973,1875.0,4250.0,0.019221,0.40205,0.020044,1.875,1.875,156
633000.0,3.0,0.3640897755610973,1875.0,4250.0,0.021097,0.40329,0.021105,1.875,1.875,157
632000.0,3.0,0.3640897755610973,1875.0,4250.0,0.021615,0.404652,0.02221,1.875,1.875,158
631000.0,3.0,0.39650872817955113,2650.0,1975.0,0.020481,0.406099,0.023278,2.65,2.65,159
630000.0,3.0,0.39650872817955113,2650.0,1975.0,0.017647,0.407588,0.024426,2.65,2.65,160
629000.0,3.0,0.39650872817955113,2650.0,1975.0,0.013084,0.409074,0.025576,2.65,2.65,161
628000.0,3.0,0.39650872817955113,2650.0,1975.0,0.006984,0.410515,0.026671,2.65,2.65,162
627000.0,3.0,0.4239401496259352,2650.0,2483.3333333333335,-0.00027,0.411876,0.027824,2.65,2.65,163
626000.0,4.0,0.456359102244389,2287.5,2483.3333333333335,-0.008129,0.413116,0.028987,2.2875,2.2875,164
625000.0,4.0,0.456359102244389,2287.5,2483.3333333333335,-0.016045,0.414209,0.030048,2.2875,2.2875,165
624000.0,4.0,0.456359102244389,2287.5,2483.3333333333335,-0.023216,0.415126,0.03119,2.2875,2.2875,166
623000.0,4.0,0.456359102244389,2287.5,2483.3333333333335,-0.029035,0.415842,0.032267,2.2875,2.2875,167
622000.0,4.0,0.4114713216957606,2016.6666666666667,2483.3333333333335,-0.03284,0.416341,0.033324,2.0166666666666666,2.0166666666666666,168
621000.0,4.0,0.36159600997506236,2016.6666666666667,2483.3333333333335,-0.034169,0.416609,0.034378,2.0166666666666666,2.0166666666666666,169
620000.0,4.0,0.3491271820448878,2016.6666666666667,3262.5,-0.032664,0.416634,0.035336,2.0166666666666666,2.0166666666666666,170
619000.0,3.0,0.3640897755610973,2700.0,4250.0,-0.028412,0.416418,0.036408,2.7,2.7,171
618000.0,2.0,0.40648379052369077,2700.0,4550.0,-0.021416,0.415961,0.037263,2.7,2.7,172
617000.0,2.0,0.456359102244389,2700.0,4550.0,-0.012292,0.415273,0.038186,2.7,2.7,173
616000.0,3.0,0.5062344139650873,3383.3333333333335,4550.0,-0.001644,0.414371,0.0391,3.3833333333333333,3.3833333333333333,174
615000.0,3.0,0.49625935162094764,2975.0,4550.0,0.009651,0.413279,0.039848,2.975,2.975,175
614000.0,3.0,0.4463840399002494,2975.0,4550.0,0.020639,0.412021,0.040652,2.975,2.975,176
613000.0,3.0,0.39650872817955113,2975.0,4550.0,0.03027,0.410632,0.041396,2.975,2.975,177
612000.0,3.0,0.34663341645885287,2975.0,4550.0,0.037689,0.409146,0.042048,2.975,2.975,178
611000.0,2.0,0.2967581047381546,2975.0,4550.0,0.042103,0.4076,0.042713,2.975,2.975,179
610000.0,2.0,0.32418952618453867,2975.0,5525.0,0.042959,0.406032,0.043282,2.975,2.975,180
609000.0,2.0,0.3740648379052369,2975.0,5525.0,0.040118,0.40448,0.043867,2.975,2.975,181
608000.0,2.0,0.4239401496259352,2975.0,5525.0,0.033664,0.402978,0.044374,2.975,2.975,182
607000.0,3.0,0.44139650872817954,4075.0,5525.0,0.024039,0.401564,0.0448,4.075,4.075,183
606000.0,2.0,0.40648379052369077,4075.0,5450.0,0.012126,0.400269,0.045305,4.075,4.075,184
605000.0,2.0,0.40648379052369077,4075.0,5450.0,-0.001148,0.399118,0.04564,4.075,4.075,185
604000.0,2.0,0.40648379052369077,4075.0,5450.0,-0.014542,0.398141,0.045991,4.075,4.075,186
603000.0,2.0,0.4513715710723192,4075.0,4350.0,-0.02685,0.397356,0.04632,4.075,4.075,187
602000.0,2.0,0.5012468827930174,4075.0,4350.0,-0.036924,0.396783,0.04657,4.075,4.075,188
601000.0,3.0,0.5087281795511222,3400.0,4350.0,-0.043857,0.396438,0.046809,3.4,3.4,189
600000.0,3.0,0.4763092269326683,2725.0,3500.0,-0.04688,0.396325,0.04697,2.725,2.725,190
599000.0,4.0,0.4763092269326683,2166.6666666666665,3500.0,-0.045851,0.39645,0.047166,2.1666666666666665,2.1666666666666665,191
598000.0,4.0,0.42643391521197005,2166.6666666666665,3500.0,-0.040675,0.396812,0.047231,2.1666666666666665,2.1666666666666665,192
597000.0,4.0,0.3765586034912718,2166.6666666666665,3500.0,-0.031976,0.397401,0.047305,2.1666666666666665,2.1666666666666665,193
596000.0,4.0,0.3266832917705736,2166.6666666666665,3500.0,-0.020401,0.398203,0.047328,2.1666666666666665,2.1666666666666665,194
595000.0,3.0,0.32917705735660846,2166.6666666666665,2983.3333333333335,-0.007118,0.399201,0.047327,2.1666666666666665,2.1666666666666665,195
594000.0,3.0,0.3790523690773067,2166.6666666666665,2983.3333333333335,0.006767,0.400371,0.047222,2.1666666666666665,2.1666666666666665,196
593000.0,3.0,0.428927680798005,2166.6666666666665,2983.3333333333335,0.01997,0.401687,0.047161,2.1666666666666665,2.1666666666666665,197
592000.0,3.0,0.47880299251870323,2166.6666666666665,2983.3333333333335,0.031372,0.403124,0.047032,2.1666666666666665,2.1666666666666665,198
591000.0,4.0,0.486284289276808,2437.5,2983.3333333333335,0.039982,0.404651,0.046831,2.4375,2.4375,199
590000.0,4.0,0.4613466334164589,2116.6666666666665,2983.3333333333335,0.04511,0.406242,0.046643,2.1166666666666667,2.1166666666666667,200
589000.0,4.0,0.4389027431421446,2116.6666666666665,2812.5,0.046396,0.407868,0.046422,2.1166666666666667,2.1166666666666667,201
588000.0,4.0,0.4389027431421446,2116.6666666666665,2812.5,0.043729,0.409499,0.046134,2.1166666666666667,2.1166666666666667,202
587000.0,3.0,0.44389027431421446,2116.6666666666665,2666.6666666666665,0.037537,0.411109,0.045851,2.1166666666666667,2.1166666666666667,203
586000.0,4.0,0.46384039900249374,2325.0,2666.6666666666665,0.028268,0.412667,0.045502,2.325,2.325,204
585000.0,4.0,0.46384039900249374,2325.0,2666.6666666666665,0.016896,0.414143,0.045208,2.325,2.325,205
584000.0,4.0,0.46384039900249374,2325.0,2666.6666666666665,0.004328,0.41551,0.044779,2.325,2.325,206
583000.0,4.0,0.4339152119700748,2416.6666666666665,2837.5,-0.008308,0.416739,0.044397,2.4166666666666665,2.4166666666666665,207
582000.0,4.0,0.4339152119700748,2416.6666666666665,2837.5,-0.020083,0.417803,0.044037,2.4166666666666665,2.4166666666666665,208
581000.0,3.0,0.47381546134663344,2416.6666666666665,3183.3333333333335,-0.029888,0.418677,0.043513,2.4166666666666665,2.4166666666666665,209
580000.0,4.0,0.4937655860349127,2475.0,3183.3333333333335,-0.0372,0.419343,0.043117,2.475,2.475,210
579000.0,4.0,0.44389027431421446,2950.0,3183.3333333333335,-0.041301,0.419778,0.042608,2.95,2.95,211
578000.0,3.0,0.44139650872817954,2950.0,2825.0,-0.042075,0.419974,0.042101,2.95,2.95,212
577000.0,3.0,0.44139650872817954,2950.0,2825.0,-0.039525,0.41992,0.041584,2.95,2.95,213
576000.0,3.0,0.4488778054862843,2950.0,3366.6666666666665,-0.033913,0.419609,0.041003,2.95,2.95,214
575000.0,3.0,0.49625935162094764,2800.0,3366.6666666666665,-0.025801,0.419042,0.040462,2.8,2.8,215
574000.0,3.0,0.49625935162094764,2800.0,3366.6666666666665,-0.015922,0.418224,0.03985,2.8,2.8,216
573000.0,4.0,0.4763092269326683,2783.3333333333335,3366.6666666666665,-0.005064,0.417159,0.039195,2.7833333333333337,2.7833333333333337,217
572000.0,4.0,0.42643391521197005,2783.3333333333335,3366.6666666666665,0.005845,0.415862,0.038648,2.7833333333333337,2.7833333333333337,218
571000.0,3.0,0.4513715710723192,2783.3333333333335,3166.6666666666665,0.01595,0.414353,0.037929,2.7833333333333337,2.7833333333333337,219
570000.0,3.0,0.5012468827930174,2783.3333333333335,3166.6666666666665,0.024459,0.41265,0.037268,2.7833333333333337,2.7833333333333337,220
569000.0,4.0,0.49875311720698257,2516.6666666666665,3166.6666666666665,0.03079,0.410786,0.036646,2.5166666666666666,2.5166666666666666,221
568000.0,4.0,0.4488778054862843,2516.6666666666665,3166.6666666666665,0.034409,0.408794,0.035899,2.5166666666666666,2.5166666666666666,222
567000.0,4.0,0.39900249376558605,2516.6666666666665,3166.6666666666665,0.035229,0.406711,0.03523,2.5166666666666666,2.5166666666666666,223
566000.0,3.0,0.4114713216957606,2516.6666666666665,3000.0,0.03318,0.404583,0.034492,2.5166666666666666,2.5166666666666666,224
565000.0,3.0,0.4613466334164589,2516.6666666666665,3000.0,0.028576,0.402462,0.033786,2.5166666666666666,2.5166666666666666,225
564000.0,4.0,0.4912718204488778,2462.5,3000.0,0.021853,0.400392,0.033026,2.4625,2.4625,226
563000.0,4.0,0.48129675810473815,2400.0,3000.0,0.013714,0.39843,0.032256,2.4,2.4,227
562000.0,4.0,0.4314214463840399,2400.0,3000.0,0.004747,0.396627,0.031524,2.4,2.4,228
561000.0,4.0,0.39650872817955113,2400.0,3025.0,-0.004083,0.395029,0.030718,2.4,2.4,229
560000.0,3.0,0.4239401496259352,2400.0,2550.0,-0.012221,0.393685,0.029917,2.4,2.4,230
559000.0,4.0,0.4389027431421446,2200.0,2550.0,-0.018895,0.392637,0.029129,2.2,2.2,231
558000.0,4.0,0.4389027431421446,2200.0,2550.0,-0.023707,0.391912,0.028318,2.2,2.2,232
557000.0,4.0,0.4389027431421446,2200.0,2550.0,-0.02628,0.391541,0.027446,2.2,2.2,233
556000.0,4.0,0.4339152119700748,2016.6666666666667,2550.0,-0.026648,0.39154,0.026649,2.0166666666666666,2.0166666666666666,234
555000.0,4.0,0.4314214463840399,2016.6666666666667,2850.0,-0.024808,0.391909,0.025771,2.0166666666666666,2.0166666666666666,235
554000.0,4.0,0.4314214463840399,2016.6666666666667,2850.0,-0.021151,0.392652,0.024918,2.0166666666666666,2.0166666666666666,236
553000.0,4.0,0.4463840399002494,2237.5,3233.3333333333335,-0.016136,0.393753,0.02403,2.2375,2.2375,237
552000.0,4.0,0.4463840399002494,2237.5,3233.3333333333335,-0.010232,0.395184,0.023178,2.2375,2.2375,238
551000.0,4.0,0.4139650872817955,2266.6666666666665,3233.3333333333335,-0.004026,0.396918,0.022291,2.2666666666666666,2.2666666666666666,239
550000.0,4.0,0.3640897755610973,2266.6666666666665,3233.3333333333335,0.001889,0.39891,0.021392,2.2666666666666666,2.2666666666666666,240
549000.0,3.0,0.33915211970074816,2266.6666666666665,3425.0,0.007192,0.401106,0.020519,2.2666666666666666,2.2666666666666666,241
548000.0,3.0,0.3640897755610973,2266.6666666666665,3800.0,0.011462,0.403456,0.019676,2.2666666666666666,2.2666666666666666,242
547000.0,3.0,0.4139650872817955,2266.6666666666665,3800.0,0.014475,0.405896,0.01874,2.2666666666666666,2.2666666666666666,243
546000.0,3.0,0.4314214463840399,2250.0,3800.0,0.016286,0.408358,0.017947,2.25,2.25,244
545000.0,3.0,0.4314214463840399,2250.0,3800.0,0.016822,0.410785,0.01711,2.25,2.25,245
544000.0,2.0,0.4488778054862843,2250.0,4150.0,0.016261,0.413113,0.016292,2.25,2.25,246
543000.0,3.0,0.4763092269326683,3183.3333333333335,4150.0,0.014866,0.415283,0.015555,3.1833333333333336,3.1833333333333336,247
542000.0,3.0,0.4763092269326683,3183.3333333333335,4150.0,0.012833,0.417248,0.014847,3.1833333333333336,3.1833333333333336,248
541000.0,3.0,0.46384039900249374,3975.0,4150.0,0.010329,0.418965,0.014194,3.975,3.975,249
540000.0,3.0,0.4139650872817955,3975.0,4150.0,0.00773,0.420394,0.013606,3.975,3.975,250
539000.0,2.0,0.4239401496259352,3975.0,4225.0,0.005032,0.421511,0.013098,3.975,3.975,251
538000.0,2.0,0.47381546134663344,3975.0,4225.0,0.002402,0.422294,0.012715,3.975,3.975,252
537000.0,2.0,0.5236907730673317,3975.0,4225.0,-3.9e-05,0.422726,0.012365,3.975,3.975,253
536000.0,3.0,0.5660847880299252,3783.3333333333335,4225.0,-0.00236,0.422809,0.012181,3.7833333333333337,3.7833333333333337,254
535000.0,3.0,0.5211970074812967,4225.0,4225.0,-0.004603,0.422536,0.012144,4.225,4.225,255
534000.0,3.0,0.4713216957605985,4225.0,4225.0,-0.006583,0.421918,0.012126,4.225,4.225,256
533000.0,2.0,0.42643391521197005,4225.0,3833.3333333333335,-0.008589,0.420973,0.012337,4.225,4.225,257
532000.0,2.0,0.4763092269326683,4225.0,3475.0,-0.010384,0.41972,0.012629,4.225,4.225,258
531000.0,3.0,0.5037406483790524,3366.6666666666665,3475.0,-0.011968,0.418193,0.013001,3.3666666666666667,3.3666666666666667,259
530000.0,3.0,0.5037406483790524,3366.6666666666665,3475.0,-0.013248,0.416433,0.013491,3.3666666666666667,3.3666666666666667,260
529000.0,3.0,0.516209476309227,3366.6666666666665,3050.0,-0.014095,0.41448,0.0141,3.3666666666666667,3.3666666666666667,261
528000.0,4.0,0.5236907730673317,1966.6666666666667,3050.0,-0.014226,0.412388,0.014703,1.9666666666666668,1.9666666666666668,262
527000.0,4.0,0.47381546134663344,1966.6666666666667,3050.0,-0.013635,0.410211,0.015427,1.9666666666666668,1.9666666666666668,263
526000.0,4.0,0.4239401496259352,1966.6666666666667,2887.5,-0.012074,0.408003,0.01617,1.9666666666666668,1.9666666666666668,264
525000.0,4.0,0.4239401496259352,1966.6666666666667,2887.5,-0.009454,0.40582,0.016948,1.9666666666666668,1.9666666666666668,265
524000.0,4.0,0.4239401496259352,1966.6666666666667,2887.5,-0.005894,0.403718,0.017773,1.9666666666666668,1.9666666666666668,266
523000.0,3.0,0.44389027431421446,1966.6666666666667,2550.0,-0.001451,0.401741,0.01857,1.9666666666666668,1.9666666666666668,267
522000.0,3.0,0.4937655860349127,1966.6666666666667,2550.0,0.003694,0.39994,0.019485,1.9666666666666668,1.9666666666666668,268
521000.0,4.0,0.5211970074812967,2612.5,2550.0,0.009011,0.398352,0.020282,2.6125,2.6125,269
520000.0,4.0,0.5211970074812967,2612.5,2550.0,0.01419,0.397006,0.021153,2.6125,2.6125,270
519000.0,4.0,0.49625935162094764,2350.0,2550.0,0.018739,0.395931,0.022067,2.35,2.35,271
518000.0,4.0,0.4463840399002494,2350.0,2550.0,0.022018,0.395145,0.022876,2.35,2.35,272
517000.0,4.0,0.4314214463840399,2350.0,2850.0,0.023718,0.394657,0.023719,2.35,2.35,273
516000.0,4.0,0.40648379052369077,2037.5,2783.3333333333335,0.023545,0.394471,0.024603,2.0375,2.0375,274
515000.0,4.0,0.4339152119700748,2037.5,2350.0,0.021143,0.394585,0.025355,2.0375,2.0375,275
514000.0,4.0,0.4837905236907731,2037.5,2350.0,0.016816,0.394985,0.026188,2.0375,2.0375,276
513000.0,4.0,0.5311720698254364,2166.6666666666665,2350.0,0.010657,0.395657,0.026921,2.1666666666666665,2.1666666666666665,277
512000.0,4.0,0.5311720698254364,2166.6666666666665,2350.0,0.003154,0.396574,0.027682,2.1666666666666665,2.1666666666666665,278
511000.0,4.0,0.543640897755611,2725.0,2400.0,-0.005058,0.397706,0.028396,2.725,2.725,279
510000.0,4.0,0.543640897755611,2725.0,2400.0,-0.013166,0.399019,0.029028,2.725,2.725,280
509000.0,4.0,0.5336658354114713,3350.0,2400.0,-0.020619,0.400475,0.029747,3.35,3.35,281
508000.0,3.0,0.5012468827930174,3350.0,2400.0,-0.026432,0.402033,0.030315,3.35,3.35,282
507000.0,3.0,0.513715710723192,3350.0,2900.0,-0.030152,0.403653,0.030878,3.35,3.35,283
506000.0,3.0,0.5635910224438903,3350.0,2900.0,-0.031363,0.405296,0.031454,3.35,3.35,284
505000.0,3.0,0.5660847880299252,2750.0,2900.0,-0.029755,0.406922,0.031926,2.75,2.75,285
504000.0,3.0,0.5660847880299252,2750.0,2900.0,-0.02546,0.408501,0.032366,2.75,2.75,286
503000.0,4.0,0.5311720698254364,3016.6666666666665,2900.0,-0.018852,0.410003,0.032812,3.0166666666666666,3.0166666666666666,287
502000.0,5.0,0.5187032418952618,2450.0,2400.0,-0.010352,0.411399,0.03317,2.45,2.45,288
501000.0,4.0,0.48877805486284287,2450.0,1950.0,-0.000747,0.412672,0.033525,2.45,2.45,289
500000.0,4.0,0.48877805486284287,2450.0,1950.0,0.009023,0.413798,0.033783,2.45,2.45,290
499000.0,4.0,0.5261845386533666,2450.0,2037.5,0.018262,0.414763,0.034077,2.45,2.45,291
498000.0,4.0,0.5760598503740648,2450.0,2037.5,0.025972,0.415552,0.034277,2.45,2.45,292
497000.0,4.0,0.5935162094763092,2900.0,2037.5,0.031479,0.416152,0.034435,2.9,2.9,293
496000.0,3.0,0.6209476309226932,2900.0,2366.6666666666665,0.034298,0.416554,0.034556,2.9,2.9,294
495000.0,3.0,0.6458852867830424,2150.0,2366.6666666666665,0.034179,0.416752,0.034685,2.15,2.15,295
494000.0,3.0,0.6458852867830424,2150.0,2366.6666666666665,0.030944,0.416742,0.034669,2.15,2.15,296
493000.0,4.0,0.6408977556109726,3650.0,2366.6666666666665,0.025125,0.416526,0.034694,3.65,3.65,297
492000.0,4.0,0.5935162094763092,3650.0,2037.5,0.01706,0.416108,0.034679,3.65,3.65,298
491000.0,4.0,0.5685785536159601,2850.0,1416.6666666666667,0.007447,0.415496,0.034554,2.85,2.85,299
490000.0,4.0,0.5685785536159601,2850.0,1416.6666666666667,-0.002659,0.414704,0.034463,2.85,2.85,300
489000.0,4.0,0.5685785536159601,2850.0,1416.6666666666667,-0.012527,0.413747,0.034273,2.85,2.85,301
488000.0,4.0,0.5985037406483791,2850.0,1812.5,-0.021243,0.412643,0.034108,2.85,2.85,302
487000.0,4.0,0.6384039900249376,2616.6666666666665,1812.5,-0.027889,0.41141,0.033827,2.6166666666666667,2.6166666666666667,303
486000.0,4.0,0.6384039900249376,2616.6666666666665,1812.5,-0.032025,0.410075,0.033548,2.6166666666666667,2.6166666666666667,304
485000.0,5.0,0.6084788029925187,2712.5,1812.5,-0.033286,0.408661,0.033286,2.7125,2.7125,305
484000.0,5.0,0.5586034912718204,2712.5,1812.5,-0.031425,0.407198,0.032866,2.7125,2.7125,306
483000.0,4.0,0.5635910224438903,2712.5,2125.0,-0.026861,0.405714,0.032522,2.7125,2.7125,307
482000.0,3.0,0.5760598503740648,3366.6666666666665,2125.0,-0.019985,0.404243,0.032126,3.3666666666666667,3.3666666666666667,308
481000.0,4.0,0.5935162094763092,2975.0,2066.6666666666665,-0.011353,0.402815,0.031672,2.975,2.975,309
480000.0,4.0,0.5960099750623441,2975.0,1950.0,-0.001993,0.401472,0.031215,2.975,2.975,310
479000.0,4.0,0.6109725685785536,1750.0,1950.0,0.007289,0.400244,0.030718,1.75,1.75,311
478000.0,4.0,0.6109725685785536,1750.0,1950.0,0.015696,0.39917,0.030216,1.75,1.75,312
477000.0,5.0,0.57356608478803,1887.5,1950.0,0.022311,0.398281,0.02968,1.8875,1.8875,313
476000.0,5.0,0.5236907730673317,1887.5,1950.0,0.026609,0.397609,0.029054,1.8875,1.8875,314
475000.0,5.0,0.47880299251870323,1887.5,2090.0,0.028387,0.397176,0.02855,1.8875,1.8875,315
474000.0,5.0,0.47880299251870323,1887.5,2090.0,0.027313,0.397004,0.027877,1.8875,1.8875,316
473000.0,4.0,0.48129675810473815,1887.5,2350.0,0.023801,0.397103,0.027246,1.8875,1.8875,317
472000.0,4.0,0.5311720698254364,1887.5,2350.0,0.018255,0.397481,0.026655,1.8875,1.8875,318
471000.0,3.0,0.5586034912718204,2366.6666666666665,2133.3333333333335,0.011197,0.398132,0.025949,2.3666666666666667,2.3666666666666667,319
470000.0,3.0,0.6084788029925187,2366.6666666666665,2133.3333333333335,0.00347,0.399046,0.025313,2.3666666666666667,2.3666666666666667,320
469000.0,4.0,0.6109725685785536,3062.5,2133.3333333333335,-0.004116,0.400202,0.024606,3.0625,3.0625,321
468000.0,4.0,0.5835411471321695,3083.3333333333335,2133.3333333333335,-0.010988,0.401576,0.023938,3.0833333333333335,3.0833333333333335,322
467000.0,4.0,0.5361596009975063,3083.3333333333335,2325.0,-0.016408,0.403132,0.023235,3.0833333333333335,3.0833333333333335,323
466000.0,4.0,0.5361596009975063,3083.3333333333335,2325.0,-0.019926,0.404833,0.022478,3.0833333333333335,3.0833333333333335,324
465000.0,3.0,0.5635910224438903,3083.3333333333335,2383.3333333333335,-0.021465,0.406637,0.021796,3.0833333333333335,3.0833333333333335,325
464000.0,3.0,0.6134663341645885,3083.3333333333335,2383.3333333333335,-0.020891,0.408494,0.021075,3.0833333333333335,3.0833333333333335,326
463000.0,3.0,0.6433915211970075,3725.0,2383.3333333333335,-0.018365,0.410358,0.020275,3.725,3.725,327
462000.0,3.0,0.6433915211970075,3725.0,2383.3333333333335,-0.014441,0.412175,0.01961,3.725,3.725,328
461000.0,3.0,0.6384039900249376,4266.666666666667,2775.0,-0.009398,0.413895,0.018842,4.266666666666667,4.266666666666667,329
460000.0,3.0,0.6384039900249376,4266.666666666667,2775.0,-0.00385,0.415471,0.01811,4.266666666666667,4.266666666666667,330
459000.0,3.0,0.6134663341645885,5250.0,2583.3333333333335,0.00156,0.416854,0.017375,5.25,5.25,331
458000.0,4.0,0.6084788029925187,3966.6666666666665,2583.3333333333335,0.006446,0.417999,0.016674,3.9666666666666663,3.9666666666666663,332
457000.0,3.0,0.6034912718204489,3966.6666666666665,2000.0,0.010377,0.418873,0.015947,3.9666666666666663,3.9666666666666663,333
456000.0,4.0,0.6458852867830424,3237.5,2000.0,0.012914,0.419444,0.015229,3.2375,3.2375,334
455000.0,4.0,0.6433915211970075,2600.0,2000.0,0.014109,0.419687,0.014539,2.6,2.6,335
454000.0,4.0,0.6309226932668329,2600.0,1850.0,0.013842,0.419594,0.013872,2.6,2.6,336
453000.0,5.0,0.6234413965087282,2350.0,1850.0,0.012212,0.419156,0.013161,2.35,2.35,337
452000.0,5.0,0.57356608478803,2350.0,1850.0,0.009559,0.418377,0.012507,2.35,2.35,338
451000.0,5.0,0.5236907730673317,2350.0,1850.0,0.006227,0.417276,0.011891,2.35,2.35,339
450000.0,5.0,0.47381546134663344,2350.0,1850.0,0.002462,0.415869,0.011225,2.35,2.35,340
449000.0,4.0,0.4688279301745636,2350.0,1500.0,-0.001146,0.414189,0.010646,2.35,2.35,341
448000.0,4.0,0.4688279301745636,2350.0,1500.0,-0.004293,0.412276,0.010049,2.35,2.35,342
447000.0,4.0,0.4688279301745636,2350.0,1500.0,-0.006776,0.410171,0.009539,2.35,2.35,343
446000.0,4.0,0.41895261845386533,1350.0,1500.0,-0.008165,0.407926,0.009001,1.35,1.35,344
445000.0,4.0,0.3690773067331671,1350.0,1500.0,-0.008486,0.405606,0.008512,1.35,1.35,345
444000.0,4.0,0.3192019950124688,1350.0,1500.0,-0.007815,0.403265,0.008155,1.35,1.35,346
443000.0,4.0,0.26932668329177056,1350.0,1500.0,-0.006086,0.400974,0.007711,1.35,1.35,347
442000.0,4.0,0.24438902743142144,1350.0,3787.5,-0.003722,0.398805,0.007413,1.35,1.35,348
441000.0,4.0,0.2543640897755611,1275.0,4316.666666666667,-0.001016,0.396817,0.00717,1.275,1.275,349
440000.0,4.0,0.26184538653366585,1275.0,3562.5,0.001772,0.395078,0.006968,1.275,1.275,350
439000.0,4.0,0.2892768079800499,1233.3333333333333,3562.5,0.004197,0.393648,0.006849,1.2333333333333332,1.2333333333333332,351
438000.0,3.0,0.29177057356608477,1233.3333333333333,4450.0,0.005886,0.392568,0.00678,1.2333333333333332,1.2333333333333332,352
437000.0,3.0,0.3341645885286783,1325.0,4450.0,0.006807,0.39188,0.006846,1.325,1.325,353
436000.0,3.0,0.2942643391521197,1966.6666666666667,5975.0,0.006628,0.391608,0.00691,1.9666666666666668,1.9666666666666668,354
435000.0,3.0,0.2942643391521197,1966.6666666666667,5975.0,0.005461,0.39176,0.007052,1.9666666666666668,1.9666666666666668,355
434000.0,3.0,0.2593516209476309,2150.0,5975.0,0.003479,0.392336,0.007277,2.15,2.15,356
433000.0,2.0,0.2144638403990025,2150.0,1300.0,0.000883,0.39332,0.007545,2.15,2.15,357
432000.0,3.0,0.2194513715710723,1466.6666666666667,2975.0,-0.002057,0.394679,0.007805,1.4666666666666668,1.4666666666666668,358
431000.0,4.0,0.26184538653366585,1312.5,2066.6666666666665,-0.004776,0.396377,0.008154,1.3125,1.3125,359
430000.0,5.0,0.29925187032418954,1090.0,1300.0,-0.007123,0.398367,0.008511,1.09,1.09,360
429000.0,6.0,0.3341645885286783,1100.0,1133.3333333333333,-0.008693,0.400584,0.00891,1.1,1.1,361
428000.0,6.0,0.38403990024937656,1100.0,1133.3333333333333,-0.009197,0.402976,0.009267,1.1,1.1,362
427000.0,7.0,0.4314214463840399,1235.7142857142858,1133.3333333333333,-0.00867,0.405475,0.009707,1.2357142857142858,1.2357142857142858,363
426000.0,7.0,0.4314214463840399,1235.7142857142858,1133.3333333333333,-0.007032,0.408012,0.010139,1.2357142857142858,1.2357142857142858,364
425000.0,7.0,0.456359102244389,1235.7142857142858,1192.857142857143,-0.004438,0.410527,0.010514,1.2357142857142858,1.2357142857142858,365
424000.0,8.0,0.4688279301745636,1175.0,1192.857142857143,-0.001167,0.412956,0.010964,1.175,1.175,366
423000.0,9.0,0.4937655860349127,1100.0,1181.25,0.002401,0.415234,0.011374,1.1,1.1,367
422000.0,9.0,0.48129675810473815,1106.25,1155.5555555555557,0.006044,0.417316,0.011771,1.10625,1.10625,368
421000.0,9.0,0.4713216957605985,1038.888888888889,1077.7777777777778,0.009153,0.419147,0.012165,1.038888888888889,1.038888888888889,369
420000.0,10.0,0.5012468827930174,766.6666666666666,1077.7777777777778,0.011543,0.420688,0.012557,0.7666666666666666,0.7666666666666666,370
419000.0,10.0,0.4713216957605985,766.6666666666666,1060.0,0.012886,0.421912,0.012937,0.7666666666666666,0.7666666666666666,371
418000.0,11.0,0.4389027431421446,755.0,1022.7272727272727,0.012976,0.422792,0.013295,0.755,0.755,372
417000.0,12.0,0.4339152119700748,777.2727272727273,1022.7272727272727,0.01173,0.423312,0.01359,0.7772727272727272,0.7772727272727272,373
416000.0,11.0,0.42643391521197005,777.2727272727273,660.0,0.009383,0.423473,0.014,0.7772727272727272,0.7772727272727272,374
415000.0,11.0,0.456359102244389,777.2727272727273,736.3636363636364,0.005879,0.423273,0.014242,0.7772727272727272,0.7772727272727272,375
414000.0,12.0,0.47880299251870323,770.8333333333334,720.8333333333334,0.001725,0.422726,0.014537,0.7708333333333334,0.7708333333333334,376
413000.0,13.0,0.48877805486284287,753.8461538461538,720.8333333333334,-0.002725,0.421848,0.014836,0.7538461538461538,0.7538461538461538,377
412000.0,12.0,0.5236907730673317,808.3333333333334,783.3333333333334,-0.007143,0.420661,0.015056,0.8083333333333333,0.8083333333333333,378
411000.0,11.0,0.5311720698254364,804.5454545454545,783.3333333333334,-0.010964,0.419194,0.015279,0.8045454545454545,0.8045454545454545,379
410000.0,12.0,0.5236907730673317,895.4545454545455,850.0,-0.013816,0.417481,0.01548,0.8954545454545455,0.8954545454545455,380
409000.0,12.0,0.516209476309227,759.0909090909091,868.1818181818181,-0.015474,0.415557,0.015664,0.7590909090909091,0.7590909090909091,381
408000.0,12.0,0.46633416458852867,759.0909090909091,868.1818181818181,-0.015622,0.413464,0.015795,0.7590909090909091,0.7590909090909091,382
407000.0,11.0,0.4164588528678304,759.0909090909091,868.1818181818181,-0.014268,0.411247,0.015899,0.7590909090909091,0.7590909090909091,383
406000.0,11.0,0.4164588528678304,759.0909090909091,1013.6363636363636,-0.011532,0.408948,0.016007,0.7590909090909091,0.7590909090909091,384
405000.0,11.0,0.44389027431421446,760.0,1013.6363636363636,-0.007645,0.406622,0.016059,0.76,0.76,385
404000.0,10.0,0.47880299251870323,760.0,1005.0,-0.002909,0.404319,0.01604,0.76,0.76,386
403000.0,10.0,0.46384039900249374,930.0,1011.1111111111111,0.002017,0.402084,0.016067,0.93,0.93,387
402000.0,10.0,0.456359102244389,977.7777777777778,1011.1111111111111,0.00684,0.39997,0.016003,0.9777777777777779,0.9777777777777779,388
401000.0,9.0,0.4837905236907731,1000.0,1150.0,0.010923,0.398021,0.015906,1.0,1.0,389
400000.0,9.0,0.49625935162094764,1105.5555555555557,1181.25,0.013871,0.396273,0.01581,1.1055555555555556,1.1055555555555556,390
399000.0,9.0,0.47880299251870323,1162.5,1181.25,0.015375,0.394763,0.015633,1.1625,1.1625,391
398000.0,8.0,0.4613466334164589,1185.7142857142858,1257.142857142857,0.015353,0.393519,0.015498,1.1857142857142857,1.1857142857142857,392
397000.0,8.0,0.44139650872817954,1068.75,1218.75,0.013662,0.392558,0.015211,1.06875,1.06875,393
396000.0,8.0,0.4912718204488778,1068.75,1218.75,0.010722,0.391897,0.015013,1.06875,1.06875,394
395000.0,9.0,0.47381546134663344,1168.75,1218.75,0.006713,0.39155,0.014746,1.16875,1.16875,395
394000.0,8.0,0.4513715710723192,1257.142857142857,1314.2857142857142,0.002171,0.391513,0.014383,1.2571428571428571,1.2571428571428571,396
393000.0,8.0,0.4488778054862843,1125.0,1521.4285714285713,-0.002407,0.391791,0.01409,1.125,1.125,397
392000.0,8.0,0.44389027431421446,1014.2857142857143,1393.75,-0.006493,0.392377,0.013717,1.0142857142857142,1.0142857142857142,398
391000.0,8.0,0.44389027431421446,1014.2857142857143,1393.75,-0.009737,0.393259,0.013299,1.0142857142857142,1.0142857142857142,399
390000.0,6.0,0.46384039900249374,1108.3333333333333,1733.3333333333333,-0.011723,0.394422,0.012893,1.1083333333333332,1.1083333333333332,400
389000.0,5.0,0.486284289276808,1220.0,1450.0,-0.012348,0.395845,0.012414,1.22,1.22,401
388000.0,5.0,0.5361596009975063,1220.0,1450.0,-0.011649,0.397496,0.011948,1.22,1.22,402
387000.0,6.0,0.5760598503740648,1925.0,1450.0,-0.009725,0.399346,0.011403,1.925,1.925,403
386000.0,6.0,0.5760598503740648,1925.0,1450.0,-0.006924,0.401359,0.010825,1.925,1.925,404
385000.0,6.0,0.5286783042394015,1870.0,1450.0,-0.003653,0.403491,0.010319,1.87,1.87,405
384000.0,6.0,0.47880299251870323,1870.0,1450.0,-0.000268,0.405703,0.00963,1.87,1.87,406
383000.0,5.0,0.5062344139650873,1870.0,1760.0,0.002761,0.407953,0.009049,1.87,1.87,407
382000.0,5.0,0.5561097256857855,1870.0,1760.0,0.005095,0.410193,0.008425,1.87,1.87,408
381000.0,6.0,0.5286783042394015,1910.0,1760.0,0.006557,0.412385,0.007766,1.91,1.91,409
380000.0,6.0,0.5261845386533666,1910.0,1583.3333333333333,0.006972,0.414488,0.007124,1.91,1.91,410
379000.0,6.0,0.5386533665835411,1800.0,1460.0,0.006413,0.416461,0.006494,1.8,1.8,411
378000.0,7.0,0.5685785536159601,1621.4285714285713,1200.0,0.005014,0.418268,0.005904,1.6214285714285714,1.6214285714285714,412
377000.0,7.0,0.5760598503740648,1716.6666666666667,1358.3333333333333,0.003065,0.419879,0.005334,1.7166666666666668,1.7166666666666668,413
376000.0,7.0,0.5261845386533666,1716.6666666666667,1358.3333333333333,0.000821,0.421255,0.004816,1.7166666666666668,1.7166666666666668,414
375000.0,6.0,0.5236907730673317,1716.6666666666667,1308.3333333333333,-0.001273,0.422368,0.00448,1.7166666666666668,1.7166666666666668,415
374000.0,6.0,0.57356608478803,1716.6666666666667,1308.3333333333333,-0.002989,0.423195,0.004219,1.7166666666666668,1.7166666666666668,416
373000.0,6.0,0.5810473815461347,1925.0,1333.3333333333333,-0.004002,0.423706,0.004155,1.925,1.925,417
372000.0,7.0,0.5860349127182045,1133.3333333333333,1185.7142857142858,-0.004188,0.423886,0.004298,1.1333333333333333,1.1333333333333333,418
371000.0,8.0,0.5660847880299252,1071.4285714285713,1087.5,-0.003445,0.42372,0.004592,1.0714285714285714,1.0714285714285714,419
370000.0,9.0,0.5386533665835411,993.75,1087.5,-0.001949,0.423199,0.0051,0.99375,0.99375,420
369000.0,9.0,0.48877805486284287,993.75,1087.5,0.000255,0.422324,0.005604,0.99375,0.99375,421
368000.0,9.0,0.4389027431421446,993.75,1087.5,0.002703,0.421106,0.00629,0.99375,0.99375,422
367000.0,8.0,0.39650872817955113,993.75,757.1428571428571,0.005202,0.419558,0.007047,0.99375,0.99375,423
366000.0,8.0,0.4339152119700748,993.75,1137.5,0.007259,0.417712,0.007766,0.99375,0.99375,424
365000.0,8.0,0.4837905236907731,993.75,1137.5,0.008606,0.415601,0.008607,0.99375,0.99375,425
364000.0,8.0,0.5336658354114713,993.75,1137.5,0.008895,0.413264,0.009421,0.99375,0.99375,426
363000.0,8.0,0.5461346633416458,828.5714285714286,1137.5,0.008029,0.410755,0.010315,0.8285714285714285,0.8285714285714285,427
362000.0,9.0,0.5336658354114713,1287.5,1137.5,0.005925,0.40813,0.01116,1.2875,1.2875,428
361000.0,9.0,0.5311720698254364,1183.3333333333333,1112.5,0.002727,0.405442,0.012031,1.1833333333333333,1.1833333333333333,429
360000.0,9.0,0.4937655860349127,1175.0,1127.7777777777778,-0.001271,0.402762,0.012987,1.175,1.175,430
359000.0,9.0,0.5012468827930174,1116.6666666666667,1168.75,-0.005666,0.400152,0.013802,1.1166666666666667,1.1166666666666667,431
358000.0,8.0,0.516209476309227,1187.5,1212.5,-0.009995,0.397681,0.014723,1.1875,1.1875,432
357000.0,7.0,0.5311720698254364,1257.142857142857,1078.5714285714287,-0.013645,0.395418,0.015601,1.2571428571428571,1.2571428571428571,433
356000.0,7.0,0.5810473815461347,1257.142857142857,1078.5714285714287,-0.016195,0.393427,0.016469,1.2571428571428571,1.2571428571428571,434
355000.0,7.0,0.6234413965087282,1225.0,1078.5714285714287,-0.017168,0.391768,0.017327,1.225,1.225,435
354000.0,7.0,0.6234413965087282,1225.0,1078.5714285714287,-0.016341,0.390499,0.018161,1.225,1.225,436
353000.0,7.0,0.6184538653366584,1958.3333333333333,1150.0,-0.01362,0.38966,0.019023,1.9583333333333333,1.9583333333333333,437
352000.0,6.0,0.5835411471321695,2210.0,1320.0,-0.009231,0.38928,0.019834,2.21,2.21,438
351000.0,5.0,0.5511221945137157,2210.0,1550.0,-0.003428,0.389384,0.020598,2.21,2.21,439
350000.0,4.0,0.5361596009975063,2650.0,1500.0,0.003116,0.389964,0.021445,2.65,2.65,440
349000.0,4.0,0.5860349127182045,2650.0,1500.0,0.009848,0.391006,0.022182,2.65,2.65,441
348000.0,4.0,0.6359102244389028,2650.0,1500.0,0.015961,0.392485,0.022906,2.65,2.65,442
347000.0,4.0,0.685785536159601,2650.0,1500.0,0.020893,0.39435,0.023692,2.65,2.65,443
346000.0,4.0,0.7007481296758105,2033.3333333333333,1500.0,0.023955,0.396545,0.024359,2.033333333333333,2.033333333333333,444
345000.0,5.0,0.683291770573566,2662.5,1270.0,0.024895,0.399011,0.025086,2.6625,2.6625,445
344000.0,6.0,0.655860349127182,2270.0,1270.0,0.023431,0.401667,0.025727,2.27,2.27,446
343000.0,6.0,0.6109725685785536,2270.0,1300.0,0.019702,0.404441,0.026397,2.27,2.27,447
342000.0,5.0,0.6209476309226932,2270.0,1460.0,0.013974,0.407257,0.027039,2.27,2.27,448
341000.0,4.0,0.6533665835411472,2750.0,1512.5,0.006731,0.410034,0.027606,2.75,2.75,449
340000.0,5.0,0.685785536159601,3300.0,1512.5,-0.001378,0.412699,0.028215,3.3,3.3,450
339000.0,4.0,0.6583541147132169,3300.0,1662.5,-0.009682,0.415185,0.028811,3.3,3.3,451
338000.0,5.0,0.6359102244389028,2087.5,1460.0,-0.017354,0.417422,0.02927,2.0875,2.0875,452
337000.0,6.0,0.6134663341645885,1800.0,1460.0,-0.023827,0.419359,0.029858,1.8,1.8,453
336000.0,6.0,0.5635910224438903,1800.0,1460.0,-0.028416,0.420948,0.030333,1.8,1.8,454
335000.0,6.0,0.513715710723192,1800.0,1460.0,-0.030721,0.422149,0.030795,1.8,1.8,455
334000.0,6.0,0.4763092269326683,1800.0,1750.0,-0.030518,0.422937,0.031251,1.8,1.8,456
333000.0,6.0,0.49875311720698257,1666.6666666666667,1380.0,-0.027775,0.423298,0.031691,1.6666666666666667,1.6666666666666667,457
332000.0,6.0,0.49875311720698257,1666.6666666666667,1380.0,-0.022587,0.423221,0.032109,1.6666666666666667,1.6666666666666667,458
331000.0,6.0,0.5012468827930174,1666.6666666666667,1516.6666666666667,-0.015497,0.42272,0.032477,1.6666666666666667,1.6666666666666667,459
330000.0,6.0,0.5461346633416458,1090.0,1516.6666666666667,-0.006873,0.421811,0.032868,1.09,1.09,460
329000.0,6.0,0.5461346633416458,1090.0,1516.6666666666667,0.002487,0.42052,0.033241,1.09,1.09,461
328000.0,6.0,0.5461346633416458,1090.0,1516.6666666666667,0.011823,0.418892,0.033554,1.09,1.09,462
327000.0,7.0,0.5411471321695761,1566.6666666666667,1516.6666666666667,0.020423,0.416972,0.033867,1.5666666666666667,1.5666666666666667,463
326000.0,7.0,0.4912718204488778,1566.6666666666667,1516.6666666666667,0.027487,0.414812,0.034212,1.5666666666666667,1.5666666666666667,464
325000.0,6.0,0.45885286783042395,1740.0,1750.0,0.032374,0.412482,0.034447,1.74,1.74,465
324000.0,6.0,0.4538653366583541,1500.0,1666.6666666666667,0.034669,0.410043,0.034733,1.5,1.5,466
323000.0,6.0,0.5012468827930174,1230.0,1666.6666666666667,0.034076,0.407561,0.034979,1.23,1.23,467
322000.0,6.0,0.5012468827930174,1230.0,1666.6666666666667,0.030546,0.405111,0.035202,1.23,1.23,468
321000.0,6.0,0.5012468827930174,1230.0,1666.6666666666667,0.024407,0.402756,0.035415,1.23,1.23,469
320000.0,5.0,0.5112219451371571,1230.0,1750.0,0.016074,0.400562,0.035579,1.23,1.23,470
319000.0,6.0,0.5286783042394015,1766.6666666666667,1750.0,0.006196,0.398592,0.035806,1.7666666666666668,1.7666666666666668,471
318000.0,5.0,0.513715710723192,2425.0,2025.0,-0.004246,0.396899,0.035905,2.425,2.425,472
317000.0,4.0,0.48877805486284287,2425.0,1862.5,-0.014479,0.395526,0.036043,2.425,2.425,473
316000.0,5.0,0.5336658354114713,2140.0,1862.5,-0.023535,0.394512,0.036191,2.14,2.14,474
315000.0,5.0,0.5336658354114713,2140.0,1862.5,-0.030563,0.393874,0.036257,2.14,2.14,475
314000.0,5.0,0.5286783042394015,2425.0,1890.0,-0.034981,0.393627,0.036318,2.425,2.425,476
313000.0,4.0,0.5386533665835411,2425.0,1812.5,-0.036401,0.393767,0.036409,2.425,2.425,477
312000.0,4.0,0.5885286783042394,2425.0,1812.5,-0.034596,0.394276,0.03641,2.425,2.425,478
311000.0,5.0,0.6184538653366584,2480.0,1812.5,-0.029875,0.395128,0.036439,2.48,2.48,479
310000.0,5.0,0.5685785536159601,2112.5,1812.5,-0.022573,0.396289,0.036418,2.1125,2.1125,480
309000.0,5.0,0.5336658354114713,2112.5,1870.0,-0.013364,0.397712,0.0364,2.1125,2.1125,481
308000.0,5.0,0.5336658354114713,2112.5,1870.0,-0.003078,0.399351,0.036378,2.1125,2.1125,482
307000.0,5.0,0.5187032418952618,2080.0,1762.5,0.007359,0.401152,0.036241,2.08,2.08,483
306000.0,5.0,0.5187032418952618,2080.0,1762.5,0.017162,0.403062,0.036233,2.08,2.08,484
305000.0,6.0,0.5386533665835411,1800.0,1780.0,0.025411,0.405029,0.036089,1.8,1.8,485
304000.0,5.0,0.543640897755611,1512.5,1830.0,0.031473,0.407003,0.035931,1.5125,1.5125,486
303000.0,5.0,0.543640897755611,1512.5,1830.0,0.034969,0.408931,0.035828,1.5125,1.5125,487
302000.0,5.0,0.543640897755611,1512.5,1830.0,0.035544,0.410772,0.03562,1.5125,1.5125,488
301000.0,6.0,0.5211970074812967,1810.0,1830.0,0.033279,0.412481,0.035395,1.81,1.81,489
300000.0,6.0,0.4713216957605985,1810.0,1830.0,0.028473,0.414024,0.035193,1.81,1.81,490
299000.0,5.0,0.4513715710723192,1810.0,1650.0,0.021442,0.415372,0.034891,1.81,1.81,491
298000.0,5.0,0.4513715710723192,1810.0,1650.0,0.012902,0.416498,0.034645,1.81,1.81,492
297000.0,5.0,0.486284289276808,2012.5,2060.0,0.00355,0.417386,0.034269,2.0125,2.0125,493
296000.0,4.0,0.48877805486284287,2012.5,2075.0,-0.005889,0.418025,0.033957,2.0125,2.0125,494
295000.0,5.0,0.4937655860349127,1980.0,2075.0,-0.014685,0.418409,0.033583,1.98,1.98,495
294000.0,6.0,0.5361596009975063,1620.0,1850.0,-0.022065,0.418537,0.03315,1.62,1.62,496
293000.0,6.0,0.486284289276808,1620.0,1850.0,-0.02764,0.418416,0.032731,1.62,1.62,497
292000.0,6.0,0.43640897755610975,1620.0,1850.0,-0.030944,0.418053,0.0323,1.62,1.62,498
291000.0,5.0,0.44389027431421446,1620.0,1880.0,-0.031772,0.417459,0.031775,1.62,1.62,499
290000.0,6.0,0.4763092269326683,1591.6666666666667,1880.0,-0.030232,0.41665,0.03128,1.5916666666666668,1.5916666666666668,500
289000.0,7.0,0.47880299251870323,1316.6666666666667,1691.6666666666667,-0.026492,0.415641,0.030771,1.3166666666666667,1.3166666666666667,501
288000.0,7.0,0.428927680798005,1316.6666666666667,1635.7142857142858,-0.020826,0.414449,0.030191,1.3166666666666667,1.3166666666666667,502
287000.0,7.0,0.4239401496259352,1200.0,1428.5714285714287,-0.013944,0.413099,0.029637,1.2,1.2,503
286000.0,8.0,0.456359102244389,1143.75,1428.5714285714287,-0.006265,0.411607,0.029043,1.14375,1.14375,504
285000.0,7.0,0.4713216957605985,1250.0,1428.5714285714287,0.001607,0.410002,0.028476,1.25,1.25,505
284000.0,7.0,0.5012468827930174,958.3333333333334,1428.5714285714287,0.0089,0.408307,0.027834,0.9583333333333334,0.9583333333333334,506
283000.0,8.0,0.49625935162094764,1192.857142857143,1428.5714285714287,0.015294,0.406555,0.027233,1.1928571428571428,1.1928571428571428,507
282000.0,8.0,0.4463840399002494,1192.857142857143,1428.5714285714287,0.020296,0.404775,0.026658,1.1928571428571428,1.1928571428571428,508
281000.0,7.0,0.4164588528678304,1192.857142857143,1050.0,0.02354,0.403006,0.026003,1.1928571428571428,1.1928571428571428,509
280000.0,7.0,0.4164588528678304,1192.857142857143,1050.0,0.025034,0.401281,0.025407,1.1928571428571428,1.1928571428571428,510
279000.0,7.0,0.4314214463840399,1192.857142857143,1442.857142857143,0.024745,0.399639,0.024845,1.1928571428571428,1.1928571428571428,511
278000.0,7.0,0.48129675810473815,1192.857142857143,1442.857142857143,0.022731,0.398119,0.024234,1.1928571428571428,1.1928571428571428,512
277000.0,7.0,0.49625935162094764,1083.3333333333333,1442.857142857143,0.019362,0.396758,0.023666,1.0833333333333333,1.0833333333333333,513
276000.0,7.0,0.49625935162094764,1083.3333333333333,1442.857142857143,0.014976,0.395589,0.023163,1.0833333333333333,1.0833333333333333,514
275000.0,7.0,0.49625935162094764,1421.4285714285713,1525.0,0.009754,0.394645,0.022617,1.4214285714285713,1.4214285714285713,515
274000.0,6.0,0.456359102244389,1508.3333333333333,1557.142857142857,0.004324,0.393951,0.022184,1.5083333333333333,1.5083333333333333,516
273000.0,6.0,0.5062344139650873,1508.3333333333333,1441.6666666666667,-0.001134,0.39353,0.021712,1.5083333333333333,1.5083333333333333,517
272000.0,6.0,0.5561097256857855,1508.3333333333333,1441.6666666666667,-0.006316,0.393401,0.021398,1.5083333333333333,1.5083333333333333,518
271000.0,6.0,0.5685785536159601,1520.0,1441.6666666666667,-0.010874,0.393577,0.02105,1.52,1.52,519
270000.0,6.0,0.5486284289276808,1833.3333333333333,1580.0,-0.014666,0.394064,0.020798,1.8333333333333333,1.8333333333333333,520
269000.0,5.0,0.5511221945137157,2140.0,1590.0,-0.017671,0.394869,0.020689,2.14,2.14,521
268000.0,6.0,0.5536159600997507,1850.0,1590.0,-0.019574,0.395987,0.020562,1.85,1.85,522
267000.0,5.0,0.5536159600997507,2462.5,1790.0,-0.020508,0.397404,0.020563,2.4625,2.4625,523
266000.0,5.0,0.5561097256857855,2090.0,1710.0,-0.020436,0.399106,0.020703,2.09,2.09,524
265000.0,6.0,0.5286783042394015,1730.0,1710.0,-0.019225,0.401061,0.020851,1.73,1.73,525
264000.0,6.0,0.5211970074812967,1730.0,1600.0,-0.017023,0.403233,0.021132,1.73,1.73,526
263000.0,5.0,0.5236907730673317,1730.0,1160.0,-0.013882,0.405578,0.021501,1.73,1.73,527
262000.0,6.0,0.5336658354114713,1783.3333333333333,1160.0,-0.009796,0.408041,0.021946,1.7833333333333332,1.7833333333333332,528
261000.0,6.0,0.5635910224438903,1783.3333333333333,1166.6666666666667,-0.004947,0.41056,0.022467,1.7833333333333332,1.7833333333333332,529
260000.0,6.0,0.6134663341645885,1783.3333333333333,1166.6666666666667,0.000358,0.413081,0.023044,1.7833333333333332,1.7833333333333332,530
259000.0,7.0,0.6084788029925187,1500.0,1166.6666666666667,0.006147,0.415531,0.023734,1.5,1.5,531
258000.0,7.0,0.5586034912718204,1500.0,1166.6666666666667,0.011834,0.417848,0.024437,1.5,1.5,532
257000.0,7.0,0.5236907730673317,1500.0,1364.2857142857142,0.017207,0.419976,0.025186,1.5,1.5,533
256000.0,7.0,0.5236907730673317,1500.0,1364.2857142857142,0.021934,0.421854,0.026038,1.5,1.5,534
255000.0,6.0,0.5635910224438903,1500.0,1300.0,0.025546,0.423428,0.026895,1.5,1.5,535
254000.0,6.0,0.6109725685785536,1120.0,1300.0,0.027675,0.424662,0.027735,1.12,1.12,536
253000.0,7.0,0.6109725685785536,1650.0,1300.0,0.028203,0.425509,0.028717,1.65,1.65,537
252000.0,7.0,0.5610972568578554,1650.0,1300.0,0.026708,0.425945,0.029607,1.65,1.65,538
251000.0,7.0,0.5112219451371571,1650.0,1300.0,0.023259,0.425948,0.030559,1.65,1.65,539
250000.0,6.0,0.5286783042394015,1650.0,1458.3333333333333,0.017939,0.425501,0.031516,1.65,1.65,540
249000.0,8.0,0.543640897755611,1542.857142857143,1264.2857142857142,0.010897,0.424606,0.032474,1.542857142857143,1.542857142857143,541
248000.0,8.0,0.5461346633416458,1368.75,1142.857142857143,0.002545,0.423273,0.033412,1.36875,1.36875,542
247000.0,9.0,0.5361596009975063,1331.25,1156.25,-0.00647,0.421512,0.034358,1.33125,1.33125,543
246000.0,9.0,0.5211970074812967,1287.5,1187.5,-0.015656,0.419359,0.035277,1.2875,1.2875,544
245000.0,8.0,0.5511221945137157,1287.5,1100.0,-0.024208,0.416855,0.03623,1.2875,1.2875,545
244000.0,9.0,0.543640897755611,1162.5,1016.6666666666666,-0.031326,0.414046,0.037085,1.1625,1.1625,546
243000.0,9.0,0.543640897755611,1162.5,1016.6666666666666,-0.036412,0.411,0.037982,1.1625,1.1625,547
242000.0,8.0,0.5810473815461347,1162.5,993.75,-0.038892,0.407791,0.038894,1.1625,1.1625,548
241000.0,9.0,0.5610972568578554,1256.25,993.75,-0.038187,0.404493,0.039654,1.25625,1.25625,549
240000.0,10.0,0.5511221945137157,1205.5555555555557,988.8888888888889,-0.034419,0.4012,0.040534,1.2055555555555557,1.2055555555555557,550
239000.0,9.0,0.5610972568578554,1205.5555555555557,783.3333333333334,-0.027488,0.398002,0.041314,1.2055555555555557,1.2055555555555557,551
238000.0,10.0,0.5835411471321695,1170.0,783.3333333333334,-0.017867,0.394987,0.042049,1.17,1.17,552
237000.0,10.0,0.571072319201995,822.2222222222222,783.3333333333334,-0.006334,0.392253,0.042808,0.8222222222222222,0.8222222222222222,553
236000.0,10.0,0.5561097256857855,822.2222222222222,890.0,0.0062,0.38988,0.043484,0.8222222222222222,0.8222222222222222,554
235000.0,10.0,0.5561097256857855,822.2222222222222,890.0,0.018773,0.38794,0.044183,0.8222222222222222,0.8222222222222222,555
234000.0,11.0,0.5112219451371571,920.0,890.0,0.029958,0.386505,0.04479,0.92,0.92,556
233000.0,11.0,0.4613466334164589,920.0,890.0,0.038888,0.385617,0.045385,0.92,0.92,557
232000.0,10.0,0.45885286783042395,920.0,733.3333333333334,0.044625,0.385302,0.045996,0.92,0.92,558
231000.0,10.0,0.45885286783042395,920.0,733.3333333333334,0.046419,0.385583,0.046481,0.92,0.92,559
230000.0,11.0,0.4463840399002494,850.0,1009.0909090909091,0.044133,0.386442,0.046954,0.85,0.85,560
229000.0,9.0,0.46384039900249374,911.1111111111111,1161.111111111111,0.037976,0.387854,0.047476,0.9111111111111111,0.9111111111111111,561
228000.0,8.0,0.5062344139650873,1006.25,1150.0,0.02821,0.389779,0.047795,1.00625,1.00625,562
227000.0,8.0,0.5386533665835411,1350.0,1150.0,0.01597,0.392148,0.048213,1.35,1.35,563
226000.0,7.0,0.516209476309227,1478.5714285714287,1391.6666666666667,0.002231,0.394887,0.048525,1.4785714285714286,1.4785714285714286,564
225000.0,7.0,0.48129675810473815,1550.0,1391.6666666666667,-0.011904,0.397918,0.048819,1.55,1.55,565
224000.0,6.0,0.4488778054862843,1360.0,1600.0,-0.025026,0.401142,0.049067,1.36,1.36,566
223000.0,6.0,0.39900249376558605,1360.0,1600.0,-0.036102,0.404469,0.049275,1.36,1.36,567
222000.0,6.0,0.36658354114713215,1360.0,2116.6666666666665,-0.044317,0.407813,0.049488,1.36,1.36,568
221000.0,6.0,0.3865336658354115,1225.0,2025.0,-0.048837,0.411078,0.049622,1.225,1.225,569
220000.0,5.0,0.39650872817955113,1310.0,2290.0,-0.049445,0.414186,0.049721,1.31,1.31,570
219000.0,6.0,0.4089775561097257,1540.0,2290.0,-0.046193,0.417071,0.049864,1.54,1.54,571
218000.0,5.0,0.38403990024937656,1540.0,2400.0,-0.03922,0.419659,0.049889,1.54,1.54,572
217000.0,5.0,0.38403990024937656,1540.0,2400.0,-0.029232,0.421904,0.04992,1.54,1.54,573
216000.0,6.0,0.3690773067331671,1250.0,2500.0,-0.017067,0.423762,0.049952,1.25,1.25,574
215000.0,6.0,0.3491271820448878,1250.0,2175.0,-0.00357,0.425197,0.049927,1.25,1.25,575
214000.0,5.0,0.3915211970074813,1250.0,1790.0,0.010164,0.426189,0.049888,1.25,1.25,576
213000.0,6.0,0.4089775561097257,1366.6666666666667,1790.0,0.022963,0.42673,0.049808,1.3666666666666667,1.3666666666666667,577
212000.0,6.0,0.4513715710723192,1366.6666666666667,1625.0,0.03412,0.426813,0.049754,1.3666666666666667,1.3666666666666667,578
211000.0,7.0,0.46633416458852867,1335.7142857142858,1625.0,0.042547,0.426453,0.049617,1.3357142857142859,1.3357142857142859,579
210000.0,6.0,0.4488778054862843,1200.0,1870.0,0.047741,0.425668,0.049475,1.2,1.2,580
209000.0,6.0,0.39900249376558605,1200.0,1870.0,0.049331,0.424482,0.049333,1.2,1.2,581
208000.0,6.0,0.38154613466334164,1200.0,2066.6666666666665,0.047183,0.422937,0.049181,1.2,1.2,582
207000.0,5.0,0.38154613466334164,1200.0,2066.6666666666665,0.041382,0.421074,0.04892,1.2,1.2,583
206000.0,5.0,0.4314214463840399,1200.0,1540.0,0.032589,0.41894,0.048776,1.2,1.2,584
205000.0,6.0,0.47381546134663344,1583.3333333333333,1540.0,0.021254,0.416595,0.048528,1.5833333333333333,1.5833333333333333,585
204000.0,6.0,0.47381546134663344,1583.3333333333333,1540.0,0.008388,0.414094,0.048262,1.5833333333333333,1.5833333333333333,586
203000.0,6.0,0.47381546134663344,1583.3333333333333,1540.0,-0.005026,0.411493,0.048042,1.5833333333333333,1.5833333333333333,587
202000.0,6.0,0.45885286783042395,1790.0,1540.0,-0.017931,0.40886,0.04775,1.79,1.79,588
201000.0,5.0,0.4713216957605985,1737.5,2120.0,-0.029393,0.406252,0.047493,1.7375,1.7375,589
200000.0,6.0,0.46384039900249374,1730.0,2120.0,-0.038336,0.403725,0.04717,1.73,1.73,590
199000.0,5.0,0.4613466334164589,1730.0,1650.0,-0.04421,0.401336,0.046877,1.73,1.73,591
198000.0,5.0,0.5112219451371571,1730.0,1650.0,-0.046524,0.399136,0.046592,1.73,1.73,592
197000.0,6.0,0.5461346633416458,1825.0,1650.0,-0.045004,0.397163,0.046214,1.825,1.825,593
196000.0,5.0,0.5286783042394015,2120.0,1925.0,-0.039944,0.39546,0.045893,2.12,2.12,594
195000.0,5.0,0.5012468827930174,2162.5,1925.0,-0.031768,0.394053,0.045586,2.1625,2.1625,595
194000.0,5.0,0.46384039900249374,2162.5,2150.0,-0.021055,0.392963,0.045159,2.1625,2.1625,596
193000.0,4.0,0.4937655860349127,2162.5,2487.5,-0.008903,0.392205,0.04482,2.1625,2.1625,597
192000.0,4.0,0.5037406483790524,2500.0,2487.5,0.003778,0.391784,0.044446,2.5,2.5,598
191000.0,3.0,0.5361596009975063,2500.0,2300.0,0.015948,0.391696,0.044007,2.5,2.5,599
190000.0,4.0,0.5660847880299252,2837.5,2300.0,0.02658,0.391935,0.043632,2.8375,2.8375,600
189000.0,4.0,0.5660847880299252,2837.5,2300.0,0.034801,0.392484,0.043148,2.8375,2.8375,601
188000.0,4.0,0.5361596009975063,2616.6666666666665,2300.0,0.040202,0.393322,0.042759,2.6166666666666667,2.6166666666666667,602
187000.0,4.0,0.5261845386533666,2616.6666666666665,2375.0,0.042152,0.394425,0.042244,2.6166666666666667,2.6166666666666667,603
186000.0,4.0,0.5261845386533666,2616.6666666666665,2375.0,0.040795,0.395764,0.041765,2.6166666666666667,2.6166666666666667,604
185000.0,3.0,0.5311720698254364,2616.6666666666665,2066.6666666666665,0.03631,0.397307,0.041316,2.6166666666666667,2.6166666666666667,605
184000.0,3.0,0.5810473815461347,2616.6666666666665,2066.6666666666665,0.029083,0.399021,0.040779,2.6166666666666667,2.6166666666666667,606
183000.0,4.0,0.5860349127182045,2937.5,2066.6666666666665,0.019796,0.400871,0.040246,2.9375,2.9375,607
182000.0,4.0,0.5885286783042394,2937.5,2012.5,0.009381,0.402821,0.039795,2.9375,2.9375,608
181000.0,4.0,0.5985037406483791,3350.0,2012.5,-0.001567,0.404836,0.039217,3.35,3.35,609
180000.0,4.0,0.5835411471321695,2825.0,1975.0,-0.011978,0.406877,0.038702,2.825,2.825,610
179000.0,5.0,0.5660847880299252,2400.0,1975.0,-0.021144,0.408908,0.038174,2.4,2.4,611
178000.0,5.0,0.516209476309227,2400.0,1975.0,-0.028546,0.410892,0.037635,2.4,2.4,612
177000.0,4.0,0.513715710723192,2400.0,1737.5,-0.033549,0.412792,0.037079,2.4,2.4,613
176000.0,4.0,0.5635910224438903,2400.0,1737.5,-0.035988,0.414569,0.036526,2.4,2.4,614
175000.0,4.0,0.6134663341645885,2400.0,1737.5,-0.035816,0.416191,0.035987,2.4,2.4,615
174000.0,5.0,0.6134663341645885,2162.5,1737.5,-0.033139,0.417621,0.035432,2.1625,2.1625,616
173000.0,6.0,0.5760598503740648,1780.0,1680.0,-0.028214,0.41883,0.034841,1.78,1.78,617
172000.0,6.0,0.5261845386533666,1780.0,1680.0,-0.021642,0.419794,0.034329,1.78,1.78,618
171000.0,6.0,0.4763092269326683,1780.0,1680.0,-0.013777,0.42049,0.033761,1.78,1.78,619
170000.0,5.0,0.44389027431421446,1780.0,1450.0,-0.005321,0.420898,0.033174,1.78,1.78,620
169000.0,5.0,0.44389027431421446,1780.0,1450.0,0.003143,0.421012,0.032685,1.78,1.78,621
168000.0,6.0,0.4613466334164589,1541.6666666666667,2010.0,0.011102,0.420822,0.032105,1.5416666666666667,1.5416666666666667,622
167000.0,7.0,0.4513715710723192,983.3333333333334,1775.0,0.018081,0.420325,0.031603,0.9833333333333334,0.9833333333333334,623
166000.0,7.0,0.44139650872817954,983.3333333333334,1600.0,0.023578,0.419526,0.031076,0.9833333333333334,0.9833333333333334,624
165000.0,8.0,0.428927680798005,1064.2857142857142,1600.0,0.027481,0.418434,0.030607,1.0642857142857143,1.0642857142857143,625
164000.0,8.0,0.3790523690773067,1064.2857142857142,1600.0,0.029517,0.417061,0.030136,1.0642857142857143,1.0642857142857143,626
163000.0,7.0,0.371571072319202,1064.2857142857142,1558.3333333333333,0.029646,0.415433,0.029677,1.0642857142857143,1.0642857142857143,627
162000.0,7.0,0.371571072319202,1064.2857142857142,1800.0,0.02801,0.413573,0.029296,1.0642857142857143,1.0642857142857143,628
161000.0,7.0,0.371571072319202,1033.3333333333333,1800.0,0.024708,0.411517,0.028934,1.0333333333333332,1.0333333333333332,629
160000.0,7.0,0.3516209476309227,1133.3333333333333,2033.3333333333333,0.019977,0.409309,0.02857,1.1333333333333333,1.1333333333333333,630
159000.0,6.0,0.33915211970074816,1133.3333333333333,2020.0,0.014181,0.406997,0.028326,1.1333333333333333,1.1333333333333333,631
158000.0,6.0,0.33915211970074816,1133.3333333333333,2020.0,0.007615,0.404636,0.028109,1.1333333333333333,1.1333333333333333,632
157000.0,6.0,0.3541147132169576,780.0,2158.3333333333335,0.000653,0.40229,0.027889,0.78,0.78,633
156000.0,6.0,0.3541147132169576,780.0,2158.3333333333335,-0.006277,0.400023,0.02783,0.78,0.78,634
155000.0,7.0,0.3266832917705736,1050.0,2158.3333333333335,-0.012798,0.397901,0.027761,1.05,1.05,635
154000.0,7.0,0.3266832917705736,935.7142857142857,2100.0,-0.018607,0.395997,0.027779,0.9357142857142857,0.9357142857142857,636
153000.0,6.0,0.34663341645885287,1050.0,1483.3333333333333,-0.023237,0.394366,0.027847,1.05,1.05,637
152000.0,6.0,0.39650872817955113,1050.0,1483.3333333333333,-0.026504,0.393073,0.028004,1.05,1.05,638
151000.0,6.0,0.4463840399002494,1050.0,1483.3333333333333,-0.028129,0.392163,0.028196,1.05,1.05,639
150000.0,7.0,0.4613466334164589,1321.4285714285713,1371.4285714285713,-0.027948,0.39167,0.028439,1.3214285714285714,1.3214285714285714,640
149000.0,8.0,0.48129675810473815,1206.25,1371.4285714285713,-0.025927,0.391619,0.028757,1.20625,1.20625,641
148000.0,7.0,0.46384039900249374,1328.5714285714287,1500.0,-0.02214,0.39202,0.029143,1.3285714285714287,1.3285714285714287,642
147000.0,7.0,0.46384039900249374,1328.5714285714287,1683.3333333333333,-0.016697,0.392859,0.029516,1.3285714285714287,1.3285714285714287,643
146000.0,7.0,0.46633416458852867,1291.6666666666667,1528.5714285714287,-0.009953,0.394122,0.029974,1.2916666666666667,1.2916666666666667,644
145000.0,7.0,0.43640897755610975,1250.0,1241.6666666666667,-0.002279,0.395771,0.030524,1.25,1.25,645
144000.0,7.0,0.43640897755610975,1250.0,1241.6666666666667,0.005839,0.397756,0.030976,1.25,1.25,646
143000.0,7.0,0.4538653366583541,1250.0,1414.2857142857142,0.013872,0.400026,0.031582,1.25,1.25,647
142000.0,7.0,0.5037406483790524,1250.0,1414.2857142857142,0.021179,0.402514,0.032159,1.25,1.25,648
141000.0,7.0,0.5062344139650873,1258.3333333333333,1414.2857142857142,0.027299,0.405144,0.032735,1.2583333333333333,1.2583333333333333,649
140000.0,6.0,0.543640897755611,1258.3333333333333,1175.0,0.031682,0.40785,0.033369,1.2583333333333333,1.2583333333333333,650
139000.0,7.0,0.5610972568578554,1607.142857142857,1175.0,0.033923,0.410549,0.033971,1.6071428571428572,1.6071428571428572,651
138000.0,7.0,0.5610972568578554,1607.142857142857,1175.0,0.033823,0.413162,0.034618,1.6071428571428572,1.6071428571428572,652
137000.0,8.0,0.5286783042394015,1300.0,1314.2857142857142,0.031242,0.415622,0.035247,1.3,1.3,653
136000.0,8.0,0.49625935162094764,1300.0,1262.5,0.026254,0.417852,0.035826,1.3,1.3,654
135000.0,7.0,0.5211970074812967,1300.0,1285.7142857142858,0.019217,0.41979,0.036557,1.3,1.3,655
134000.0,6.0,0.5586034912718204,1475.0,1408.3333333333333,0.010443,0.421384,0.037082,1.475,1.475,656
133000.0,7.0,0.5760598503740648,1533.3333333333333,1408.3333333333333,0.000619,0.422583,0.037717,1.5333333333333332,1.5333333333333332,657
132000.0,7.0,0.5261845386533666,1533.3333333333333,1408.3333333333333,-0.009605,0.423356,0.038348,1.5333333333333332,1.5333333333333332,658
131000.0,7.0,0.5112219451371571,1533.3333333333333,1400.0,-0.019454,0.423683,0.038882,1.5333333333333332,1.5333333333333332,659
130000.0,7.0,0.5087281795511222,1457.142857142857,1516.6666666666667,-0.028188,0.423548,0.039446,1.457142857142857,1.457142857142857,660
129000.0,6.0,0.48877805486284287,1633.3333333333333,1490.0,-0.03503,0.422956,0.039999,1.6333333333333333,1.6333333333333333,661
128000.0,6.0,0.48877805486284287,1633.3333333333333,1490.0,-0.039442,0.421922,0.040489,1.6333333333333333,1.6333333333333333,662
127000.0,6.0,0.5037406483790524,1683.3333333333333,1940.0,-0.040942,0.420467,0.040986,1.6833333333333333,1.6833333333333333,663
126000.0,6.0,0.5012468827930174,1820.0,1666.6666666666667,-0.039274,0.418631,0.04141,1.82,1.82,664
125000.0,5.0,0.5386533665835411,1820.0,1510.0,-0.034514,0.416464,0.041862,1.82,1.82,665
124000.0,5.0,0.5885286783042394,1820.0,1510.0,-0.02688,0.414014,0.042243,1.82,1.82,666
123000.0,6.0,0.6034912718204489,1740.0,1510.0,-0.016901,0.411355,0.042547,1.74,1.74,667
122000.0,6.0,0.5536159600997507,1740.0,1510.0,-0.005352,0.408558,0.042919,1.74,1.74,668
121000.0,6.0,0.5037406483790524,1740.0,1510.0,0.006873,0.405698,0.043149,1.74,1.74,669
120000.0,6.0,0.4763092269326683,1740.0,1750.0,0.018751,0.402861,0.043371,1.74,1.74,670
119000.0,5.0,0.5062344139650873,1740.0,1670.0,0.029223,0.40013,0.043578,1.74,1.74,671
118000.0,6.0,0.5386533665835411,1800.0,1670.0,0.037378,0.397578,0.043722,1.8,1.8,672
117000.0,5.0,0.5261845386533666,2110.0,1862.5,0.042419,0.395291,0.043813,2.11,2.11,673
116000.0,5.0,0.5112219451371571,1812.5,1862.5,0.043845,0.39333,0.043877,1.8125,1.8125,674
115000.0,5.0,0.4837905236907731,1812.5,2070.0,0.041499,0.391752,0.043921,1.8125,1.8125,675
114000.0,5.0,0.4837905236907731,1812.5,2070.0,0.035501,0.390609,0.043884,1.8125,1.8125,676
113000.0,5.0,0.47880299251870323,1920.0,2070.0,0.026454,0.389928,0.043839,1.92,1.92,677
112000.0,5.0,0.47880299251870323,1920.0,2250.0,0.015061,0.389723,0.043729,1.92,1.92,678
111000.0,5.0,0.4463840399002494,2150.0,2250.0,0.002467,0.390002,0.043647,2.15,2.15,679
110000.0,4.0,0.428927680798005,2150.0,2050.0,-0.010274,0.390745,0.043416,2.15,2.15,680
109000.0,4.0,0.428927680798005,2150.0,2050.0,-0.02197,0.391923,0.043249,2.15,2.15,681
108000.0,4.0,0.428927680798005,2150.0,2050.0,-0.031654,0.3935,0.043031,2.15,2.15,682
107000.0,4.0,0.4014962593516209,2583.3333333333335,3000.0,-0.038444,0.39542,0.042723,2.5833333333333335,2.5833333333333335,683
106000.0,3.0,0.4164588528678304,2225.0,3900.0,-0.041907,0.397622,0.042452,2.225,2.225,684
105000.0,3.0,0.4164588528678304,2225.0,3900.0,-0.041776,0.400045,0.042123,2.225,2.225,685
104000.0,3.0,0.4164588528678304,2225.0,3900.0,-0.038162,0.402617,0.041769,2.225,2.225,686
103000.0,2.0,0.4339152119700748,2225.0,4375.0,-0.031554,0.405267,0.041378,2.225,2.225,687
102000.0,3.0,0.46384039900249374,3100.0,4375.0,-0.022512,0.40793,0.040965,3.1,3.1,688
101000.0,3.0,0.46384039900249374,3100.0,4375.0,-0.01189,0.410536,0.040563,3.1,3.1,689
100000.0,3.0,0.44389027431421446,3600.0,4375.0,-0.00065,0.413027,0.04006,3.6,3.6,690
99000.0,3.0,0.3940149625935162,3600.0,4375.0,0.010357,0.415346,0.039585,3.6,3.6,691
98000.0,2.0,0.3915211970074813,3600.0,4800.0,0.020276,0.417442,0.039143,3.6,3.6,692
97000.0,2.0,0.44139650872817954,3600.0,4800.0,0.028256,0.419275,0.038553,3.6,3.6,693
96000.0,2.0,0.4912718204488778,3600.0,4800.0,0.03395,0.420814,0.038087,3.6,3.6,694
95000.0,2.0,0.5211970074812967,4850.0,4800.0,0.036824,0.422029,0.037539,4.85,4.85,695
94000.0,3.0,0.48129675810473815,4350.0,4800.0,0.036876,0.422907,0.036998,4.35,4.35,696
93000.0,2.0,0.4339152119700748,4350.0,3750.0,0.034174,0.423437,0.036448,4.35,4.35,697
92000.0,2.0,0.44139650872817954,4350.0,3200.0,0.029036,0.423616,0.035875,4.35,4.35,698
91000.0,3.0,0.4713216957605985,3150.0,3200.0,0.021885,0.423447,0.03532,3.15,3.15,699
90000.0,3.0,0.5187032418952618,3150.0,2283.3333333333335,0.013422,0.422944,0.034743,3.15,3.15,700
89000.0,3.0,0.5685785536159601,3150.0,2283.3333333333335,0.004219,0.422116,0.034106,3.15,3.15,701
88000.0,4.0,0.5985037406483791,2975.0,1812.5,-0.004962,0.420989,0.033598,2.975,2.975,702
87000.0,5.0,0.6309226932668329,1875.0,1480.0,-0.013456,0.419586,0.032938,1.875,1.875,703
86000.0,5.0,0.6309226932668329,1875.0,1480.0,-0.02066,0.417934,0.032347,1.875,1.875,704
85000.0,6.0,0.5885286783042394,1830.0,1480.0,-0.026138,0.416068,0.0318,1.83,1.83,705
84000.0,6.0,0.5386533665835411,1830.0,1480.0,-0.029446,0.414026,0.031158,1.83,1.83,706
83000.0,6.0,0.5112219451371571,1830.0,1633.3333333333333,-0.030527,0.411843,0.030581,1.83,1.83,707
82000.0,6.0,0.5211970074812967,1741.6666666666667,1210.0,-0.029319,0.409563,0.029987,1.7416666666666667,1.7416666666666667,708
81000.0,6.0,0.5211970074812967,1741.6666666666667,1210.0,-0.025989,0.407229,0.029404,1.7416666666666667,1.7416666666666667,709
80000.0,7.0,0.5561097256857855,1592.857142857143,1225.0,-0.020866,0.404882,0.028805,1.592857142857143,1.592857142857143,710
79000.0,8.0,0.5785536159600998,1450.0,1100.0,-0.014435,0.402568,0.028209,1.45,1.45,711
78000.0,8.0,0.5860349127182045,1107.142857142857,1037.5,-0.007119,0.400331,0.027646,1.1071428571428572,1.1071428571428572,712
77000.0,8.0,0.5860349127182045,1107.142857142857,1037.5,0.000386,0.398211,0.027078,1.1071428571428572,1.1071428571428572,713
76000.0,10.0,0.5486284289276808,1083.3333333333333,994.4444444444445,0.007594,0.396251,0.02647,1.0833333333333333,1.0833333333333333,714
75000.0,10.0,0.5012468827930174,1083.3333333333333,1000.0,0.013932,0.394494,0.025952,1.0833333333333333,1.0833333333333333,715
74000.0,10.0,0.513715710723192,1030.0,816.6666666666666,0.018993,0.392974,0.025408,1.03,1.03,716
73000.0,10.0,0.5286783042394015,1030.0,855.0,0.02235,0.39173,0.024808,1.03,1.03,717
72000.0,10.0,0.57356608478803,1061.111111111111,855.0,0.023982,0.390792,0.024345,1.0611111111111111,1.0611111111111111,718
71000.0,9.0,0.5910224438902744,1061.111111111111,900.0,0.023659,0.390186,0.02379,1.0611111111111111,1.0611111111111111,719
70000.0,9.0,0.5960099750623441,887.5,900.0,0.021594,0.389932,0.02328,0.8875,0.8875,720
69000.0,11.0,0.5635910224438903,1075.0,835.0,0.018031,0.390046,0.022777,1.075,1.075,721
68000.0,12.0,0.5511221945137157,968.1818181818181,786.3636363636364,0.013261,0.390526,0.022294,0.9681818181818181,0.9681818181818181,722
67000.0,11.0,0.5087281795511222,900.0,850.0,0.007697,0.391374,0.021793,0.9,0.9,723
66000.0,12.0,0.5012468827930174,895.4545454545455,900.0,0.001923,0.392575,0.021311,0.8954545454545455,0.8954545454545455,724
65000.0,11.0,0.5286783042394015,895.4545454545455,713.6363636363636,-0.003805,0.394106,0.020822,0.8954545454545455,0.8954545454545455,725
64000.0,13.0,0.5586034912718204,861.5384615384615,670.8333333333334,-0.008916,0.395941,0.020389,0.8615384615384616,0.8615384615384616,726
63000.0,13.0,0.5386533665835411,825.0,670.8333333333334,-0.013117,0.398044,0.019863,0.825,0.825,727
62000.0,12.0,0.4937655860349127,825.0,613.6363636363636,-0.016199,0.400368,0.019417,0.825,0.825,728
61000.0,12.0,0.4937655860349127,825.0,613.6363636363636,-0.018015,0.402868,0.018983,0.825,0.825,729
60000.0,11.0,0.5062344139650873,836.3636363636364,877.2727272727273,-0.018438,0.405491,0.018469,0.8363636363636364,0.8363636363636364,730
59000.0,11.0,0.5286783042394015,927.2727272727273,831.8181818181819,-0.017684,0.408178,0.018044,0.9272727272727272,0.9272727272727272,731
58000.0,11.0,0.543640897755611,840.0,831.8181818181819,-0.015823,0.410873,0.017605,0.84,0.84,732
57000.0,12.0,0.5386533665835411,972.7272727272727,831.8181818181819,-0.012989,0.41352,0.017156,0.9727272727272728,0.9727272727272728,733
56000.0,10.0,0.5236907730673317,1050.0,827.7777777777778,-0.009617,0.416056,0.016739,1.05,1.05,734
55000.0,10.0,0.5236907730673317,1050.0,827.7777777777778,-0.005809,0.418427,0.01633,1.05,1.05,735
54000.0,10.0,0.5311720698254364,1005.0,865.0,-0.001846,0.42058,0.015961,1.005,1.005,736
53000.0,11.0,0.5386533665835411,755.0,865.0,0.001931,0.422461,0.015571,0.755,0.755,737
52000.0,11.0,0.516209476309227,755.0,881.8181818181819,0.005416,0.424028,0.015217,0.755,0.755,738
51000.0,12.0,0.4912718204488778,768.1818181818181,850.0,0.008504,0.425238,0.014958,0.7681818181818181,0.7681818181818181,739
50000.0,13.0,0.4837905236907731,770.8333333333334,796.1538461538462,0.010842,0.426058,0.0146,0.7708333333333334,0.7708333333333334,740
49000.0,11.0,0.513715710723192,827.2727272727273,868.1818181818181,0.012643,0.426465,0.014385,0.8272727272727273,0.8272727272727273,741
48000.0,10.0,0.5236907730673317,1050.0,888.8888888888889,0.01368,0.42644,0.014182,1.05,1.05,742
47000.0,10.0,0.5236907730673317,1050.0,888.8888888888889,0.013979,0.425972,0.013987,1.05,1.05,743
46000.0,9.0,0.5211970074812967,1072.2222222222222,1033.3333333333333,0.013573,0.425073,0.013843,1.0722222222222222,1.0722222222222222,744
45000.0,10.0,0.5037406483790524,1061.111111111111,1033.3333333333333,0.012566,0.423749,0.013793,1.0611111111111111,1.0611111111111111,745
44000.0,8.0,0.513715710723192,1181.25,831.25,0.010816,0.422025,0.013706,1.18125,1.18125,746
43000.0,9.0,0.543640897755611,1155.5555555555557,783.3333333333334,0.008626,0.41994,0.013719,1.1555555555555557,1.1555555555555557,747
42000.0,10.0,0.5610972568578554,1125.0,770.0,0.005946,0.417532,0.013735,1.125,1.125,748
41000.0,10.0,0.6109725685785536,1125.0,770.0,0.002863,0.414853,0.013824,1.125,1.125,749
40000.0,11.0,0.6109725685785536,1105.0,709.0909090909091,-0.000398,0.41197,0.013929,1.105,1.105,750
39000.0,11.0,0.6084788029925187,1025.0,770.0,-0.003722,0.408943,0.014039,1.025,1.025,751
38000.0,11.0,0.5810473815461347,1025.0,763.6363636363636,-0.007044,0.405849,0.014271,1.025,1.025,752
37000.0,11.0,0.5635910224438903,990.9090909090909,600.0,-0.00997,0.402768,0.014424,0.9909090909090909,0.9909090909090909,753
36000.0,11.0,0.6134663341645885,990.9090909090909,600.0,-0.012452,0.399776,0.014652,0.9909090909090909,0.9909090909090909,754
35000.0,12.0,0.6583541147132169,1079.1666666666667,558.3333333333334,-0.014281,0.396955,0.014942,1.0791666666666668,1.0791666666666668,755
34000.0,12.0,0.6733167082294265,1186.3636363636363,590.9090909090909,-0.015164,0.394391,0.015175,1.1863636363636363,1.1863636363636363,756
33000.0,11.0,0.6508728179551122,1186.3636363636363,545.0,-0.015053,0.392148,0.01545,1.1863636363636363,1.1863636363636363,757
32000.0,11.0,0.6408977556109726,1215.0,654.5454545454545,-0.013914,0.390297,0.015778,1.215,1.215,758
31000.0,11.0,0.628428927680798,1190.0,670.0,-0.011574,0.388898,0.016045,1.19,1.19,759
30000.0,10.0,0.5860349127182045,1127.7777777777778,727.7777777777778,-0.008302,0.387985,0.016366,1.1277777777777778,1.1277777777777778,760
29000.0,10.0,0.5361596009975063,1127.7777777777778,727.7777777777778,-0.004237,0.387589,0.016652,1.1277777777777778,1.1277777777777778,761
28000.0,9.0,0.5486284289276808,1127.7777777777778,866.6666666666666,0.000386,0.387721,0.016967,1.1277777777777778,1.1277777777777778,762
27000.0,9.0,0.5985037406483791,1127.7777777777778,866.6666666666666,0.0052,0.388368,0.017279,1.1277777777777778,1.1277777777777778,763
26000.0,10.0,0.6034912718204489,1300.0,795.0,0.009664,0.38951,0.017507,1.3,1.3,764
25000.0,9.0,0.6334164588528678,1300.0,794.4444444444445,0.013672,0.391108,0.017868,1.3,1.3,765
24000.0,10.0,0.6134663341645885,1350.0,794.4444444444445,0.016555,0.393101,0.018095,1.35,1.35,766
23000.0,9.0,0.5835411471321695,1412.5,843.75,0.018185,0.395433,0.018341,1.4125,1.4125,767
22000.0,8.0,0.6034912718204489,1412.5,987.5,0.018394,0.398027,0.018617,1.4125,1.4125,768
21000.0,9.0,0.5785536159600998,1412.5,987.5,0.017038,0.4008,0.018835,1.4125,1.4125,769
20000.0,8.0,0.5336658354114713,1400.0,1114.2857142857142,0.014191,0.403677,0.019003,1.4,1.4,770
19000.0,7.0,0.48877805486284287,1400.0,1183.3333333333333,0.010214,0.406577,0.019223,1.4,1.4,771
18000.0,9.0,0.47880299251870323,1168.75,1293.75,0.005234,0.409413,0.019347,1.16875,1.16875,772
17000.0,9.0,0.4763092269326683,981.25,1275.0,-0.000241,0.412123,0.019487,0.98125,0.98125,773
16000.0,9.0,0.4713216957605985,981.25,1177.7777777777778,-0.005689,0.414634,0.01956,0.98125,0.98125,774
15000.0,8.0,0.4763092269326683,950.0,1312.5,-0.010779,0.416887,0.019635,0.95,0.95,775
14000.0,8.0,0.4763092269326683,1193.75,1312.5,-0.015001,0.418835,0.019679,1.19375,1.19375,776
13000.0,8.0,0.516209476309227,1193.75,1118.75,-0.017942,0.420436,0.019651,1.19375,1.19375,777
12000.0,9.0,0.5336658354114713,1300.0,1118.75,-0.01944,0.421658,0.019613,1.3,1.3,778
11000.0,8.0,0.5187032418952618,1300.0,864.2857142857143,-0.019374,0.422486,0.019597,1.3,1.3,779
