age_yrBP,filtered_value,mcv_state,segment_id,is_transition_age
11750,0.766175086052735,1,0,0
11800,0.7722349564420394,1,0,0
11850,1.2590552095581153,1,0,0
11900,0.6153553780739955,1,0,0
11950,0.8451744747672841,1,0,0
12000,1.0518047994507222,1,0,0
12050,1.3161351657294738,1,0,0
12100,0.9081175235102464,1,0,0
12150,0.6778557432204246,1,0,0
12200,1.0276592263835318,1,0,0
12250,0.8969021998641638,1,0,0
12300,1.2548459228459152,1,0,0
12350,1.2178247996956413,1,0,0
12400,0.8438885893041863,1,0,0
12450,0.8796611668325772,1,0,0
12500,0.47662140010529797,1,0,0
12550,0.6167495921759711,1,0,0
12600,0.36653274753548737,1,0,0
12650,0.5675068339778605,1,0,0
12700,0.26197877185074747,1,0,0
12750,0.10075916650606564,1,0,0
12800,-0.5930136555300107,0,1,1
12850,-0.4783475546433611,0,1,0
12900,-0.5396510638943757,0,1,0
12950,-1.316093378473437,0,1,0
13000,-0.22370141306246338,0,1,0
13050,-0.7135891296540193,0,1,0
13100,-0.915001017151867,0,1,0
13150,-0.7219316579691148,0,1,0
13200,-0.26957572946061037,0,1,0
13250,-0.6548280054155375,0,1,0
13300,-1.080227802062059,0,1,0
13350,-0.5209167574794604,0,1,0
13400,-1.4728366110937061,0,1,0
13450,-1.310098094373258,0,1,0
13500,-0.5892964882834206,0,1,0
13550,-1.8283227363943093,0,1,0
13600,-1.0338056692004467,0,1,0
13650,-1.903971091290076,0,1,0
13700,-1.4605108032584297,0,1,0
13750,-1.8089045649025892,0,1,0
13800,-1.1159514702857007,0,1,0
13850,-1.028204505624495,0,1,0
13900,-0.4569624815285917,0,1,0
13950,-0.099279117930137,0,1,0
14000,-0.6308028537394,0,1,0
14050,-0.9200947242118542,0,1,0
14100,-1.2078268403932475,0,1,0
14150,-0.5277182896608748,0,1,0
14200,-0.7024745650131059,0,1,0
14250,-1.209534235270421,0,1,0
14300,-0.9406362848817558,0,1,0
14350,-1.3941760423419323,0,1,0
14400,-0.6537827747907753,0,1,0
14450,-1.0031802976863993,0,1,0
14500,-0.23595225173451662,0,1,0
14550,0.002588145994486535,0,1,0
14600,-0.7033514809348764,0,1,0
14650,0.2281509171242171,1,2,1
14700,0.8678004403341919,1,2,0
14750,0.8769798597119849,1,2,0
14800,0.6480120276875447,1,2,0
14850,1.4241233238872906,1,2,0
14900,0.5570044005042387,1,2,0
14950,0.612543702256632,1,2,0
15000,0.8573295639456271,1,2,0
15050,0.9450394391654859,1,2,0
15100,1.2811984070551325,1,2,0
15150,0.6807185162974233,1,2,0
15200,0.9127017720679522,1,2,0
15250,1.2461319799874377,1,2,0
15300,1.0383605436936905,1,2,0
15350,0.7796241661730882,1,2,0
15400,1.1049331637543909,1,2,0
15450,1.3231488738975004,1,2,0
15500,0.41711816053607975,1,2,0
15550,1.7720243417417445,1,2,0
15600,0.5166436386008129,1,2,0
15650,1.2335719863844554,1,2,0
15700,0.9918690130774339,1,2,0
15750,0.6452770701897319,1,2,0
15800,1.525307158827658,1,2,0
15850,0.9931180372978462,1,2,0
15900,1.4952799726107333,1,2,0
15950,1.4325773763514342,1,2,0
16000,1.375179317527078,1,2,0
16050,1.387831270695978,1,2,0
16100,1.8050992460794402,1,2,0
16150,0.9140880507002795,1,2,0
16200,0.21504202107291015,1,2,0
16250,0.19911343218422262,1,2,0
16300,0.5917051766238057,1,2,0
16350,0.9036553853698313,1,2,0
16400,0.6431545724474772,1,2,0
16450,-0.465920310584506,1,2,0
16500,0.024339514192484035,1,2,0
16550,0.09328843223962391,1,2,0
16600,1.0507586175922505,1,2,0
16650,0.414601952186483,1,2,0
16700,0.40476544368900386,1,2,0
16750,-0.14138042679172647,1,2,0
16800,0.2224804560658844,1,2,0
16850,0.24565263343422483,1,2,0
16900,0.7949507421996403,1,2,0
16950,0.24454551481621523,1,2,0
17000,0.6133725953080464,1,2,0
17050,0.19733584864541798,1,2,0
17100,0.12019740973303461,1,2,0
17150,-0.5051224390146076,0,3,1
17200,-0.23337253475568331,0,3,0
17250,-0.6756466731886701,0,3,0
17300,-0.3607766640604848,0,3,0
17350,0.24873387587612214,0,3,0
17400,-0.1804181409419331,0,3,0
17450,-0.4491876876788997,0,3,0
17500,-0.14901883898987947,0,3,0
17550,0.5695427758739937,1,4,1
17600,0.2484911176126308,1,4,0
17650,0.5774565606376019,1,4,0
17700,0.5864685274089864,1,4,0
17750,-0.3849030894347708,1,4,0
17800,0.32578288889279605,1,4,0
17850,-0.7573070244932404,0,5,1
17900,-0.5707613259591107,0,5,0
17950,-0.5752623982564199,0,5,0
18000,-1.290547343121435,0,5,0
18050,-0.543022204165735,0,5,0
18100,-0.5066823389110124,0,5,0
18150,-0.9591751881457105,0,5,0
18200,-0.558170308110046,0,5,0
18250,-0.401693947178945,0,5,0
18300,-0.5881733027981785,0,5,0
18350,-0.3451759165123386,0,5,0
18400,-0.7616880144150591,0,5,0
18450,-0.8832620862769216,0,5,0
18500,-0.10623547942921541,0,5,0
18550,-1.0988937100745266,0,5,0
18600,-0.560573717242864,0,5,0
18650,-0.31198161943582103,0,5,0
18700,-2.1878196370347043,0,5,0
18750,-1.6074330618888553,0,5,0
18800,-1.099439569967464,0,5,0
18850,-1.4847585550757072,0,5,0
18900,-0.9343092134534685,0,5,0
18950,-0.6709549856921344,0,5,0
19000,-0.7911146656220074,0,5,0
19050,-0.3681568428347535,0,5,0
19100,-0.48120545662003933,0,5,0
19150,-0.4498620168697415,0,5,0
19200,-0.7687914616427347,0,5,0
19250,-0.004546831762836989,0,5,0
19300,-0.38733258541736204,0,5,0
19350,-0.37618285324085354,0,5,0
19400,-0.08830225492251453,0,5,0
19450,-0.11942650792704668,0,5,0
19500,-0.29245060598682526,0,5,0
19550,0.18418971355658087,0,5,0
19600,0.09447558617252305,0,5,0
19650,-0.26738087875440164,0,5,0
19700,-0.09689813809442505,0,5,0
19750,0.08586709076912014,0,5,0
19800,-0.3973660696824144,0,5,0
19850,-0.2983654800311123,0,5,0
19900,0.02711013746668578,0,5,0
19950,-0.42312047308263856,0,5,0
20000,0.21410666283779722,1,6,1
20050,0.36308542731915927,1,6,0
20100,0.029562136047608822,1,6,0
20150,0.13751937443191853,1,6,0
20200,0.0946463691592696,1,6,0
20250,-0.13494957303465505,1,6,0
20300,0.268849484918361,1,6,0
20350,0.22104669862854598,1,6,0
20400,0.13695572510665588,1,6,0
20450,0.08116623536082912,1,6,0
20500,-0.006798580163148382,1,6,0
20550,-0.3027589575639792,0,7,1
20600,-0.04985404960047807,0,7,0
20650,-0.1463414880321704,0,7,0
20700,-0.2316334392929203,0,7,0
20750,0.14185292729282384,0,7,0
20800,0.37200320897763284,0,7,0
20850,-0.03375447047385288,0,7,0
20900,-0.0872236019701196,0,7,0
20950,0.12949819373498678,0,7,0
21000,0.24110793601038166,0,7,0
21050,0.013794977588066304,0,7,0
21100,-0.12599768655177432,0,7,0
21150,-0.22746526486423707,0,7,0
21200,0.05331269117137774,0,7,0
21250,-0.019102161856398417,0,7,0
21300,0.2951021226089573,1,8,1
21350,0.2986593582807454,1,8,0
21400,0.19386848469057946,1,8,0
21450,-0.186568939514036,1,8,0
21500,-0.3137867671672888,1,8,0
21550,0.20768220558024833,1,8,0
21600,0.20041865679017862,1,8,0
21650,0.07135478326149214,1,8,0
21700,0.11829618273034044,1,8,0
21750,0.032340661992106,1,8,0
21800,0.10419639499584046,1,8,0
21850,-0.07031534120809874,1,8,0
21900,-0.026912291681317757,1,8,0
21950,0.19253461026124283,1,8,0
22000,-0.6040951915321825,1,8,0
22050,-0.28037192491013213,1,8,0
22100,0.0037986440170273694,1,8,0
22150,0.33267622958405585,1,8,0
22200,0.20140828250991105,1,8,0
22250,0.4771894229860776,1,8,0
22300,0.4070474026086002,1,8,0
22350,0.2450315744351711,1,8,0
22400,0.24909595501181786,1,8,0
22450,0.2743639740398706,1,8,0
22500,0.33479425248134886,1,8,0
22550,-0.07310180148495132,1,8,0
22600,-0.13345103689826626,1,8,0
22650,0.10837320118882249,1,8,0
22700,0.03802303549091929,1,8,0
22750,0.1450952278845312,1,8,0
22800,-0.1255958289647195,0,9,1
22850,-0.10914717977505695,0,9,0
22900,-0.3475852999940656,0,9,0
22950,0.09997328267538141,0,9,0
23000,0.12677268820520604,0,9,0
23050,0.11922235694123223,0,9,0
23100,0.10371595404607908,0,9,0
23150,-0.13443341478207205,0,9,0
23200,-0.3723687268068586,0,9,0
23250,0.2924342231996478,0,9,0
23300,-0.014993394831128104,0,9,0
23350,-0.03182691441583885,0,9,0
23400,-0.27838329225733205,0,9,0
23450,-0.12581080823435786,0,9,0
23500,-0.2435951479811873,0,9,0
23550,-0.41571781948741493,0,9,0
23600,0.044754052471934536,0,9,0
23650,-0.016728608555105245,0,9,0
23700,0.06141641077896526,1,10,1
23750,0.22011117028156213,1,10,0
23800,0.4340472886892949,1,10,0
23850,0.25279644460156947,1,10,0
23900,0.3542899794444138,1,10,0
23950,0.46049775294401424,1,10,0
24000,0.8891841936980336,1,10,0
24050,1.2281763584544743,1,10,0
24100,1.1411391935609634,1,10,0
24150,0.8693957754020625,1,10,0
24200,0.8601035137563642,1,10,0
24250,1.2918403410918677,1,10,0
24300,1.1722804425198505,1,10,0
24350,0.9158159843096008,1,10,0
24400,0.786679822689422,1,10,0
24450,0.7334997381786774,1,10,0
24500,1.0684231527413477,1,10,0
24550,1.4569256430441442,1,10,0
24600,-0.3128149211891297,0,11,1
24650,-0.12318199811619346,0,11,0
24700,-0.1340285115701203,0,11,0
24750,-0.4165502217008561,0,11,0
24800,-0.365576147592263,0,11,0
24850,-0.16469454785138715,0,11,0
24900,-0.35355157537694426,0,11,0
24950,0.236937922511665,0,11,0
25000,0.08825530854208175,0,11,0
25050,-0.22518421048094683,0,11,0
25100,-0.19254857134390568,0,11,0
25150,-0.14301932432418618,0,11,0
25200,0.018502661741675197,1,12,1
25250,0.23277225388286388,1,12,0
25300,0.2853671740375271,1,12,0
25350,-0.09812605039937972,1,12,0
25400,-0.10808414576620207,1,12,0
25450,-0.2243347204427304,1,12,0
25500,0.20206241233386923,1,12,0
25550,0.6046832847913597,1,12,0
25600,0.30426301195219607,1,12,0
25650,0.08968899475193678,1,12,0
25700,0.49906302119509577,1,12,0
25750,0.32132046928079794,1,12,0
25800,0.14265436635498174,1,12,0
25850,0.5107754963149126,1,12,0
25900,0.21914516578202253,1,12,0
25950,0.06908326072116627,1,12,0
26000,-0.17339764373575023,1,12,0
26050,-0.14141182370076222,1,12,0
26100,0.14284071626825318,1,12,0
26150,-0.03141387286840719,0,13,1
26200,-0.05084643249797122,0,13,0
26250,-0.3906437524312739,0,13,0
26300,-0.6884841106459695,0,13,0
26350,-0.7370205749375836,0,13,0
26400,0.2708294992772098,0,13,0
26450,-0.09509621437181365,0,13,0
26500,-0.4558394207392358,0,13,0
26550,-0.10867509799702124,0,13,0
26600,0.09829014578723552,0,13,0
26650,-0.09274211844757736,0,13,0
26700,-1.2367467530229737,0,13,0
26750,-0.3981249223972884,0,13,0
26800,-0.5475998295236192,0,13,0
26850,-0.3113229906895934,0,13,0
26900,-0.12578373307505752,0,13,0
26950,-0.5897542882107405,0,13,0
27000,-0.166832138879479,0,13,0
27050,-0.1194830091617835,0,13,0
27100,-0.32574340847985317,0,13,0
27150,0.013297591062815695,0,13,0
27200,-0.031143746691675578,0,13,0
27250,-0.08130020417977629,0,13,0
27300,-0.3219102308508711,0,13,0
27350,-0.08959797603833619,0,13,0
27400,-0.3617129206999006,0,13,0
27450,-0.26987035627012,0,13,0
27500,-0.2590609254416455,0,13,0
27550,-0.459958003592848,0,13,0
27600,-0.3278687063053832,0,13,0
27650,-0.5815848970609182,0,13,0
27700,-0.5805416931729139,0,13,0
27750,-0.9861650744649759,0,13,0
27800,-1.0621501448153814,0,13,0
27850,-0.8759269146948538,0,13,0
27900,-0.6880077304134025,0,13,0
27950,-0.1489896931445739,0,13,0
28000,0.1854878359939105,0,13,0
28050,0.2368540588202146,0,13,0
28100,0.08931858893859557,0,13,0
28150,0.006869708922964235,0,13,0
28200,0.13322130437084279,0,13,0
28250,-0.016784311367557092,0,13,0
28300,0.06899327503935337,0,13,0
28350,-0.402857526775402,0,13,0
28400,0.05090551891101136,1,14,1
28450,0.008166362113799619,1,14,0
28500,0.053661726659058995,1,14,0
28550,0.3044057727480982,1,14,0
28600,0.0715886940517011,1,14,0
28650,-0.3153779718866974,0,15,1
28700,-0.20584240149016375,0,15,0
28750,-0.6002419600131369,0,15,0
28800,-0.5265780657780651,0,15,0
28850,-0.8178243319656469,0,15,0
28900,-1.0218424941433075,0,15,0
28950,-0.5856665480090116,0,15,0
29000,-1.3042742196062524,0,15,0
29050,-1.0403951110683032,0,15,0
29100,-1.0239459134053912,0,15,0
29150,-0.20480322301357756,0,15,0
29200,-0.04885903604455899,0,15,0
29250,-0.1417254982391304,0,15,0
29300,-0.24108177778432505,0,15,0
29350,-0.12005787625712283,0,15,0
29400,0.043308205342816875,1,16,1
29450,0.3219681456241441,1,16,0
29500,0.47994090925701194,1,16,0
29550,0.5231853689849804,1,16,0
29600,-0.07208207999009941,1,16,0
29650,0.6680112703015417,1,16,0
29700,0.41644860751163804,1,16,0
29750,0.5511062933760149,1,16,0
29800,0.4492248412121519,1,16,0
29850,0.6881798289443597,1,16,0
29900,0.3083362035617893,1,16,0
29950,0.689625220653602,1,16,0
30000,0.36152491521152064,1,16,0
30050,0.39787992677953943,1,16,0
30100,0.9048025789693352,1,16,0
30150,0.643932439918455,1,16,0
30200,0.4091108351434829,1,16,0
30250,0.508333779044177,1,16,0
30300,0.32464707683804306,1,16,0
30350,0.3661032621496699,1,16,0
30400,0.345002272357254,1,16,0
30450,0.17664314407557088,1,16,0
30500,0.12037110857162348,1,16,0
30550,0.16247288023567083,1,16,0
30600,0.30172183280034515,1,16,0
30650,0.11652852073796155,1,16,0
30700,-0.2950556294462314,0,17,1
30750,-0.5435668841707679,0,17,0
30800,-0.503973298712837,0,17,0
30850,-0.2898158077557319,0,17,0
30900,-0.05826829663023286,0,17,0
30950,0.1915365926222338,1,18,1
31000,0.1409917369904081,1,18,0
31050,0.24894212100934765,1,18,0
31100,0.07998431394392147,1,18,0
31150,0.14704557369772858,1,18,0
31200,0.0834146751331365,1,18,0
31250,0.04563919372172537,1,18,0
31300,0.09423825397809671,1,18,0
31350,0.060488070724341425,1,18,0
31400,0.2285631784199571,1,18,0
31450,0.2846725177885418,1,18,0
31500,0.21026341614174818,1,18,0
31550,0.3566826974044783,1,18,0
31600,0.46343036050163017,1,18,0
31650,0.4425228457932954,1,18,0
31700,0.2639453610172612,1,18,0
31750,0.45478836195413724,1,18,0
31800,0.6782405991151171,1,18,0
31850,0.6551057040691863,1,18,0
31900,0.4170168897306892,1,18,0
31950,0.1622771088883923,1,18,0
32000,0.07517568987358314,1,18,0
32050,-0.13417863932784524,0,19,1
32100,-0.32671203572755103,0,19,0
32150,-0.4447897766181853,0,19,0
32200,-0.43942750310423784,0,19,0
32250,-0.3710977601720845,0,19,0
32300,-0.18402986770164492,0,19,0
32350,-0.3576677053508328,0,19,0
32400,-0.7094220441533087,0,19,0
32450,-0.5057283923384233,0,19,0
32500,-0.9239811331276027,0,19,0
32550,-0.6246320682575623,0,19,0
32600,-0.7447237060626014,0,19,0
32650,-0.45688427251398656,0,19,0
32700,0.520607634848057,1,20,1
32750,0.4564651540109725,1,20,0
32800,0.5948286905982433,1,20,0
32850,0.5266494445562205,1,20,0
32900,0.29431543797934534,1,20,0
32950,0.25573446269953004,1,20,0
33000,0.41470880175857994,1,20,0
33050,0.40706531525875467,1,20,0
33100,0.3559054365780351,1,20,0
33150,0.2557311523900127,1,20,0
33200,0.43670842595873804,1,20,0
33250,0.5166390781637484,1,20,0
33300,0.48899139519563506,1,20,0
33350,0.2452506703033846,1,20,0
33400,0.05836916818129517,1,20,0
33450,-0.05899964191514201,0,21,1
33500,-0.24886651509432783,0,21,0
33550,-0.3777773332383618,0,21,0
33600,-0.35689968514884984,0,21,0
33650,-0.3465024478222967,0,21,0
33700,-0.31025007149793854,0,21,0
33750,-0.22363374244916606,0,21,0
33800,-0.0985431619564672,0,21,0
33850,-0.15061028852389946,0,21,0
33900,-0.3759880574214624,0,21,0
33950,-0.7209897093529527,0,21,0
34000,-0.3473714143144577,0,21,0
34050,0.14544965999229664,1,22,1
34100,0.3939774269832663,1,22,0
34150,0.640891927450472,1,22,0
34200,0.6215205214694565,1,22,0
34250,0.3478792552144904,1,22,0
34300,0.4606002289072163,1,22,0
34350,0.5102675215875007,1,22,0
34400,0.45329501673967587,1,22,0
34450,0.42708144284951344,1,22,0
34500,0.3947225049227252,1,22,0
34550,0.4809840261926924,1,22,0
34600,0.23672786983541286,1,22,0
34650,-0.05664474461069896,0,23,1
34700,-0.053815137596050666,0,23,0
34750,-0.15917851174575942,0,23,0
34800,-0.25850365855918706,0,23,0
34850,-0.3498733719638053,0,23,0
34900,-0.2507068344046649,0,23,0
34950,-0.2996093375576746,0,23,0
35000,-0.6009959151825196,0,23,0
35050,-0.8867249910485628,0,23,0
35100,-1.090383190743164,0,23,0
35150,-0.9954848361950895,0,23,0
35200,-0.7921277816714678,0,23,0
35250,-0.5257543902191295,0,23,0
35300,-0.27520688242885755,0,23,0
35350,-0.40073315793746567,0,23,0
35400,-0.577188065271954,0,23,0
35450,-0.6668142698919237,0,23,0
35500,-0.6361557462480107,0,23,0
35550,0.10692931864841704,1,24,1
35600,0.30279933657720826,1,24,0
35650,0.3282528193066325,1,24,0
35700,0.37768144024320727,1,24,0
35750,0.1432545335660264,1,24,0
35800,0.1786144536559558,1,24,0
35850,0.27336081381056465,1,24,0
35900,0.4265204143651704,1,24,0
35950,0.781150903451399,1,24,0
36000,0.8161828625913411,1,24,0
36050,0.6440596891815487,1,24,0
36100,0.571948162456634,1,24,0
36150,0.5385309046933909,1,24,0
36200,0.5194733882658722,1,24,0
36250,0.4959074984400739,1,24,0
36300,0.3632125947888439,1,24,0
36350,0.33725955762270055,1,24,0
36400,0.43228232552756335,1,24,0
36450,0.1666483132595499,1,24,0
36500,0.058170069951257064,1,24,0
36550,0.3240107228597902,1,24,0
36600,0.04502410636306137,1,24,0
36650,-0.4350969722710524,0,25,1
36700,-0.625101907014223,0,25,0
36750,-0.4771670148765068,0,25,0
36800,-0.2936106230905147,0,25,0
36850,-0.43076367889643336,0,25,0
36900,-0.4378497692373393,0,25,0
36950,-0.3808738678397941,0,25,0
37000,-0.5705700397799744,0,25,0
37050,-0.6557028345004368,0,25,0
37100,-0.4225375264443961,0,25,0
37150,-0.35080667914760866,0,25,0
37200,-0.42771252644804514,0,25,0
37250,-0.5027557773947287,0,25,0
37300,-0.5071027532746948,0,25,0
37350,-0.6796055354551201,0,25,0
37400,-0.5240233878381193,0,25,0
37450,-0.7062291511829871,0,25,0
37500,-0.9303439060146987,0,25,0
37550,-0.9098340164652052,0,25,0
37600,-0.7617566975269334,0,25,0
37650,-0.9330021748009845,0,25,0
37700,-0.6233597483625665,0,25,0
37750,-0.20959396931018148,0,25,0
37800,-0.7402958043486411,0,25,0
37850,-0.44631997706247273,0,25,0
37900,-0.766191564714712,0,25,0
37950,-1.0185936589629414,0,25,0
38000,-0.5147164695279333,0,25,0
38050,-0.3468765346046259,0,25,0
38100,-0.33214106981175934,0,25,0
38150,-0.6162559342578806,0,25,0
38200,-0.8407172453791965,0,25,0
38250,-0.6510455269594293,0,25,0
38300,-0.33163621811461375,0,25,0
38350,0.47161085869812136,1,26,1
38400,0.5866793437721856,1,26,0
38450,0.3155464727488173,1,26,0
38500,0.5140748060584982,1,26,0
38550,0.5306731860223332,1,26,0
38600,0.4976451894297116,1,26,0
38650,0.5318250878885878,1,26,0
38700,0.7658770866098898,1,26,0
38750,0.8875429373927984,1,26,0
38800,0.8678114378401106,1,26,0
38850,0.9393191143590058,1,26,0
38900,0.9322279290992215,1,26,0
38950,0.7462421472537525,1,26,0
39000,0.7045473537397395,1,26,0
39050,0.6917940013575232,1,26,0
39100,1.085304025992854,1,26,0
39150,0.8802000134925142,1,26,0
39200,0.8607627592809572,1,26,0
39250,0.9982144288595611,1,26,0
39300,0.9797760039723666,1,26,0
39350,1.0197414467931982,1,26,0
39400,1.0999873056902698,1,26,0
39450,1.1766685180804588,1,26,0
39500,1.4522697017436423,1,26,0
39550,1.3855971152226818,1,26,0
39600,1.3834075177412681,1,26,0
39650,0.7447681140972793,1,26,0
39700,0.4564494103683341,1,26,0
39750,0.4658693338158698,1,26,0
39800,0.6090471615459199,1,26,0
39850,0.5872370680271803,1,26,0
39900,0.6144773368574385,1,26,0
39950,0.11366030215483858,1,26,0
40000,-0.8268178003607076,0,27,1
40050,-0.6799300935054364,0,27,0
40100,-0.7422820919507802,0,27,0
40150,-0.7772630979978441,0,27,0
40200,-0.5119102814124301,0,27,0
40250,-0.5015981516435901,0,27,0
40300,-0.038873179632492705,0,27,0
40350,0.011043697733725821,0,27,0
40400,-0.14209274877934508,0,27,0
40450,0.22456192604877048,0,27,0
40500,0.05925384339861173,0,27,0
40550,-0.12616353832637628,0,27,0
40600,-0.1477346964532179,0,27,0
40650,0.020697294248661346,0,27,0
40700,-0.15667270699550234,0,27,0
40750,-0.028588929689482345,0,27,0
40800,-0.02016214550047951,0,27,0
40850,-0.07421884788373373,0,27,0
40900,-0.27196092140721484,0,27,0
40950,-0.33460128562355107,0,27,0
41000,-0.6820619821013519,0,27,0
41050,-0.6444332360007605,0,27,0
41100,-0.7160843729600587,0,27,0
41150,-0.354564588322161,0,27,0
41200,-0.21127270167865572,0,27,0
41250,-0.46183659220583645,0,27,0
41300,-0.36391804252634263,0,27,0
41350,-0.44993421337949324,0,27,0
41400,-0.8834500257888229,0,27,0
41450,-0.7449589140531601,0,27,0
41500,-0.3142905162479215,0,27,0
41550,-0.5620305930621303,0,27,0
41600,-0.512136102354089,0,27,0
41650,-0.23937422958827045,0,27,0
41700,0.2215945152165274,1,28,1
41750,0.4024876578835844,1,28,0
41800,0.18144681945003144,1,28,0
41850,0.2705454987409388,1,28,0
41900,0.8095195653894609,1,28,0
41950,0.6888576814256927,1,28,0
42000,0.5448977177122754,1,28,0
42050,0.6223709725997085,1,28,0
42100,0.7825550815360145,1,28,0
42150,0.5504442277533382,1,28,0
42200,0.11607773858401171,1,28,0
42250,0.13326009142251674,1,28,0
42300,0.15165017163995273,1,28,0
42350,0.14342355034968876,1,28,0
42400,0.024874701042765384,1,28,0
42450,-0.269713199241289,0,29,1
42500,-0.8250397117164912,0,29,0
42550,-0.8200441447981619,0,29,0
42600,-0.48598162602953354,0,29,0
42650,-0.5934520139392592,0,29,0
42700,-0.5486090049901278,0,29,0
42750,-0.024783040903710585,0,29,0
42800,-0.30775618766709023,0,29,0
42850,-0.8673821997636992,0,29,0
42900,-0.6688657202033329,0,29,0
42950,-1.0566260976131048,0,29,0
43000,-0.9511691861837777,0,29,0
43050,-0.31344603902806667,0,29,0
43100,0.12473842785378819,0,29,0
43150,-0.5957170059051469,0,29,0
43200,-0.31167813690380985,0,29,0
43250,-0.32091474263257996,0,29,0
43300,-0.6126515564523757,0,29,0
43350,-0.8224664367889192,0,29,0
43400,-0.2451795867861314,0,29,0
43450,-0.5316760989812137,0,29,0
43500,-0.024238831428399443,0,29,0
43550,-0.022834866239544116,0,29,0
43600,-0.10949415693910958,0,29,0
43650,0.5203050884197813,1,30,1
43700,0.6730491319388239,1,30,0
43750,0.7650583885249658,1,30,0
43800,0.7858234070343093,1,30,0
43850,0.7374043798981746,1,30,0
43900,0.7886043031231144,1,30,0
43950,0.6632565456637175,1,30,0
44000,0.5824031975670478,1,30,0
44050,0.9242518127311339,1,30,0
44100,0.6308982862753435,1,30,0
44150,0.5949264874558264,1,30,0
44200,0.6800510834705139,1,30,0
44250,0.6436366199799044,1,30,0
44300,0.35843258212553275,1,30,0
44350,0.1447308271907328,1,30,0
44400,0.45937543157881433,1,30,0
44450,0.3563805251414005,1,30,0
44500,0.20076412034636423,1,30,0
44550,0.016534385341654412,1,30,0
44600,-0.26183427406274096,0,31,1
44650,-0.3864102059228125,0,31,0
44700,-0.8823789225968073,0,31,0
44750,-0.2293915595360138,0,31,0
44800,-0.023494523773262027,0,31,0
44850,0.07288839974717587,0,31,0
44900,0.031204572164141686,0,31,0
44950,-0.13487316778599123,0,31,0
45000,-0.0594356367859733,0,31,0
45050,0.3989118964320803,1,32,1
45100,0.3132845273316106,1,32,0
45150,0.08514007933076644,1,32,0
45200,-0.15925143592033775,1,32,0
45250,-0.024708734509093944,1,32,0
45300,0.07847715743485315,1,32,0
45350,0.121872737454065,1,32,0
45400,-0.2501828498382055,1,32,0
45450,0.09870343380746491,1,32,0
45500,0.1702930885949864,1,32,0
45550,0.11946397160062269,1,32,0
45600,0.07883858840194514,1,32,0
45650,-0.04966350301122052,1,32,0
45700,0.01590542501310334,1,32,0
45750,-0.8352942875909011,0,33,1
45800,-0.34481746166471866,0,33,0
45850,-0.4022944661916238,0,33,0
45900,-0.9217120415611351,0,33,0
45950,-1.0657231118542592,0,33,0
46000,-0.958514541631862,0,33,0
46050,-1.0878094194280523,0,33,0
46100,-0.363834800408106,0,33,0
46150,-0.7622120785043776,0,33,0
46200,-0.9681163843372326,0,33,0
46250,-0.7089218770244599,0,33,0
46300,-0.5091028595076124,0,33,0
46350,-0.657929130013905,0,33,0
46400,-0.7349629947220209,0,33,0
46450,-0.6791443651245427,0,33,0
46500,-1.5088529097921357,0,33,0
46550,-0.6741298669992809,0,33,0
46600,-0.2738564217176138,0,33,0
46650,-0.47342481510952006,0,33,0
46700,-0.5604513520206083,0,33,0
46750,-0.7125005416439866,0,33,0
46800,-0.26918113972595803,0,33,0
46850,-0.25790869243854675,0,33,0
46900,-0.2986666493599579,0,33,0
46950,-0.3691850866145736,0,33,0
47000,-0.42717793696103057,0,33,0
47050,-0.4566320755843776,0,33,0
47100,-0.4673011304360598,0,33,0
47150,-0.14138405066752946,0,33,0
47200,-0.4889575108351286,0,33,0
47250,-0.08348539034316693,0,33,0
47300,0.8156395907220286,1,34,1
47350,0.9222648507011382,1,34,0
47400,1.0194402937241451,1,34,0
47450,1.116688885433221,1,34,0
47500,1.0833130466620156,1,34,0
47550,0.929368068354787,1,34,0
47600,0.7755007617087671,1,34,0
47650,0.81388144862935,1,34,0
47700,0.8974190645115938,1,34,0
47750,0.9581870870372478,1,34,0
47800,0.9704791995136913,1,34,0
47850,0.9828547358109245,1,34,0
47900,0.9910008179726062,1,34,0
47950,0.9977940324142154,1,34,0
48000,1.0830110872371674,1,34,0
48050,1.4305768586345162,1,34,0
48100,1.3860388756953035,1,34,0
48150,0.9280999422600342,1,34,0
48200,1.1284780199075437,1,34,0
48250,1.1970119851100982,1,34,0
48300,0.8478502028827952,1,34,0
48350,0.6195310338021887,1,34,0
48400,0.5580562890394704,1,34,0
48450,0.5115720825671023,1,34,0
48500,0.47144067466307527,1,34,0
48550,0.39943659550682653,1,34,0
48600,0.2707025039259624,1,34,0
48650,0.01059288419502269,1,34,0
48700,0.053163564090116355,1,34,0
48750,0.28456731688701253,1,34,0
48800,0.26377675434582304,1,34,0
48850,0.5196709365741408,1,34,0
48900,0.061485481097959704,1,34,0
48950,-0.08548533725764795,0,35,1
49000,-0.3783519909246107,0,35,0
49050,-0.5059889069991093,0,35,0
49100,-0.10133830259079168,0,35,0
49150,-0.17888262130595267,0,35,0
49200,-0.39983089443070774,0,35,0
49250,-0.5184047229411992,0,35,0
49300,-1.0873820815630877,0,35,0
49350,-1.1106951791455104,0,35,0
49400,-0.9611904859844833,0,35,0
49450,-1.2530329523318642,0,35,0
49500,-1.3557057171779496,0,35,0
49550,-0.4495892661984045,0,35,0
49600,-0.3742729575089148,0,35,0
49650,0.05921516062001014,1,36,1
49700,0.22104061707452333,1,36,0
49750,0.47095980931015236,1,36,0
49800,0.41235107893176964,1,36,0
49850,0.21503631827431413,1,36,0
49900,-0.12945624843456888,1,36,0
49950,-0.16053814675722375,1,36,0
50000,-0.0832451645950027,1,36,0
50050,0.004710115942477236,1,36,0
50100,-0.07738526266895818,1,36,0
50150,-0.17568380739318554,1,36,0
50200,-0.14594217760752523,1,36,0
50250,0.31715531639836275,1,36,0
50300,-0.18964665989881868,1,36,0
50350,0.16700619139867412,1,36,0
50400,0.3785295076824861,1,36,0
50450,0.2621362988386884,1,36,0
50500,0.7053272741349722,1,36,0
50550,0.23360533253729002,1,36,0
50600,-0.18527469255079865,0,37,1
50650,-0.15108530629662162,0,37,0
50700,-0.3591799594657141,0,37,0
50750,-0.1367876076352233,0,37,0
50800,0.1713519083173467,0,37,0
50850,0.1456325252705543,0,37,0
50900,0.005093572621143766,0,37,0
50950,-0.09446556257606001,0,37,0
51000,-0.22208625587534642,0,37,0
51050,-0.1257998313818755,0,37,0
51100,-0.06569943061141506,0,37,0
51150,-0.15337140762113452,0,37,0
51200,-0.28832558067069464,0,37,0
51250,-0.17619697531388273,0,37,0
51300,0.18231143806451888,0,37,0
51350,0.06707525172331652,0,37,0
51400,-0.1388070198867425,0,37,0
51450,-0.09851860898284849,0,37,0
51500,-0.1805361780562066,0,37,0
51550,-0.16173098680618328,0,37,0
51600,0.0015753006408949777,0,37,0
51650,-0.12669502513461367,0,37,0
51700,-0.22876661209480895,0,37,0
51750,-0.30001135935823614,0,37,0
51800,-0.27482614740492034,0,37,0
51850,-0.15463878567744863,0,37,0
51900,-0.11414616137388653,0,37,0
51950,-0.2872484390452414,0,37,0
52000,-0.3671061312700646,0,37,0
52050,-0.2903114987804126,0,37,0
52100,-0.20241560539617734,0,37,0
52150,-0.19671768333756376,0,37,0
52200,-0.12306721906882057,0,37,0
52250,-0.2622465222925645,0,37,0
52300,-0.3289582844085511,0,37,0
52350,-0.33861096261597273,0,37,0
52400,-0.20051577449269622,0,37,0
52450,-0.3251726074856519,0,37,0
52500,-0.2806907052925466,0,37,0
52550,-0.28046983766364186,0,37,0
52600,-0.3126365873001312,0,37,0
52650,-0.4756660429295066,0,37,0
52700,-0.646413035010722,0,37,0
52750,-0.5026483895043735,0,37,0
52800,-0.2519753048540116,0,37,0
52850,-0.34069007391383277,0,37,0
52900,-0.606301604091474,0,37,0
52950,-0.6108369765616432,0,37,0
53000,-0.5004980478392008,0,37,0
53050,-0.4509717896004651,0,37,0
53100,-0.40578922635244363,0,37,0
53150,-0.14253782526212316,0,37,0
53200,-0.15241820366616277,0,37,0
53250,-0.27091641109610365,0,37,0
53300,-0.3479653044251921,0,37,0
53350,-0.12117062828745062,0,37,0
53400,-0.02976368080165881,0,37,0
53450,-0.24761217973881489,0,37,0
53500,-0.44831621341353245,0,37,0
53550,-0.392428954102536,0,37,0
53600,-0.16744787693227303,0,37,0
53650,-0.12886170224683058,0,37,0
53700,-0.1512315655029441,0,37,0
53750,-0.0626498985185901,0,37,0
53800,0.018703900986501654,1,38,1
53850,0.15894693463513732,1,38,0
53900,0.3400446065085454,1,38,0
53950,-0.05705996102950145,1,38,0
54000,0.05334922479583487,1,38,0
54050,0.042234287060751,1,38,0
54100,0.040043849106821905,1,38,0
54150,0.1455143101376375,1,38,0
54200,0.20091722644950066,1,38,0
54250,0.2752300149993668,1,38,0
54300,0.4496123891576793,1,38,0
54350,0.5125511683126012,1,38,0
54400,0.5888470852532284,1,38,0
54450,0.5399149910902816,1,38,0
54500,0.6005180364505189,1,38,0
54550,0.6440429051157712,1,38,0
54600,0.6953393681606734,1,38,0
54650,0.8586294067277845,1,38,0
54700,0.9836988949759442,1,38,0
54750,0.7770102181347611,1,38,0
54800,1.1628006527353616,1,38,0
54850,1.0356212694147486,1,38,0
54900,1.0634188745881863,1,38,0
54950,1.2206728194974605,1,38,0
55000,1.2260767921069586,1,38,0
55050,1.1278540520405997,1,38,0
55100,1.1420453745580847,1,38,0
55150,1.093787109464965,1,38,0
55200,0.7195690777651603,1,38,0
55250,0.4827572307842878,1,38,0
55300,-0.11599203589372675,0,39,1
55350,-0.39432844056028404,0,39,0
55400,-0.146963964179608,0,39,0
55450,0.0632081792618131,0,39,0
55500,-0.12281948701147494,0,39,0
55550,-0.41788530865415985,0,39,0
55600,-0.39574014180705097,0,39,0
55650,0.28641489251481456,1,40,1
55700,0.20610979888056613,1,40,0
55750,0.30519870090438234,1,40,0
55800,0.43368889007543693,1,40,0
55850,0.6737430511176162,1,40,0
55900,0.9937884384790752,1,40,0
55950,0.9429818721302803,1,40,0
56000,0.608401628895808,1,40,0
56050,0.5338090348154314,1,40,0
56100,0.5264282340850943,1,40,0
56150,0.5276966615128544,1,40,0
56200,0.31033559277233086,1,40,0
56250,0.09258905462991918,1,40,0
56300,0.0910396753899757,1,40,0
56350,-0.27315348378655,1,40,0
56400,-0.3327438275285681,1,40,0
56450,-0.005863766304464724,1,40,0
56500,-0.21533291036366153,0,41,1
56550,-0.39240734540465316,0,41,0
56600,-0.3590505699642529,0,41,0
56650,-0.5743676051930074,0,41,0
56700,-0.4204430679214809,0,41,0
56750,-0.33074127469934056,0,41,0
56800,-0.31768145278476545,0,41,0
56850,-0.151635426440985,0,41,0
56900,-0.0473340496959864,0,41,0
56950,-0.4318760574614364,0,41,0
57000,-0.2340159893857096,0,41,0
57050,-0.5214355696768141,0,41,0
57100,-0.6000993032983072,0,41,0
57150,-0.5524133042342413,0,41,0
57200,-0.5240556079988845,0,41,0
57250,-0.6168372839428506,0,41,0
57300,-0.8358517306491549,0,41,0
57350,-0.5771595548054098,0,41,0
57400,-0.5059336079636857,0,41,0
57450,-0.6514267411234635,0,41,0
57500,-0.9908257218407274,0,41,0
57550,-0.4275181685903891,0,41,0
57600,-0.4323160435643665,0,41,0
57650,-0.40771416380679265,0,41,0
57700,-0.5233092348472327,0,41,0
57750,-0.4725110515611246,0,41,0
57800,-0.5042931863863054,0,41,0
57850,-0.9453607365087137,0,41,0
57900,-0.6505331353419423,0,41,0
57950,-0.6333617602153089,0,41,0
58000,-0.6245122522443858,0,41,0
58050,-0.6399384215591221,0,41,0
58100,-0.5455130326115054,0,41,0
58150,-0.5480305486875885,0,41,0
58200,-0.6267517290190688,0,41,0
58250,-0.15010590638852173,0,41,0
58300,0.09248561460390392,0,41,0
58350,0.2187049575378921,0,41,0
58400,-0.36397522587026854,0,41,0
58450,-0.3995930108689502,0,41,0
58500,-0.5476314725884373,0,41,0
58550,-0.08662668223443049,0,41,0
58600,0.4232746897935784,1,42,1
58650,0.40785345689689967,1,42,0
58700,0.4057561604179065,1,42,0
58750,0.43282148976941615,1,42,0
58800,-0.19742865227852407,0,43,1
58850,-0.38404666037885987,0,43,0
58900,-0.25045608237434025,0,43,0
58950,-0.38786154069132744,0,43,0
59000,-0.38048374004061963,0,43,0
59050,-0.4253596292555694,0,43,0
59100,-0.32158033286102794,0,43,0
59150,-0.39085842248520164,0,43,0
59200,-0.5585193382388611,0,43,0
59250,-0.6185144732360054,0,43,0
59300,-0.7685687275253026,0,43,0
59350,-0.511198699130618,0,43,0
59400,0.24625996517354498,0,43,0
59450,-0.19665973376648088,0,43,0
59500,-0.360087025925353,0,43,0
59550,-0.28928600108070235,0,43,0
59600,-0.30556833427940755,0,43,0
59650,-0.8639458244352438,0,43,0
59700,-1.0934593665572105,0,43,0
59750,-0.6421577988600266,0,43,0
59800,0.40156945253962373,1,44,1
59850,0.6045740244598075,1,44,0
59900,0.5145673089700231,1,44,0
59950,0.36186260922395386,1,44,0
60000,0.5438748533463761,1,44,0
60050,0.586017309177655,1,44,0
60100,0.501634506529249,1,44,0
60150,0.6427840554491752,1,44,0
60200,0.6304654918431747,1,44,0
60250,0.6384045441994367,1,44,0
60300,0.6583131879349686,1,44,0
60350,0.6803676313549688,1,44,0
60400,0.6429917703579936,1,44,0
60450,0.5529279038754834,1,44,0
60500,0.48344455525223473,1,44,0
60550,0.4527830010440791,1,44,0
60600,0.4222244909503439,1,44,0
60650,0.43285716476698155,1,44,0
60700,0.46457794093245375,1,44,0
60750,0.4520964523270224,1,44,0
60800,0.4300067735946988,1,44,0
60850,0.43368236561473283,1,44,0
60900,0.4392393863734412,1,44,0
60950,0.45850355826881994,1,44,0
61000,0.4889209518419217,1,44,0
61050,0.49361597228592,1,44,0
61100,0.48990710774830126,1,44,0
61150,0.4424963085664316,1,44,0
61200,0.395234858769222,1,44,0
61250,0.28612243188431263,1,44,0
61300,0.14377896731528372,1,44,0
61350,0.11714263471263042,1,44,0
61400,0.12237379428645867,1,44,0
61450,0.11278829097646148,1,44,0
61500,0.1298476932714565,1,44,0
61550,0.4022867231041799,1,44,0
61600,0.5793904669952621,1,44,0
61650,0.607285900079172,1,44,0
61700,0.595029182009111,1,44,0
61750,0.5406388365544492,1,44,0
61800,0.4842407797485191,1,44,0
61850,0.40537000781728677,1,44,0
61900,0.371946351756842,1,44,0
61950,0.40950583361529,1,44,0
62000,0.3616421939085509,1,44,0
62050,0.29861846773515044,1,44,0
62100,0.3207909835519405,1,44,0
62150,0.4254830269578377,1,44,0
62200,0.3827988514832143,1,44,0
62250,0.21460020926890921,1,44,0
62300,0.1357563177492629,1,44,0
62350,0.07856261612490112,1,44,0
62400,0.0047225421432687265,1,44,0
62450,-0.08984038096228741,1,44,0
62500,-0.07919900440586825,1,44,0
62550,-0.009297847227564104,1,44,0
62600,-0.03373142075669222,1,44,0
62650,-0.06642033773456313,1,44,0
62700,-0.07875694031351732,1,44,0
62750,-0.08918892662359129,1,44,0
62800,-0.12490034792221372,1,44,0
62850,-0.1517027544237416,1,44,0
62900,-0.1518689417867095,1,44,0
62950,-0.15185097881943094,1,44,0
63000,-0.15982236152495782,1,44,0
63050,-0.17074061079402886,1,44,0
63100,-0.1922801710262767,1,44,0
63150,-0.21541711948383435,1,44,0
63200,-0.24061912702762456,1,44,0
63250,-0.23356895062846367,1,44,0
63300,-0.06974324600899998,1,44,0
63350,-0.010305391321032961,1,44,0
63400,-0.08930051210389055,1,44,0
63450,-0.08287760740597763,1,44,0
63500,-0.019453481147499944,1,44,0
63550,0.018784528658573833,1,44,0
63600,-0.0759247258127653,0,45,1
63650,-0.16203459637008405,0,45,0
63700,-0.23085766139591485,0,45,0
63750,-0.2814474568507568,0,45,0
63800,-0.31697137387467067,0,45,0
63850,-0.3113257861574005,0,45,0
63900,-0.16012227061873158,0,45,0
63950,-0.09432595215423745,0,45,0
64000,-0.11058323006409951,0,45,0
64050,-0.13551311570308697,0,45,0
64100,-0.1661270692030138,0,45,0
64150,-0.18368883074854378,0,45,0
64200,-0.1707063071051286,0,45,0
64250,-0.21551478541540686,0,45,0
64300,-0.2851430235253169,0,45,0
64350,-0.49024449453370766,0,45,0
64400,-0.6952070344116312,0,45,0
64450,-0.6401305548018671,0,45,0
64500,-0.41735051958127173,0,45,0
64550,-0.3584978793290131,0,45,0
64600,-0.38031981514941393,0,45,0
64650,-0.28716552557795494,0,45,0
64700,-0.1852391494916033,0,45,0
64750,-0.28772442553317445,0,45,0
64800,-0.5629236680200788,0,45,0
64850,-0.5869689746767472,0,45,0
64900,-0.5033089231709326,0,45,0
64950,-0.5282988495265328,0,45,0
65000,-0.6628142299353886,0,45,0
65050,-0.7972148045478377,0,45,0
65100,-0.7897609358297041,0,45,0
65150,-0.6393159586541889,0,45,0
65200,-0.4903805584787671,0,45,0
65250,-0.4508067696735022,0,45,0
65300,-0.5063620666822373,0,45,0
65350,-0.38438452325498124,0,45,0
65400,-0.39330159263164344,0,45,0
65450,-0.2740880665365296,0,45,0
65500,-0.026483672149940407,0,45,0
65550,0.12675016915677528,1,46,1
65600,-0.013837122943801794,1,46,0
65650,-0.0024403279613028905,1,46,0
65700,0.2032581566485535,1,46,0
65750,0.13349241974105808,1,46,0
65800,-0.0024987640122873245,1,46,0
65850,0.06238085670863214,1,46,0
65900,0.5525796618314607,1,46,0
65950,0.5751035520606271,1,46,0
66000,0.58372535272872,1,46,0
66050,0.5122978959499529,1,46,0
66100,0.29725461851530166,1,46,0
66150,0.08228536721534896,1,46,0
66200,0.08815822609400598,1,46,0
66250,0.13306050944357278,1,46,0
66300,0.1277870486294133,1,46,0
66350,0.09230440625087535,1,46,0
66400,0.05688551234818032,1,46,0
66450,0.06146127540161139,1,46,0
66500,0.07154188204956666,1,46,0
66550,-0.010115767593500302,1,46,0
66600,-0.07401315472304892,1,46,0
66650,-0.04003712421224589,1,46,0
66700,-0.0060107303292545045,1,46,0
66750,-0.12333126104573168,1,46,0
66800,-0.2916108987010554,1,46,0
66850,0.007585674271481865,1,46,0
66900,0.29472975343660657,1,46,0
66950,0.3911607846610639,1,46,0
67000,0.4876273913957291,1,46,0
67050,0.3918209881848562,1,46,0
67100,0.22491801944461537,1,46,0
67150,0.2685703231103788,1,46,0
67200,0.2673332172544488,1,46,0
67250,0.10016058595733296,1,46,0
67300,-0.06528823465091169,1,46,0
67350,-0.019349711613165566,1,46,0
67400,0.0332660339863485,1,46,0
67450,0.10302776923878462,1,46,0
67500,0.11510674141041521,1,46,0
67550,0.04553199615547367,1,46,0
67600,-0.024041547074678288,1,46,0
67650,0.02278518244989436,1,46,0
67700,0.0851798494484318,1,46,0
67750,0.22967781935975828,1,46,0
67800,0.38402190735411873,1,46,0
67850,0.5528732867790391,1,46,0
67900,0.7187695928231244,1,46,0
67950,0.6428525436595668,1,46,0
68000,0.5772657034304679,1,46,0
68050,0.5370030243750865,1,46,0
68100,0.5365174914667732,1,46,0
68150,0.6221657039502457,1,46,0
68200,0.70777479393454,1,46,0
68250,0.6608431522266326,1,46,0
68300,0.5900403507457278,1,46,0
68350,0.5683295183866853,1,46,0
68400,0.531466949957573,1,46,0
68450,0.43563441565978567,1,46,0
68500,0.33974117863068587,1,46,0
68550,0.43782465292992445,1,46,0
68600,0.6098116104192313,1,46,0
68650,0.13171226419301652,1,46,0
68700,-0.4435909327338463,0,47,1
68750,-0.45779193313421396,0,47,0
68800,-0.44624694421285827,0,47,0
68850,-0.4367928510493666,0,47,0
68900,-0.4410866331054748,0,47,0
68950,-0.4454735106328228,0,47,0
69000,-0.35999807909354364,0,47,0
69050,-0.25213298406819434,0,47,0
69100,-0.11689421564010971,0,47,0
69150,0.02607820626480961,1,48,1
69200,0.47697371462906385,1,48,0
69250,0.8577368656777897,1,48,0
69300,1.2034917557066285,1,48,0
69350,1.5833549417829345,1,48,0
69400,0.8154319615784086,1,48,0
69450,0.7609540359268407,1,48,0
69500,0.590306599347158,1,48,0
69550,0.6052140790051577,1,48,0
69600,0.010891596459538522,1,48,0
69650,0.08893433771733367,1,48,0
69700,-0.2284800089682273,1,48,0
69750,0.22833821602237647,1,48,0
69800,-0.10679130962826,1,48,0
69850,0.3021019792661788,1,48,0
69900,-0.18456170816223416,1,48,0
69950,-0.01160410075119822,1,48,0
70000,-0.025274588004148946,1,48,0
70050,0.17055938586240457,1,48,0
70100,0.23908833868446033,1,48,0
70150,-0.12351832947407815,0,49,1
70200,-0.45732519795297455,0,49,0
70250,-0.7020230808278548,0,49,0
70300,-0.7697965633584919,0,49,0
70350,-0.4811697349482428,0,49,0
70400,-0.3541701344960589,0,49,0
70450,-0.3228655204114328,0,49,0
70500,-0.5325629386895411,0,49,0
70550,-0.6844565018912286,0,49,0
70600,-0.7997429314012189,0,49,0
70650,-0.6231195152350426,0,49,0
70700,-0.9085585825851991,0,49,0
70750,-0.38508374541434753,0,49,0
70800,-0.7502887312062655,0,49,0
70850,-0.48728108327138214,0,49,0
70900,-0.8267844500726875,0,49,0
70950,-1.1205676629033952,0,49,0
71000,-1.4185555070660487,0,49,0
71050,-0.9393283283078061,0,49,0
71100,-0.5110283534988639,0,49,0
71150,-0.5322953412849023,0,49,0
71200,-0.6500820840519108,0,49,0
71250,-0.4812112311572785,0,49,0
71300,-0.46964858701428186,0,49,0
71350,-0.6492011823500535,0,49,0
71400,-0.7236509700851352,0,49,0
71450,-0.6894509374981277,0,49,0
71500,-0.36743527610903715,0,49,0
71550,0.02602809062873168,0,49,0
71600,-0.3673824887496152,0,49,0
71650,-0.47329053161680923,0,49,0
71700,-0.4399028418619078,0,49,0
71750,-0.5496951015107674,0,49,0
71800,-0.5663400411709723,0,49,0
71850,-0.6072931850184704,0,49,0
71900,-1.0874196458397651,0,49,0
71950,-1.2146296766489246,0,49,0
72000,-0.7300124645509836,0,49,0
72050,-0.7540067609600812,0,49,0
72100,-0.7458258220356768,0,49,0
72150,-0.550015987199076,0,49,0
72200,-0.48635193895868833,0,49,0
72250,-0.6342843512111477,0,49,0
72300,0.8193257431880308,1,50,1
72350,1.1382936758744073,1,50,0
72400,0.4973563413794819,1,50,0
72450,0.641369477674202,1,50,0
72500,0.9742864605660719,1,50,0
72550,1.0475102011816744,1,50,0
72600,0.9044658134936296,1,50,0
72650,1.2184229886443827,1,50,0
72700,1.2851067002177685,1,50,0
72750,1.2506510203153245,1,50,0
72800,1.3627320549354642,1,50,0
72850,1.5107216054585264,1,50,0
72900,1.579806019732692,1,50,0
72950,1.2774394439083494,1,50,0
73000,1.315197969547231,1,50,0
73050,1.4874541745691625,1,50,0
73100,1.5967006790160827,1,50,0
73150,1.897552091326951,1,50,0
73200,1.8020311474901072,1,50,0
73250,0.8481860770051194,1,50,0
73300,0.5394224915422694,1,50,0
73350,-0.08582194087135897,0,51,1
73400,-0.5899334910678862,0,51,0
73450,-0.6414268418697799,0,51,0
73500,-0.19607538991622953,0,51,0
73550,-0.2842651639297977,0,51,0
73600,-0.5706792886883294,0,51,0
73650,-0.4282951072039263,0,51,0
73700,-0.6704903612726529,0,51,0
73750,-0.35288443392736457,0,51,0
73800,-0.10215301766650775,0,51,0
73850,-0.3106647727772742,0,51,0
73900,-0.15087450266558067,0,51,0
73950,-0.271095033979198,0,51,0
74000,-0.29617840887962776,0,51,0
74050,-0.10041141825811106,0,51,0
74100,-0.511005371323267,0,51,0
74150,-0.5856185477709347,0,51,0
74200,-0.5945003064035579,0,51,0
74250,-0.662315431079416,0,51,0
74300,-0.9216803441102053,0,51,0
74350,-0.8867780014997972,0,51,0
74400,-0.6749407259637731,0,51,0
74450,-0.32417672529068625,0,51,0
74500,-0.8231562318996488,0,51,0
74550,-0.8654829441064814,0,51,0
74600,-0.8041699840131498,0,51,0
74650,-0.9628374926593359,0,51,0
74700,-0.7871702340298278,0,51,0
74750,-0.8064375891139544,0,51,0
74800,-0.9621607449683197,0,51,0
74850,-1.0519996787605739,0,51,0
74900,-0.6105435188059416,0,51,0
74950,-0.6867372148157934,0,51,0
75000,-0.9398876931516768,0,51,0
75050,-0.4267648268462114,0,51,0
75100,-0.34365594457750326,0,51,0
75150,-0.48525725598384906,0,51,0
75200,-0.3943768092782248,0,51,0
75250,-0.3397739625924119,0,51,0
75300,-0.03504821318327189,0,51,0
75350,0.10461075069356374,0,51,0
75400,0.006457696720809869,0,51,0
75450,0.08174634584645679,0,51,0
75500,-0.03785310766595601,0,51,0
75550,-0.37334936212067416,0,51,0
75600,-0.3511782469612961,0,51,0
75650,0.23158238349307947,0,51,0
75700,0.1256192224533738,0,51,0
75750,0.03777469331398586,0,51,0
75800,-0.07194895145763913,0,51,0
75850,0.14039011851466748,0,51,0
75900,-0.03277555064143883,0,51,0
75950,0.2894187663746374,1,52,1
76000,0.13507152152086666,1,52,0
76050,0.31177939700042023,1,52,0
76100,0.4970841777019833,1,52,0
76150,0.553609359462925,1,52,0
76200,0.42780331494598556,1,52,0
76250,0.5516332794362568,1,52,0
76300,0.7971134654933861,1,52,0
76350,0.7855968823857536,1,52,0
76400,1.044281057947937,1,52,0
76450,1.1063061451001455,1,52,0
76500,1.147098284646043,1,52,0
76550,1.201891217541121,1,52,0
76600,1.235639828312235,1,52,0
76650,1.193125811755377,1,52,0
76700,1.2137511401510563,1,52,0
76750,1.4544295135211667,1,52,0
76800,1.3717836923624567,1,52,0
76850,1.661510549342167,1,52,0
76900,1.4981849395974418,1,52,0
76950,1.0813122232666947,1,52,0
77000,1.0569823512669627,1,52,0
77050,1.101387249431725,1,52,0
77100,0.6804322725010098,1,52,0
77150,0.4013926482032697,1,52,0
77200,0.056655811218070395,1,52,0
77250,-0.06572644660824811,1,52,0
77300,0.14309906089151248,1,52,0
77350,0.3137372020017316,1,52,0
77400,0.3765217495255565,1,52,0
77450,0.3353567172239238,1,52,0
77500,0.08692888240334606,1,52,0
77550,-0.25945675057288253,0,53,1
77600,-0.134839422821449,0,53,0
77650,-0.32742349369945023,0,53,0
77700,-0.2174538803715893,0,53,0
77750,-0.2266110701259324,0,53,0
77800,-0.633130321497267,0,53,0
77850,-0.8169584408882187,0,53,0
77900,-0.5323826343849203,0,53,0
77950,-0.6660397446256936,0,53,0
78000,-0.6056072667335559,0,53,0
78050,-0.2296491992265181,0,53,0
78100,-0.1295428196404474,0,53,0
78150,-0.23599120182388134,0,53,0
78200,-0.4087727273254368,0,53,0
78250,-0.38724204174623444,0,53,0
78300,-0.14547455625279854,0,53,0
78350,0.13840960431139357,1,54,1
78400,0.3723586917242241,1,54,0
78450,0.35971948285167915,1,54,0
78500,0.10799077995729868,1,54,0
78550,-0.04206304367748017,1,54,0
78600,0.017417732015847537,1,54,0
78650,0.13803553805786145,1,54,0
78700,0.26302652631472423,1,54,0
78750,0.21587629754717164,1,54,0
78800,0.312914203223657,1,54,0
78850,0.35367602771618933,1,54,0
78900,0.07010374094997741,1,54,0
78950,-0.11475545815750367,0,55,1
79000,-0.1508059900124523,0,55,0
79050,-0.3228633382547266,0,55,0
79100,-0.29348915416347554,0,55,0
79150,-0.3144147358976527,0,55,0
79200,-0.06881860024881536,0,55,0
79250,0.18603802061504449,0,55,0
79300,0.15993657527602112,0,55,0
79350,0.14908820635198866,0,55,0
79400,0.03384229173748257,0,55,0
79450,-0.0675671400554882,0,55,0
79500,-0.0895742862581865,0,55,0
79550,-0.090291177004905,0,55,0
79600,-0.4332143979172835,0,55,0
79650,-0.5189691993315082,0,55,0
79700,-0.358811248271232,0,55,0
79750,0.13687587202825924,0,55,0
79800,0.24228294754615687,0,55,0
79850,0.157595950301804,0,55,0
79900,-0.1488909316960626,0,55,0
79950,-0.18087356679072983,0,55,0
80000,-0.20821477617867473,0,55,0
80050,0.032900929775436405,0,55,0
80100,-0.03284041595856568,0,55,0
80150,-0.3914798719004422,0,55,0
80200,-0.28115211119145556,0,55,0
80250,-0.13758780053185676,0,55,0
80300,-0.08783955464097026,0,55,0
80350,0.10447768609057473,1,56,1
80400,0.04038858551887803,1,56,0
80450,0.2719516492346221,1,56,0
80500,0.37595408409367126,1,56,0
80550,0.3031312616892382,1,56,0
80600,0.0876647450343066,1,56,0
80650,0.17592663863194857,1,56,0
80700,0.12345216238379064,1,56,0
80750,-0.07625943754587622,1,56,0
80800,-0.21486705494451944,1,56,0
80850,-0.056201292644234846,1,56,0
80900,-0.17698843901980593,1,56,0
80950,0.08387351914360042,1,56,0
81000,0.1679468775756614,1,56,0
81050,-0.05106855586834719,1,56,0
81100,-0.056678593773119956,1,56,0
81150,-0.04422211564250872,1,56,0
81200,-0.10087106359628162,1,56,0
81250,0.2267659347879617,1,56,0
81300,0.37107448574180035,1,56,0
81350,0.241303172197897,1,56,0
81400,-0.24058324757511787,0,57,1
81450,-0.14280970891742278,0,57,0
81500,-0.3829878505742157,0,57,0
81550,-0.2732219497767717,0,57,0
81600,0.017199942116784717,0,57,0
81650,-0.16116147477534193,0,57,0
81700,-0.2802804097392465,0,57,0
81750,-0.27382090923079083,0,57,0
81800,-0.074223261674009,0,57,0
81850,-0.15176766011338694,0,57,0
81900,-0.04037228214200117,0,57,0
81950,-0.31543202030649176,0,57,0
82000,-0.3485060818319646,0,57,0
82050,-0.3426945208152914,0,57,0
82100,0.06788156254184752,0,57,0
82150,-0.22664510167918067,0,57,0
82200,-0.51074700206445,0,57,0
82250,-0.43238125069352157,0,57,0
82300,-0.5365029087236627,0,57,0
82350,-0.36764788495744727,0,57,0
82400,-0.5472880211150843,0,57,0
82450,-0.6371966940940545,0,57,0
82500,-0.7068313237218964,0,57,0
82550,-0.5884681629601414,0,57,0
82600,-0.5296223596130801,0,57,0
82650,-0.6054730064322491,0,57,0
82700,-0.833972633824575,0,57,0
82750,-0.8608837101647009,0,57,0
82800,-0.5613817249029004,0,57,0
82850,-0.8094337402539056,0,57,0
82900,-0.68129790483481,0,57,0
82950,-0.6070692964432125,0,57,0
83000,-0.40069145693175007,0,57,0
83050,-0.3360186893609228,0,57,0
83100,-0.37085388379094525,0,57,0
83150,-0.3762699918434962,0,57,0
83200,-0.42011392644479,0,57,0
83250,-0.4537271370664085,0,57,0
83300,-0.4845822113111319,0,57,0
83350,-0.5257786735277181,0,57,0
83400,-0.5659661241514327,0,57,0
83450,-0.5362026141077703,0,57,0
83500,-0.509723052137286,0,57,0
83550,-0.5167101856639912,0,57,0
83600,-0.5261782941563613,0,57,0
83650,-0.549297953181469,0,57,0
83700,-0.5637192546290507,0,57,0
83750,-0.5411786091850131,0,57,0
83800,-0.47615547175292544,0,57,0
83850,-0.28440040000194633,0,57,0
83900,-0.19631643264737747,0,57,0
83950,-0.3396868394290135,0,57,0
84000,-0.3872716308338847,0,57,0
84050,-0.26871698606800615,0,57,0
84100,-0.14607250404750788,0,57,0
84150,-0.01774386360104513,0,57,0
84200,0.18056043096520746,1,58,1
84250,0.454701431606616,1,58,0
84300,0.6160720094137669,1,58,0
84350,0.6387421978834343,1,58,0
84400,0.7945096979671231,1,58,0
84450,1.1367062671188106,1,58,0
84500,1.1489835997857787,1,58,0
84550,0.6343699216701915,1,58,0
84600,0.22567194912836508,1,58,0
84650,0.010971188288447786,1,58,0
84700,-0.10413653356784502,1,58,0
84750,-0.009043127973420662,1,58,0
84800,-0.0695157703439565,0,59,1
84850,-0.4652876302529252,0,59,0
84900,-0.1504438422266755,0,59,0
84950,0.21827659892954782,1,60,1
85000,0.3442972126496152,1,60,0
85050,0.37843570445757424,1,60,0
85100,0.5157620089387484,1,60,0
85150,0.5219926727401358,1,60,0
85200,0.48680058126532566,1,60,0
85250,0.38435513792787523,1,60,0
85300,0.3908390355487549,1,60,0
85350,0.39820663873520995,1,60,0
85400,0.33795914503134,1,60,0
85450,0.46116135706524686,1,60,0
85500,0.5761765757655751,1,60,0
85550,0.5302605542545136,1,60,0
85600,0.47385679430269706,1,60,0
85650,0.47719494216062847,1,60,0
85700,0.5229911388890316,1,60,0
85750,0.40821864339154695,1,60,0
85800,0.4736138345767791,1,60,0
85850,0.5948974965059232,1,60,0
85900,0.6514007988869159,1,60,0
85950,0.6450194390729254,1,60,0
86000,0.5882315870676225,1,60,0
86050,0.6777671740655777,1,60,0
86100,0.7363716695070728,1,60,0
86150,0.7364596222392156,1,60,0
86200,0.5868548161781263,1,60,0
86250,0.4600973554342873,1,60,0
86300,0.573797993859061,1,60,0
86350,0.5670003389322917,1,60,0
86400,0.48229831710862336,1,60,0
86450,0.290993124821469,1,60,0
86500,0.21549230448041024,1,60,0
86550,0.24298485140362502,1,60,0
86600,0.2316176281634479,1,60,0
86650,0.2584860509617365,1,60,0
86700,0.3183632992638755,1,60,0
86750,0.2607462256706643,1,60,0
86800,0.23065376109857372,1,60,0
86850,0.22824767554088943,1,60,0
86900,0.37057576094126976,1,60,0
86950,0.411425460126837,1,60,0
87000,0.35498987126730885,1,60,0
87050,0.39787706598121486,1,60,0
87100,0.42415333984350045,1,60,0
87150,0.4340191976829193,1,60,0
87200,0.42925791497871724,1,60,0
87250,0.4283458673071767,1,60,0
87300,0.4356962302969821,1,60,0
87350,0.46552034839324213,1,60,0
87400,0.5087079297740289,1,60,0
87450,0.4402766364972705,1,60,0
87500,0.4167149132873016,1,60,0
87550,0.5433129541195738,1,60,0
87600,0.5246609287745407,1,60,0
87650,0.3964639355448159,1,60,0
87700,0.33655031116605294,1,60,0
87750,0.3080151722143586,1,60,0
87800,0.36997961500684334,1,60,0
87850,0.38347447079110564,1,60,0
87900,0.35077601834412164,1,60,0
87950,0.3328911628650164,1,60,0
88000,0.32893127789723225,1,60,0
88050,0.39090074701274136,1,60,0
88100,0.35448669784714854,1,60,0
88150,0.24440680140301513,1,60,0
88200,0.11537866699863619,1,60,0
88250,0.039288216826325106,1,60,0
88300,0.03164377479742675,1,60,0
88350,0.007494441088538695,1,60,0
88400,-0.13578928844314808,0,61,1
88450,-0.5512961273784285,0,61,0
88500,-0.6539260324857535,0,61,0
88550,-0.6984259110172963,0,61,0
88600,-1.0307416546260635,0,61,0
88650,-1.19952323461174,0,61,0
88700,-1.257961429942216,0,61,0
88750,-1.3349102696987012,0,61,0
88800,-1.2818130470936497,0,61,0
88850,-1.0760696601772963,0,61,0
88900,-1.0153707894484956,0,61,0
88950,-0.9457183001352161,0,61,0
89000,-0.7834890120077638,0,61,0
89050,-0.6748096938755179,0,61,0
89100,-0.5963070582835523,0,61,0
89150,-0.558857756412219,0,61,0
89200,-0.6162133731854025,0,61,0
89250,-0.7848754225915582,0,61,0
89300,-0.6470953432216224,0,61,0
89350,-0.4911926758432812,0,61,0
89400,-0.45492248361839316,0,61,0
89450,-0.4253768634524695,0,61,0
89500,-0.40110236665624655,0,61,0
89550,-0.49809999558801543,0,61,0
89600,-0.5562252005173729,0,61,0
89650,-0.4696717927951797,0,61,0
89700,-0.42604420323322234,0,61,0
89750,-0.4056507197220187,0,61,0
89800,-0.2450764453461679,0,61,0
89850,-0.14130637326376994,0,61,0
89900,-0.12831000025835926,0,61,0
89950,-0.2087951712706554,0,61,0
90000,-0.2589465395207807,0,61,0
90050,0.07422058855550051,1,62,1
90100,0.2724910235559168,1,62,0
90150,0.34115738624471237,1,62,0
90200,0.36631241587963115,1,62,0
90250,0.35386435527604543,1,62,0
90300,0.2503984895371463,1,62,0
90350,0.006315607682423452,1,62,0
90400,-0.3142307977293141,0,63,1
90450,-0.20533258958311468,0,63,0
90500,-0.23044079396287792,0,63,0
90550,-0.43687275920201996,0,63,0
90600,-0.33055770384021477,0,63,0
90650,-0.2064468121785697,0,63,0
90700,-0.2044753804670736,0,63,0
90750,-0.2108877392733135,0,63,0
90800,-0.22460949461364882,0,63,0
90850,-0.2728942171793404,0,63,0
90900,-0.2264653998406907,0,63,0
90950,-0.08532087585697545,0,63,0
91000,-0.10573597539134438,0,63,0
91050,-0.08070516795736282,0,63,0
91100,0.06699799848272658,1,64,1
91150,0.20538871855558805,1,64,0
91200,0.298705867924307,1,64,0
91250,0.19069212483730036,1,64,0
91300,0.01819292512370152,1,64,0
91350,0.0112112161281267,1,64,0
91400,-0.6296814069725264,1,64,0
91450,0.05655496148855177,1,64,0
91500,0.07968693517808584,1,64,0
91550,0.22008904749825586,1,64,0
91600,0.28758642315164895,1,64,0
91650,0.17990060108484657,1,64,0
91700,-0.11269647670658459,1,64,0
91750,0.09671149125002731,1,64,0
91800,0.18461960438803737,1,64,0
91850,0.07353751063022096,1,64,0
91900,0.14695213023819087,1,64,0
91950,0.13704716650754092,1,64,0
92000,0.11669841123084584,1,64,0
92050,0.23539069616888358,1,64,0
92100,0.2534860818261572,1,64,0
92150,0.23606585132263702,1,64,0
92200,0.3198512721104504,1,64,0
92250,-0.419622457824572,1,64,0
92300,0.1527751631289286,1,64,0
92350,-0.1362233180810137,1,64,0
92400,0.11414070296813225,1,64,0
92450,0.016335377433198364,1,64,0
92500,0.037072692668286694,1,64,0
92550,-0.10099932994750718,1,64,0
92600,-0.034209211426030325,1,64,0
92650,-0.04073867668463832,1,64,0
92700,0.05374111617166936,1,64,0
92750,0.16762739239605443,1,64,0
92800,0.20188131601479428,1,64,0
92850,0.17537547302820428,1,64,0
92900,0.17102363805101586,1,64,0
92950,0.17533290316436226,1,64,0
93000,0.12489797765370882,1,64,0
93050,0.0484607813787927,1,64,0
93100,0.14339598033104045,1,64,0
93150,0.23413341968479923,1,64,0
93200,0.2394324411975407,1,64,0
93250,0.29094454420455124,1,64,0
93300,0.16612868787619148,1,64,0
93350,0.0544930216898786,1,64,0
93400,-0.030977741476652276,1,64,0
93450,0.10153820052822787,1,64,0
93500,0.156589864281583,1,64,0
93550,0.18508984134354373,1,64,0
93600,0.09022338613338268,1,64,0
93650,0.03244841294311129,1,64,0
93700,0.08313185663362177,1,64,0
93750,0.014549669741584503,1,64,0
93800,-0.0005677258201687851,1,64,0
93850,0.19455064976833283,1,64,0
93900,0.12127561091625236,1,64,0
93950,0.021610480922508057,1,64,0
94000,0.06726314629884905,1,64,0
94050,0.008558915497968556,1,64,0
94100,0.035823004837236605,1,64,0
94150,0.01933445304302478,1,64,0
94200,-0.03721766001037974,0,65,1
94250,-0.07654988391529383,0,65,0
94300,-0.10713923880434106,0,65,0
94350,-0.10534303333564254,0,65,0
94400,-0.04289812709864077,0,65,0
94450,-0.015511809258934889,0,65,0
94500,-0.09138587801821502,0,65,0
94550,-0.041069092749587394,0,65,0
94600,-0.2975873921193692,0,65,0
94650,-0.0759851805259758,0,65,0
94700,-0.15084826586797812,0,65,0
94750,-0.14419376974133669,0,65,0
94800,0.00856656791585829,0,65,0
94850,0.004314460374176113,0,65,0
94900,-0.0997932763057432,0,65,0
94950,-0.0828588738466316,0,65,0
95000,-0.1393720538153564,0,65,0
95050,-0.24629633575421012,0,65,0
95100,-0.7958536123353661,0,65,0
95150,0.07362297788308718,0,65,0
95200,0.0269483082350481,0,65,0
95250,-0.021433255995770797,0,65,0
95300,-0.098003414498096,0,65,0
95350,-0.0233180813868819,0,65,0
95400,-0.05793331237220961,0,65,0
95450,-0.06444234297483,0,65,0
95500,0.028681017378215802,0,65,0
95550,0.09963268256126745,0,65,0
95600,0.09446775394908351,0,65,0
95650,-0.044531098450027014,0,65,0
95700,-0.44297034224147774,0,65,0
95750,0.16663712816716686,0,65,0
95800,0.13375279162792822,0,65,0
95850,0.19186891459184935,0,65,0
95900,0.1495640556132095,0,65,0
95950,0.07478877922264134,0,65,0
96000,0.05308221611395429,0,65,0
96050,0.08611666487804331,0,65,0
96100,0.026814527274215107,0,65,0
96150,-0.08747017408505177,0,65,0
96200,-0.004207967062756328,0,65,0
96250,0.1018846283786949,0,65,0
96300,0.04917781761987737,0,65,0
96350,0.1260231712941256,0,65,0
96400,-0.005586485160703397,0,65,0
96450,-0.059055887945125896,0,65,0
96500,-0.05956441371066763,0,65,0
96550,-0.008890478041250972,1,66,1
96600,0.03525761667472796,1,66,0
96650,0.02902782119553933,1,66,0
96700,0.01411711133435635,1,66,0
96750,0.07236949341970111,1,66,0
96800,0.14603460233549292,1,66,0
96850,0.03364687340975601,1,66,0
96900,0.06035917790364413,1,66,0
96950,0.2959320041581542,1,66,0
97000,0.14723120514137625,1,66,0
97050,0.2708970716389105,1,66,0
97100,0.059304658949691835,1,66,0
97150,-0.09558816792042557,1,66,0
97200,0.008930192017505743,1,66,0
97250,0.26651008010758637,1,66,0
97300,0.5122132755075098,1,66,0
97350,0.5288340485533707,1,66,0
97400,0.37935625484441465,1,66,0
97450,0.6354808901652063,1,66,0
97500,0.5715827331618155,1,66,0
97550,0.563003031506484,1,66,0
97600,0.3449112938823376,1,66,0
97650,0.3498843359361258,1,66,0
97700,0.40044899412241874,1,66,0
97750,0.3683195000229619,1,66,0
97800,0.40403584945666887,1,66,0
97850,0.4624980017371596,1,66,0
97900,0.4116116869606968,1,66,0
97950,0.3608390300327711,1,66,0
98000,0.3101726922808343,1,66,0
98050,0.2596052667769667,1,66,0
98100,0.20912928283372922,1,66,0
98150,0.1587372105884637,1,66,0
98200,0.10842146566984814,1,66,0
98250,0.058174413940399905,1,66,0
98300,0.007988376309433998,1,66,0
98350,0.038837371236256524,1,66,0
98400,0.0697319067838452,1,66,0
98450,0.10066419848491229,1,66,0
98500,0.1316264367439558,1,66,0
98550,0.06844412523641602,1,66,0
98600,0.00527608600502083,1,66,0
98650,-0.05788553541970898,1,66,0
98700,-0.12104859821466701,1,66,0
98750,-0.1842209611170973,1,66,0
98800,-0.24741047727383503,1,66,0
98850,-0.20729165576194802,1,66,0
98900,-0.1672056564529214,1,66,0
98950,-0.12716028489410586,1,66,0
99000,-0.0871633205477285,1,66,0
99050,-0.047222511727997685,1,66,0
99100,-0.007345570573383781,1,66,0
99150,-0.06920683472776176,1,66,0
99200,-0.13114726240404795,1,66,0
99250,-0.1931744275014896,1,66,0
99300,-0.25529584811456724,1,66,0
99350,-0.22668392876359,1,66,0
99400,-0.19818111474521125,1,66,0
99450,-0.16979472848402474,1,66,0
99500,-0.14153201801748239,1,66,0
99550,-0.11340015255370867,1,66,0
99600,-0.08540621812193924,1,66,0
99650,-0.09395370625337593,1,66,0
99700,-0.27212650395522686,1,66,0
99750,0.27356200127243413,1,66,0
99800,-0.2996480212428845,1,66,0
99850,-0.003304326441164074,1,66,0
99900,-0.16417650764662872,1,66,0
99950,-0.1345976389343964,1,66,0
100000,0.09516914585554026,1,66,0
100050,0.21778352204702556,1,66,0
100100,-0.3843790004987115,0,67,1
100150,-0.2053492759467747,0,67,0
100200,-0.08401588504226393,0,67,0
100250,-0.30347176689017097,0,67,0
100300,-0.03763018207194563,0,67,0
100350,-0.2350551212637223,0,67,0
100400,-0.36737279392999095,0,67,0
100450,-0.3546631192168954,0,67,0
100500,-0.1769310416574949,0,67,0
100550,-0.46412795470911555,0,67,0
100600,-0.3716819587423199,0,67,0
100650,-0.27949698636591647,0,67,0
100700,-0.2738939639883873,0,67,0
100750,-0.45803972015062744,0,67,0
100800,-0.6424592386775937,0,67,0
100850,-0.7949304060964202,0,67,0
100900,-0.604951016027143,0,67,0
100950,-0.41525677700978436,0,67,0
101000,-0.22585118282855632,0,67,0
101050,-0.22571408398816784,0,67,0
101100,-0.2569124053470619,0,67,0
101150,-0.28840894449717547,0,67,0
101200,-0.3045416035638443,0,67,0
101250,-0.31185247578124203,0,67,0
101300,-0.3194697837101569,0,67,0
101350,-0.31804345296234293,0,67,0
101400,-0.3031804592185368,0,67,0
101450,-0.28863078516807084,0,67,0
101500,-0.2743964345818029,0,67,0
101550,-0.26047926828034407,0,67,0
101600,-0.24688100585266515,0,67,0
101650,-0.23360322751616341,0,67,0
101700,-0.2206473761134632,0,67,0
101750,-0.20801475924098,0,67,0
101800,-0.19570655150364946,0,67,0
101850,-0.1837237968911361,0,67,0
101900,-0.1720674112682663,0,67,0
101950,-0.16073818497635867,0,67,0
102000,-0.14973678553702557,0,67,0
102050,-0.16169050989213363,0,67,0
102100,-0.1309374710021216,0,67,0
102150,-0.12673628381661595,0,67,0
102200,-0.19961479450573177,0,67,0
102250,0.007235848212755913,1,68,1
102300,0.042617958801158706,1,68,0
102350,0.10082839615660888,1,68,0
102400,0.2476291357657674,1,68,0
102450,0.4414881605736919,1,68,0
102500,0.438963586036078,1,68,0
102550,0.1651895827424189,1,68,0
102600,0.030510351226377574,1,68,0
102650,0.14583127455851264,1,68,0
102700,0.32962846676888824,1,68,0
102750,0.10647557493871865,1,68,0
102800,0.0693134375960841,1,68,0
102850,0.2643152725191192,1,68,0
102900,0.12197634737555496,1,68,0
102950,0.23704648493471162,1,68,0
103000,0.25413291777996794,1,68,0
103050,0.0070228361399570505,1,68,0
103100,0.3136819979945854,1,68,0
103150,0.10627264130415356,1,68,0
103200,0.0969317008369211,1,68,0
103250,0.20010766277595135,1,68,0
103300,0.04364122745008667,1,68,0
103350,-0.058630154405403256,1,68,0
103400,-0.13032358914472308,1,68,0
103450,0.0852127308626386,1,68,0
103500,-0.10696111308484016,1,68,0
103550,0.12132226063023283,1,68,0
103600,-0.13804282801646645,1,68,0
103650,0.17567365905353644,1,68,0
103700,0.12526271373521408,1,68,0
103750,0.4324088730001459,1,68,0
103800,0.44399864522422383,1,68,0
103850,0.20978186199779164,1,68,0
103900,0.30130192568169306,1,68,0
103950,0.17393641293323048,1,68,0
104000,0.10007500829294591,1,68,0
104050,-0.029159381714075838,1,68,0
104100,0.3657745555307446,1,68,0
104150,0.12432608367159417,1,68,0
104200,0.5030377533793301,1,68,0
104250,0.2065424297422236,1,68,0
104300,0.2759725638291972,1,68,0
104350,-0.0013506997855719516,1,68,0
104400,0.23523643795645646,1,68,0
104450,0.1500823731728752,1,68,0
104500,0.23501378791508626,1,68,0
104550,0.12861738470006373,1,68,0
104600,-0.021115322691628413,0,69,1
104650,-0.5404729167825256,0,69,0
104700,-0.06622086078068329,0,69,0
104750,-0.2754930378123439,0,69,0
104800,-0.12682278304679662,0,69,0
104850,-0.341414255697181,0,69,0
104900,-0.26321074543331047,0,69,0
104950,-0.1750921170978264,0,69,0
105000,0.28120971303272535,1,70,1
105050,0.17652533603941822,1,70,0
105100,0.02804187754613363,1,70,0
105150,0.32711730682892076,1,70,0
105200,2.037547696649721,1,70,0
105250,1.1921236225373395,1,70,0
105300,0.750618588107557,1,70,0
105350,0.8187933331592845,1,70,0
105400,1.4639797984367764,1,70,0
105450,0.8927316389241063,1,70,0
105500,0.8967177024204817,1,70,0
105550,0.839142219033607,1,70,0
105600,0.9013921040985305,1,70,0
105650,0.8519607875694006,1,70,0
105700,0.705130310425003,1,70,0
105750,0.3356580200850753,1,70,0
105800,0.2278855824600814,1,70,0
105850,0.29843441587668607,1,70,0
105900,0.5391554772848886,1,70,0
105950,0.16054323950935434,1,70,0
106000,0.17039846912886314,1,70,0
106050,0.3472421094019238,1,70,0
106100,0.21749911852774573,1,70,0
106150,-0.25729841310749046,1,70,0
106200,-0.023755894824375123,1,70,0
106250,-0.2736116516057905,1,70,0
106300,0.60160386927111,1,70,0
106350,-0.2798636285112388,0,71,1
106400,-0.29947687844673454,0,71,0
106450,-0.28004537425355736,0,71,0
106500,-0.3882596668399696,0,71,0
106550,-0.3629916727594227,0,71,0
106600,-0.5445116596731608,0,71,0
106650,-0.417715283456743,0,71,0
106700,-0.37261491777454603,0,71,0
106750,0.012684637587460523,0,71,0
106800,-0.6720769653866784,0,71,0
106850,-0.7426925208283544,0,71,0
106900,-0.6106144184280211,0,71,0
106950,-0.6768358818823953,0,71,0
107000,-0.7602330874981289,0,71,0
107050,-0.6959959259311811,0,71,0
107100,-0.5082477498647876,0,71,0
107150,-0.6448108425572716,0,71,0
107200,-0.8499759158533209,0,71,0
107250,-0.9897590990337344,0,71,0
107300,-0.7130844324030114,0,71,0
107350,-0.7060210229305144,0,71,0
107400,-0.8444220714081021,0,71,0
107450,-0.5844225786186437,0,71,0
107500,-0.9049446756539847,0,71,0
107550,-0.7941306640083039,0,71,0
107600,-1.0016871209971459,0,71,0
107650,-1.0414513443062348,0,71,0
107700,-1.0077519928754173,0,71,0
107750,-0.7806337310871615,0,71,0
107800,-1.0402233528768405,0,71,0
107850,-1.1695668639157994,0,71,0
107900,-1.2658474696647837,0,71,0
107950,-1.3613135335008615,0,71,0
108000,-0.7998889312274897,0,71,0
108050,-1.231569632940597,0,71,0
108100,-1.2491596816815516,0,71,0
108150,-0.9533251328783775,0,71,0
108200,-0.8421092259022427,0,71,0
108250,-0.46573643069300785,0,71,0
108300,-0.5764242241929491,0,71,0
108350,0.1973348440276732,0,71,0
108400,0.11087625194132644,0,71,0
108450,-0.4940315744836038,0,71,0
108500,0.1367675733743905,1,72,1
108550,1.1177247120725378,1,72,0
108600,1.929707828219947,1,72,0
108650,1.4573709634138021,1,72,0
108700,0.6925600363867677,1,72,0
108750,0.557862114078385,1,72,0
108800,0.559806568075209,1,72,0
108850,0.5099542039298383,1,72,0
108900,0.5460604250983969,1,72,0
108950,0.33453856006253185,1,72,0
109000,0.5980546524418399,1,72,0
109050,0.6703701657214688,1,72,0
109100,0.6931328349989708,1,72,0
109150,0.8408001370186432,1,72,0
109200,0.66355206245711,1,72,0
109250,0.39294927627494414,1,72,0
109300,0.4437391576908543,1,72,0
109350,0.6069796577285158,1,72,0
109400,0.5910897607993191,1,72,0
109450,0.2866617138443074,1,72,0
109500,0.42163593450289844,1,72,0
109550,0.3188972054019861,1,72,0
109600,0.4289651618717931,1,72,0
109650,0.09090622287079336,1,72,0
109700,0.31604872679392715,1,72,0
109750,0.6190736223959263,1,72,0
109800,0.7617473563891181,1,72,0
109850,0.6099123552303015,1,72,0
109900,0.5996575091447073,1,72,0
109950,0.3986875650873667,1,72,0
110000,0.3792826802382775,1,72,0
110050,-0.22589841310816172,1,72,0
110100,0.4978699915954532,1,72,0
110150,0.7316643854584001,1,72,0
110200,0.2840705261418818,1,72,0
110250,0.5417440049563987,1,72,0
110300,0.5211502684368756,1,72,0
110350,0.30035932350097977,1,72,0
110400,0.4528705043243305,1,72,0
110450,0.3880248800025618,1,72,0
110500,0.29693079770697883,1,72,0
110550,0.5514521841480186,1,72,0
110600,0.33862933884945895,1,72,0
110650,0.3294673269469465,1,72,0
110700,0.2546296899897095,1,72,0
110750,0.17988541093932997,1,72,0
110800,0.10523736570070463,1,72,0
110850,0.03068838759216086,1,72,0
110900,0.09900588717987402,1,72,0
110950,0.22625836020389084,1,72,0
111000,-0.008440806055194927,1,72,0
111050,-0.07001159566558401,1,72,0
111100,-0.014861050946721632,1,72,0
111150,0.058333729271627,1,72,0
111200,0.04184938447458403,1,72,0
111250,-0.015688194189859228,1,72,0
111300,0.05118189604663864,1,72,0
111350,-0.07224782350165593,0,73,1
111400,-0.2895611286494123,0,73,0
111450,-0.34265498892666124,0,73,0
111500,-0.266008981221144,0,73,0
111550,-0.1675176211379778,0,73,0
111600,-0.09426052956156722,0,73,0
111650,-0.1354254917674867,0,73,0
111700,-0.011739337501735086,0,73,0
111750,-0.24588339306132728,0,73,0
111800,0.4180957879713766,0,73,0
111850,0.028275345270787372,0,73,0
111900,-0.48757095215629653,0,73,0
111950,-0.0609283685175962,0,73,0
112000,-0.1490639625700221,0,73,0
112050,-0.6397581874213676,0,73,0
112100,-0.08136907364031735,0,73,0
112150,-0.016070280612296546,0,73,0
112200,-0.4109829200718356,0,73,0
112250,-0.2430997386990901,0,73,0
112300,-0.19622208366704375,0,73,0
112350,-0.2282061276110961,0,73,0
112400,-0.37517521046356345,0,73,0
112450,-0.21483374984841877,0,73,0
112500,0.03696335012860233,0,73,0
112550,-0.20002034039834418,0,73,0
112600,-0.39624292912908377,0,73,0
112650,-0.3101321393482073,0,73,0
112700,-0.304059648301252,0,73,0
112750,-0.37063630293699645,0,73,0
112800,-0.13057675738871855,0,73,0
112850,-0.3418768413291021,0,73,0
112900,-0.18635380759074133,0,73,0
112950,-0.19195672155631227,0,73,0
113000,-0.4093300613422415,0,73,0
113050,-0.263744854914242,0,73,0
113100,-0.1142468939278109,0,73,0
113150,-0.2664921822052202,0,73,0
113200,-0.14441556716351572,0,73,0
113250,-0.15766016838707483,0,73,0
113300,0.17318255738447913,0,73,0
113350,-0.0957994807273655,0,73,0
113400,-0.1697339206320328,0,73,0
113450,-0.29097737618931474,0,73,0
113500,-0.2595437601271193,0,73,0
113550,-0.3243804975967289,0,73,0
113600,-0.2476867482676532,0,73,0
113650,-0.19222105275027077,0,73,0
113700,-0.15025241822419722,0,73,0
113750,0.007785861091855806,0,73,0
113800,-0.040724784790083124,0,73,0
113850,-0.20985396560972386,0,73,0
113900,0.03580429552535047,0,73,0
113950,-0.19927935125631946,0,73,0
114000,-0.24509221178509571,0,73,0
114050,-0.12709364931257128,0,73,0
114100,-0.3645891225995649,0,73,0
114150,-0.2958089210781749,0,73,0
114200,-0.2709063614842442,0,73,0
114250,-0.3285837309891749,0,73,0
114300,-0.3930327837624513,0,73,0
114350,-0.16285962060851472,0,73,0
114400,-0.20182813444261485,0,73,0
114450,-0.2700981156241635,0,73,0
114500,-0.04434747724458876,0,73,0
114550,0.12292103433542473,0,73,0
114600,-0.15173279781499768,0,73,0
114650,-0.24902503210302454,0,73,0
114700,-0.04100327195135145,0,73,0
114750,0.0072481959888412995,0,73,0
114800,-0.058661993194936535,0,73,0
114850,0.0996261257945345,1,74,1
114900,0.31123335227601756,1,74,0
114950,0.2912315650416487,1,74,0
115000,0.25739640109378437,1,74,0
115050,0.17647765218927092,1,74,0
115100,0.053431588605375085,1,74,0
115150,-0.12201653614596698,0,75,1
115200,-0.23031814847748872,0,75,0
115250,-0.30411902189488904,0,75,0
115300,-0.19554867330021158,0,75,0
115350,-0.06956956952613345,0,75,0
115400,-0.0245002059621231,0,75,0
115450,0.08333134118774735,1,76,1
115500,0.3309664838416224,1,76,0
115550,0.3672128670153187,1,76,0
115600,0.21212807156792393,1,76,0
115650,0.2400902357602789,1,76,0
115700,0.332433929480666,1,76,0
115750,0.24295287984014463,1,76,0
115800,0.1581173566352206,1,76,0
115850,0.13402388068421278,1,76,0
115900,0.12122539980834454,1,76,0
115950,-0.0018040525527467932,1,76,0
116000,-0.12584325384467326,1,76,0
116050,-0.037425186469986854,1,76,0
116100,-0.15400686057945895,1,76,0
116150,0.07158776364049191,1,76,0
116200,-0.07028605479506352,1,76,0
116250,0.11038711722630434,1,76,0
116300,-0.09474693836683878,1,76,0
116350,-0.15820020510394145,1,76,0
116400,-0.05979459039690166,1,76,0
116450,-0.02978691239592461,1,76,0
116500,-0.031368914184962626,1,76,0
116550,0.0379740343822492,1,76,0
116600,0.11384065201658256,1,76,0
116650,0.17526021639018777,1,76,0
116700,0.22419663110990534,1,76,0
116750,0.2472875574695731,1,76,0
116800,0.19440418893682074,1,76,0
116850,0.07828441049990499,1,76,0
116900,0.03087789395455648,1,76,0
116950,0.005336587305922402,1,76,0
117000,0.013100316118758643,1,76,0
117050,0.02857068794628445,1,76,0
117100,0.07163826618289358,1,76,0
117150,0.11286599270780251,1,76,0
117200,0.15122695652641138,1,76,0
117250,0.2775011314574005,1,76,0
117300,0.4568704790889956,1,76,0
117350,0.6294855714238478,1,76,0
117400,0.3799802270620983,1,76,0
117450,-0.09628515914811275,1,76,0
117500,0.0018258358895197058,1,76,0
117550,0.15013805252833043,1,76,0
117600,-0.3777007351995192,0,77,1
117650,-0.5683510744945255,0,77,0
117700,-0.2004227267283336,0,77,0
117750,-0.0010655625835333526,0,77,0
117800,0.031311159602033706,0,77,0
117850,0.02713923632012967,0,77,0
117900,-0.057972180733121145,0,77,0
117950,0.16356167405358507,0,77,0
118000,-0.067198357861595,0,77,0
118050,-0.2503939508640182,0,77,0
118100,-0.16920241529217525,0,77,0
118150,-0.14755033172259416,0,77,0
118200,-0.12551142394472814,0,77,0
118250,-0.10309081934064751,0,77,0
118300,-0.08029384103412124,0,77,0
118350,-0.05712600731568335,0,77,0
118400,-0.03359303093808203,0,77,0
118450,-0.009700818280320333,1,78,1
118500,0.014544531621117466,1,78,0
118550,0.25975331694127735,1,78,0
118600,0.2445280040074555,1,78,0
118650,0.08057409436625998,1,78,0
118700,0.17481707152921816,1,78,0
118750,0.3957361941899345,1,78,0
118800,0.3091400789639547,1,78,0
118850,0.22649804754835343,1,78,0
118900,0.14161031488774772,1,78,0
118950,0.317528187754234,1,78,0
119000,0.23979232845580267,1,78,0
119050,0.2825627752566523,1,78,0
119100,0.4743643294177381,1,78,0
