dt_yr,amp_sigma,min_persistence_yr,tol_yr,n_detected,n_ref,n_matched,recall,precision,f1,median_abs_age_error_yr,mean_abs_age_error_yr
50,0.0,0.0,100,149,68,19,0.27941176470588236,0.12751677852348994,0.17511520737327188,40.0,44.1578947368421
50,0.0,0.0,200,149,68,36,0.5294117647058824,0.24161073825503357,0.33179723502304154,100.0,102.25
50,0.0,0.0,300,149,68,44,0.6470588235294118,0.2953020134228188,0.4055299539170507,144.5,134.0909090909091
50,0.0,80.0,100,107,68,17,0.25,0.1588785046728972,0.19428571428571426,40.0,45.1764705882353
50,0.0,80.0,200,107,68,33,0.4852941176470588,0.308411214953271,0.37714285714285717,101.0,102.39393939393939
50,0.0,80.0,300,107,68,40,0.5882352941176471,0.37383177570093457,0.45714285714285713,129.5,131.2
50,0.0,90.0,100,107,68,17,0.25,0.1588785046728972,0.19428571428571426,40.0,45.1764705882353
50,0.0,90.0,200,107,68,33,0.4852941176470588,0.308411214953271,0.37714285714285717,101.0,102.39393939393939
50,0.0,90.0,300,107,68,40,0.5882352941176471,0.37383177570093457,0.45714285714285713,129.5,131.2
50,0.0,100.0,100,107,68,17,0.25,0.1588785046728972,0.19428571428571426,40.0,45.1764705882353
50,0.0,100.0,200,107,68,33,0.4852941176470588,0.308411214953271,0.37714285714285717,101.0,102.39393939393939
50,0.0,100.0,300,107,68,40,0.5882352941176471,0.37383177570093457,0.45714285714285713,129.5,131.2
50,0.0,110.0,100,89,68,14,0.20588235294117646,0.15730337078651685,0.17834394904458598,40.0,47.07142857142857
50,0.0,110.0,200,89,68,27,0.39705882352941174,0.30337078651685395,0.3439490445859873,99.0,102.22222222222223
50,0.0,110.0,300,89,68,36,0.5294117647058824,0.4044943820224719,0.4585987261146497,150.5,142.77777777777777
50,0.0,120.0,100,89,68,14,0.20588235294117646,0.15730337078651685,0.17834394904458598,40.0,47.07142857142857
50,0.0,120.0,200,89,68,27,0.39705882352941174,0.30337078651685395,0.3439490445859873,99.0,102.22222222222223
50,0.0,120.0,300,89,68,36,0.5294117647058824,0.4044943820224719,0.4585987261146497,150.5,142.77777777777777
50,0.0,130.0,100,89,68,14,0.20588235294117646,0.15730337078651685,0.17834394904458598,40.0,47.07142857142857
50,0.0,130.0,200,89,68,27,0.39705882352941174,0.30337078651685395,0.3439490445859873,99.0,102.22222222222223
50,0.0,130.0,300,89,68,36,0.5294117647058824,0.4044943820224719,0.4585987261146497,150.5,142.77777777777777
50,0.0,140.0,100,89,68,14,0.20588235294117646,0.15730337078651685,0.17834394904458598,40.0,47.07142857142857
50,0.0,140.0,200,89,68,27,0.39705882352941174,0.30337078651685395,0.3439490445859873,99.0,102.22222222222223
50,0.0,140.0,300,89,68,36,0.5294117647058824,0.4044943820224719,0.4585987261146497,150.5,142.77777777777777
50,0.0,150.0,100,89,68,14,0.20588235294117646,0.15730337078651685,0.17834394904458598,40.0,47.07142857142857
50,0.0,150.0,200,89,68,27,0.39705882352941174,0.30337078651685395,0.3439490445859873,99.0,102.22222222222223
50,0.0,150.0,300,89,68,36,0.5294117647058824,0.4044943820224719,0.4585987261146497,150.5,142.77777777777777
50,0.0,200.0,100,71,68,11,0.16176470588235295,0.15492957746478872,0.15827338129496402,40.0,46.27272727272727
50,0.0,200.0,200,71,68,22,0.3235294117647059,0.30985915492957744,0.31654676258992803,103.0,105.9090909090909
50,0.0,200.0,300,71,68,30,0.4411764705882353,0.4225352112676056,0.43165467625899284,155.5,142.03333333333333
50,0.0,300.0,100,59,68,9,0.1323529411764706,0.15254237288135594,0.14173228346456693,50.0,52.22222222222222
50,0.0,300.0,200,59,68,21,0.3088235294117647,0.3559322033898305,0.33070866141732286,119.0,114.76190476190476
50,0.0,300.0,300,59,68,27,0.39705882352941174,0.4576271186440678,0.42519685039370075,151.0,143.7037037037037
50,0.0,400.0,100,53,68,8,0.11764705882352941,0.1509433962264151,0.1322314049586777,46.0,52.5
50,0.0,400.0,200,53,68,18,0.2647058823529412,0.33962264150943394,0.2975206611570248,124.0,114.5
50,0.0,400.0,300,53,68,24,0.35294117647058826,0.4528301886792453,0.3966942148760331,155.5,147.125
50,0.0,500.0,100,41,68,7,0.10294117647058823,0.17073170731707318,0.12844036697247704,41.0,55.57142857142857
50,0.0,500.0,200,41,68,14,0.20588235294117646,0.34146341463414637,0.2568807339449541,103.0,110.0
50,0.0,500.0,300,41,68,20,0.29411764705882354,0.4878048780487805,0.36697247706422015,160.5,150.5
50,0.1,0.0,100,105,68,15,0.22058823529411764,0.14285714285714285,0.17341040462427745,40.0,45.266666666666666
50,0.1,0.0,200,105,68,34,0.5,0.3238095238095238,0.3930635838150289,110.5,110.58823529411765
50,0.1,0.0,300,105,68,41,0.6029411764705882,0.3904761904761905,0.47398843930635837,150.0,137.29268292682926
50,0.1,80.0,100,95,68,15,0.22058823529411764,0.15789473684210525,0.18404907975460122,40.0,45.266666666666666
50,0.1,80.0,200,95,68,32,0.47058823529411764,0.3368421052631579,0.3926380368098159,109.5,106.53125
50,0.1,80.0,300,95,68,39,0.5735294117647058,0.4105263157894737,0.4785276073619632,139.0,135.33333333333334
50,0.1,90.0,100,95,68,15,0.22058823529411764,0.15789473684210525,0.18404907975460122,40.0,45.266666666666666
50,0.1,90.0,200,95,68,32,0.47058823529411764,0.3368421052631579,0.3926380368098159,109.5,106.53125
50,0.1,90.0,300,95,68,39,0.5735294117647058,0.4105263157894737,0.4785276073619632,139.0,135.33333333333334
50,0.1,100.0,100,95,68,15,0.22058823529411764,0.15789473684210525,0.18404907975460122,40.0,45.266666666666666
50,0.1,100.0,200,95,68,32,0.47058823529411764,0.3368421052631579,0.3926380368098159,109.5,106.53125
50,0.1,100.0,300,95,68,39,0.5735294117647058,0.4105263157894737,0.4785276073619632,139.0,135.33333333333334
50,0.1,110.0,100,79,68,13,0.19117647058823528,0.16455696202531644,0.17687074829931973,40.0,45.30769230769231
50,0.1,110.0,200,79,68,27,0.39705882352941174,0.34177215189873417,0.3673469387755102,109.0,104.03703703703704
50,0.1,110.0,300,79,68,35,0.5147058823529411,0.4430379746835443,0.4761904761904762,150.0,141.65714285714284
50,0.1,120.0,100,79,68,13,0.19117647058823528,0.16455696202531644,0.17687074829931973,40.0,45.30769230769231
50,0.1,120.0,200,79,68,27,0.39705882352941174,0.34177215189873417,0.3673469387755102,109.0,104.03703703703704
50,0.1,120.0,300,79,68,35,0.5147058823529411,0.4430379746835443,0.4761904761904762,150.0,141.65714285714284
50,0.1,130.0,100,79,68,13,0.19117647058823528,0.16455696202531644,0.17687074829931973,40.0,45.30769230769231
50,0.1,130.0,200,79,68,27,0.39705882352941174,0.34177215189873417,0.3673469387755102,109.0,104.03703703703704
50,0.1,130.0,300,79,68,35,0.5147058823529411,0.4430379746835443,0.4761904761904762,150.0,141.65714285714284
50,0.1,140.0,100,79,68,13,0.19117647058823528,0.16455696202531644,0.17687074829931973,40.0,45.30769230769231
50,0.1,140.0,200,79,68,27,0.39705882352941174,0.34177215189873417,0.3673469387755102,109.0,104.03703703703704
50,0.1,140.0,300,79,68,35,0.5147058823529411,0.4430379746835443,0.4761904761904762,150.0,141.65714285714284
50,0.1,150.0,100,79,68,13,0.19117647058823528,0.16455696202531644,0.17687074829931973,40.0,45.30769230769231
50,0.1,150.0,200,79,68,27,0.39705882352941174,0.34177215189873417,0.3673469387755102,109.0,104.03703703703704
50,0.1,150.0,300,79,68,35,0.5147058823529411,0.4430379746835443,0.4761904761904762,150.0,141.65714285714284
50,0.1,200.0,100,65,68,11,0.16176470588235295,0.16923076923076924,0.16541353383458646,40.0,46.27272727272727
50,0.1,200.0,200,65,68,23,0.3382352941176471,0.35384615384615387,0.3458646616541354,109.0,106.47826086956522
50,0.1,200.0,300,65,68,30,0.4411764705882353,0.46153846153846156,0.45112781954887216,150.5,138.3
50,0.1,300.0,100,57,68,9,0.1323529411764706,0.15789473684210525,0.144,50.0,52.22222222222222
50,0.1,300.0,200,57,68,21,0.3088235294117647,0.3684210526315789,0.33599999999999997,119.0,114.76190476190476
50,0.1,300.0,300,57,68,27,0.39705882352941174,0.47368421052631576,0.432,151.0,143.7037037037037
50,0.1,400.0,100,53,68,8,0.11764705882352941,0.1509433962264151,0.1322314049586777,46.0,52.5
50,0.1,400.0,200,53,68,18,0.2647058823529412,0.33962264150943394,0.2975206611570248,124.0,114.5
50,0.1,400.0,300,53,68,24,0.35294117647058826,0.4528301886792453,0.3966942148760331,155.5,147.125
50,0.1,500.0,100,41,68,7,0.10294117647058823,0.17073170731707318,0.12844036697247704,41.0,55.57142857142857
50,0.1,500.0,200,41,68,14,0.20588235294117646,0.34146341463414637,0.2568807339449541,103.0,110.0
50,0.1,500.0,300,41,68,20,0.29411764705882354,0.4878048780487805,0.36697247706422015,160.5,150.5
50,0.2,0.0,100,87,68,15,0.22058823529411764,0.1724137931034483,0.19354838709677422,40.0,45.266666666666666
50,0.2,0.0,200,87,68,31,0.45588235294117646,0.3563218390804598,0.39999999999999997,109.0,103.80645161290323
50,0.2,0.0,300,87,68,38,0.5588235294117647,0.4367816091954023,0.4903225806451613,129.5,133.8684210526316
50,0.2,80.0,100,83,68,15,0.22058823529411764,0.18072289156626506,0.1986754966887417,40.0,45.266666666666666
50,0.2,80.0,200,83,68,31,0.45588235294117646,0.37349397590361444,0.4105960264900662,109.0,103.80645161290323
50,0.2,80.0,300,83,68,38,0.5588235294117647,0.4578313253012048,0.5033112582781457,129.5,133.8684210526316
50,0.2,90.0,100,83,68,15,0.22058823529411764,0.18072289156626506,0.1986754966887417,40.0,45.266666666666666
50,0.2,90.0,200,83,68,31,0.45588235294117646,0.37349397590361444,0.4105960264900662,109.0,103.80645161290323
50,0.2,90.0,300,83,68,38,0.5588235294117647,0.4578313253012048,0.5033112582781457,129.5,133.8684210526316
50,0.2,100.0,100,83,68,15,0.22058823529411764,0.18072289156626506,0.1986754966887417,40.0,45.266666666666666
50,0.2,100.0,200,83,68,31,0.45588235294117646,0.37349397590361444,0.4105960264900662,109.0,103.80645161290323
50,0.2,100.0,300,83,68,38,0.5588235294117647,0.4578313253012048,0.5033112582781457,129.5,133.8684210526316
50,0.2,110.0,100,71,68,13,0.19117647058823528,0.18309859154929578,0.18705035971223022,40.0,45.30769230769231
50,0.2,110.0,200,71,68,26,0.38235294117647056,0.36619718309859156,0.37410071942446044,104.0,100.6923076923077
50,0.2,110.0,300,71,68,34,0.5,0.4788732394366197,0.48920863309352514,144.5,140.2058823529412
50,0.2,120.0,100,71,68,13,0.19117647058823528,0.18309859154929578,0.18705035971223022,40.0,45.30769230769231
50,0.2,120.0,200,71,68,26,0.38235294117647056,0.36619718309859156,0.37410071942446044,104.0,100.6923076923077
50,0.2,120.0,300,71,68,34,0.5,0.4788732394366197,0.48920863309352514,144.5,140.2058823529412
50,0.2,130.0,100,71,68,13,0.19117647058823528,0.18309859154929578,0.18705035971223022,40.0,45.30769230769231
50,0.2,130.0,200,71,68,26,0.38235294117647056,0.36619718309859156,0.37410071942446044,104.0,100.6923076923077
50,0.2,130.0,300,71,68,34,0.5,0.4788732394366197,0.48920863309352514,144.5,140.2058823529412
50,0.2,140.0,100,71,68,13,0.19117647058823528,0.18309859154929578,0.18705035971223022,40.0,45.30769230769231
50,0.2,140.0,200,71,68,26,0.38235294117647056,0.36619718309859156,0.37410071942446044,104.0,100.6923076923077
50,0.2,140.0,300,71,68,34,0.5,0.4788732394366197,0.48920863309352514,144.5,140.2058823529412
50,0.2,150.0,100,71,68,13,0.19117647058823528,0.18309859154929578,0.18705035971223022,40.0,45.30769230769231
50,0.2,150.0,200,71,68,26,0.38235294117647056,0.36619718309859156,0.37410071942446044,104.0,100.6923076923077
50,0.2,150.0,300,71,68,34,0.5,0.4788732394366197,0.48920863309352514,144.5,140.2058823529412
50,0.2,200.0,100,61,68,11,0.16176470588235295,0.18032786885245902,0.17054263565891475,40.0,46.27272727272727
50,0.2,200.0,200,61,68,23,0.3382352941176471,0.3770491803278688,0.3565891472868217,109.0,106.47826086956522
50,0.2,200.0,300,61,68,30,0.4411764705882353,0.4918032786885246,0.46511627906976744,150.5,138.3
50,0.2,300.0,100,55,68,9,0.1323529411764706,0.16363636363636364,0.1463414634146341,50.0,52.22222222222222
50,0.2,300.0,200,55,68,21,0.3088235294117647,0.38181818181818183,0.34146341463414637,119.0,114.76190476190476
50,0.2,300.0,300,55,68,27,0.39705882352941174,0.4909090909090909,0.43902439024390244,151.0,143.7037037037037
50,0.2,400.0,100,51,68,8,0.11764705882352941,0.1568627450980392,0.13445378151260504,46.0,52.5
50,0.2,400.0,200,51,68,18,0.2647058823529412,0.35294117647058826,0.3025210084033613,124.0,114.5
50,0.2,400.0,300,51,68,24,0.35294117647058826,0.47058823529411764,0.4033613445378152,155.5,147.125
50,0.2,500.0,100,41,68,7,0.10294117647058823,0.17073170731707318,0.12844036697247704,41.0,55.57142857142857
50,0.2,500.0,200,41,68,14,0.20588235294117646,0.34146341463414637,0.2568807339449541,103.0,110.0
50,0.2,500.0,300,41,68,20,0.29411764705882354,0.4878048780487805,0.36697247706422015,160.5,150.5
50,0.21,0.0,100,87,68,15,0.22058823529411764,0.1724137931034483,0.19354838709677422,40.0,45.266666666666666
50,0.21,0.0,200,87,68,31,0.45588235294117646,0.3563218390804598,0.39999999999999997,109.0,103.80645161290323
50,0.21,0.0,300,87,68,38,0.5588235294117647,0.4367816091954023,0.4903225806451613,129.5,133.8684210526316
50,0.21,80.0,100,83,68,15,0.22058823529411764,0.18072289156626506,0.1986754966887417,40.0,45.266666666666666
50,0.21,80.0,200,83,68,31,0.45588235294117646,0.37349397590361444,0.4105960264900662,109.0,103.80645161290323
50,0.21,80.0,300,83,68,38,0.5588235294117647,0.4578313253012048,0.5033112582781457,129.5,133.8684210526316
50,0.21,90.0,100,83,68,15,0.22058823529411764,0.18072289156626506,0.1986754966887417,40.0,45.266666666666666
50,0.21,90.0,200,83,68,31,0.45588235294117646,0.37349397590361444,0.4105960264900662,109.0,103.80645161290323
50,0.21,90.0,300,83,68,38,0.5588235294117647,0.4578313253012048,0.5033112582781457,129.5,133.8684210526316
50,0.21,100.0,100,83,68,15,0.22058823529411764,0.18072289156626506,0.1986754966887417,40.0,45.266666666666666
50,0.21,100.0,200,83,68,31,0.45588235294117646,0.37349397590361444,0.4105960264900662,109.0,103.80645161290323
50,0.21,100.0,300,83,68,38,0.5588235294117647,0.4578313253012048,0.5033112582781457,129.5,133.8684210526316
50,0.21,110.0,100,71,68,13,0.19117647058823528,0.18309859154929578,0.18705035971223022,40.0,45.30769230769231
50,0.21,110.0,200,71,68,26,0.38235294117647056,0.36619718309859156,0.37410071942446044,104.0,100.6923076923077
50,0.21,110.0,300,71,68,34,0.5,0.4788732394366197,0.48920863309352514,144.5,140.2058823529412
50,0.21,120.0,100,71,68,13,0.19117647058823528,0.18309859154929578,0.18705035971223022,40.0,45.30769230769231
50,0.21,120.0,200,71,68,26,0.38235294117647056,0.36619718309859156,0.37410071942446044,104.0,100.6923076923077
50,0.21,120.0,300,71,68,34,0.5,0.4788732394366197,0.48920863309352514,144.5,140.2058823529412
50,0.21,130.0,100,71,68,13,0.19117647058823528,0.18309859154929578,0.18705035971223022,40.0,45.30769230769231
50,0.21,130.0,200,71,68,26,0.38235294117647056,0.36619718309859156,0.37410071942446044,104.0,100.6923076923077
50,0.21,130.0,300,71,68,34,0.5,0.4788732394366197,0.48920863309352514,144.5,140.2058823529412
50,0.21,140.0,100,71,68,13,0.19117647058823528,0.18309859154929578,0.18705035971223022,40.0,45.30769230769231
50,0.21,140.0,200,71,68,26,0.38235294117647056,0.36619718309859156,0.37410071942446044,104.0,100.6923076923077
50,0.21,140.0,300,71,68,34,0.5,0.4788732394366197,0.48920863309352514,144.5,140.2058823529412
50,0.21,150.0,100,71,68,13,0.19117647058823528,0.18309859154929578,0.18705035971223022,40.0,45.30769230769231
50,0.21,150.0,200,71,68,26,0.38235294117647056,0.36619718309859156,0.37410071942446044,104.0,100.6923076923077
50,0.21,150.0,300,71,68,34,0.5,0.4788732394366197,0.48920863309352514,144.5,140.2058823529412
50,0.21,200.0,100,61,68,11,0.16176470588235295,0.18032786885245902,0.17054263565891475,40.0,46.27272727272727
50,0.21,200.0,200,61,68,23,0.3382352941176471,0.3770491803278688,0.3565891472868217,109.0,106.47826086956522
50,0.21,200.0,300,61,68,30,0.4411764705882353,0.4918032786885246,0.46511627906976744,150.5,138.3
50,0.21,300.0,100,55,68,9,0.1323529411764706,0.16363636363636364,0.1463414634146341,50.0,52.22222222222222
50,0.21,300.0,200,55,68,21,0.3088235294117647,0.38181818181818183,0.34146341463414637,119.0,114.76190476190476
50,0.21,300.0,300,55,68,27,0.39705882352941174,0.4909090909090909,0.43902439024390244,151.0,143.7037037037037
50,0.21,400.0,100,51,68,8,0.11764705882352941,0.1568627450980392,0.13445378151260504,46.0,52.5
50,0.21,400.0,200,51,68,18,0.2647058823529412,0.35294117647058826,0.3025210084033613,124.0,114.5
50,0.21,400.0,300,51,68,24,0.35294117647058826,0.47058823529411764,0.4033613445378152,155.5,147.125
50,0.21,500.0,100,41,68,7,0.10294117647058823,0.17073170731707318,0.12844036697247704,41.0,55.57142857142857
50,0.21,500.0,200,41,68,14,0.20588235294117646,0.34146341463414637,0.2568807339449541,103.0,110.0
50,0.21,500.0,300,41,68,20,0.29411764705882354,0.4878048780487805,0.36697247706422015,160.5,150.5
50,0.22,0.0,100,85,68,15,0.22058823529411764,0.17647058823529413,0.196078431372549,40.0,45.266666666666666
50,0.22,0.0,200,85,68,31,0.45588235294117646,0.36470588235294116,0.40522875816993464,109.0,103.80645161290323
50,0.22,0.0,300,85,68,38,0.5588235294117647,0.4470588235294118,0.4967320261437909,129.5,133.8684210526316
50,0.22,80.0,100,81,68,15,0.22058823529411764,0.18518518518518517,0.20134228187919462,40.0,45.266666666666666
50,0.22,80.0,200,81,68,31,0.45588235294117646,0.38271604938271603,0.4161073825503355,109.0,103.80645161290323
50,0.22,80.0,300,81,68,38,0.5588235294117647,0.4691358024691358,0.5100671140939597,129.5,133.8684210526316
50,0.22,90.0,100,81,68,15,0.22058823529411764,0.18518518518518517,0.20134228187919462,40.0,45.266666666666666
50,0.22,90.0,200,81,68,31,0.45588235294117646,0.38271604938271603,0.4161073825503355,109.0,103.80645161290323
50,0.22,90.0,300,81,68,38,0.5588235294117647,0.4691358024691358,0.5100671140939597,129.5,133.8684210526316
50,0.22,100.0,100,81,68,15,0.22058823529411764,0.18518518518518517,0.20134228187919462,40.0,45.266666666666666
50,0.22,100.0,200,81,68,31,0.45588235294117646,0.38271604938271603,0.4161073825503355,109.0,103.80645161290323
50,0.22,100.0,300,81,68,38,0.5588235294117647,0.4691358024691358,0.5100671140939597,129.5,133.8684210526316
50,0.22,110.0,100,69,68,13,0.19117647058823528,0.18840579710144928,0.18978102189781024,40.0,45.30769230769231
50,0.22,110.0,200,69,68,26,0.38235294117647056,0.37681159420289856,0.3795620437956205,104.0,100.6923076923077
50,0.22,110.0,300,69,68,34,0.5,0.4927536231884058,0.4963503649635037,144.5,140.2058823529412
50,0.22,120.0,100,69,68,13,0.19117647058823528,0.18840579710144928,0.18978102189781024,40.0,45.30769230769231
50,0.22,120.0,200,69,68,26,0.38235294117647056,0.37681159420289856,0.3795620437956205,104.0,100.6923076923077
50,0.22,120.0,300,69,68,34,0.5,0.4927536231884058,0.4963503649635037,144.5,140.2058823529412
50,0.22,130.0,100,69,68,13,0.19117647058823528,0.18840579710144928,0.18978102189781024,40.0,45.30769230769231
50,0.22,130.0,200,69,68,26,0.38235294117647056,0.37681159420289856,0.3795620437956205,104.0,100.6923076923077
50,0.22,130.0,300,69,68,34,0.5,0.4927536231884058,0.4963503649635037,144.5,140.2058823529412
50,0.22,140.0,100,69,68,13,0.19117647058823528,0.18840579710144928,0.18978102189781024,40.0,45.30769230769231
50,0.22,140.0,200,69,68,26,0.38235294117647056,0.37681159420289856,0.3795620437956205,104.0,100.6923076923077
50,0.22,140.0,300,69,68,34,0.5,0.4927536231884058,0.4963503649635037,144.5,140.2058823529412
50,0.22,150.0,100,69,68,13,0.19117647058823528,0.18840579710144928,0.18978102189781024,40.0,45.30769230769231
50,0.22,150.0,200,69,68,26,0.38235294117647056,0.37681159420289856,0.3795620437956205,104.0,100.6923076923077
50,0.22,150.0,300,69,68,34,0.5,0.4927536231884058,0.4963503649635037,144.5,140.2058823529412
50,0.22,200.0,100,59,68,11,0.16176470588235295,0.1864406779661017,0.1732283464566929,40.0,46.27272727272727
50,0.22,200.0,200,59,68,23,0.3382352941176471,0.3898305084745763,0.36220472440944884,109.0,106.47826086956522
50,0.22,200.0,300,59,68,30,0.4411764705882353,0.5084745762711864,0.47244094488188976,150.5,138.3
50,0.22,300.0,100,53,68,9,0.1323529411764706,0.16981132075471697,0.1487603305785124,50.0,52.22222222222222
50,0.22,300.0,200,53,68,21,0.3088235294117647,0.39622641509433965,0.34710743801652894,119.0,114.76190476190476
50,0.22,300.0,300,53,68,27,0.39705882352941174,0.5094339622641509,0.44628099173553715,151.0,143.7037037037037
50,0.22,400.0,100,49,68,8,0.11764705882352941,0.16326530612244897,0.13675213675213674,46.0,52.5
50,0.22,400.0,200,49,68,18,0.2647058823529412,0.3673469387755102,0.3076923076923077,124.0,114.5
50,0.22,400.0,300,49,68,24,0.35294117647058826,0.4897959183673469,0.4102564102564103,155.5,147.125
50,0.22,500.0,100,41,68,7,0.10294117647058823,0.17073170731707318,0.12844036697247704,41.0,55.57142857142857
50,0.22,500.0,200,41,68,14,0.20588235294117646,0.34146341463414637,0.2568807339449541,103.0,110.0
50,0.22,500.0,300,41,68,20,0.29411764705882354,0.4878048780487805,0.36697247706422015,160.5,150.5
50,0.23,0.0,100,79,68,15,0.22058823529411764,0.189873417721519,0.20408163265306123,40.0,45.266666666666666
50,0.23,0.0,200,79,68,32,0.47058823529411764,0.4050632911392405,0.43537414965986393,109.5,106.53125
50,0.23,0.0,300,79,68,39,0.5735294117647058,0.4936708860759494,0.5306122448979592,139.0,135.33333333333334
50,0.23,80.0,100,77,68,15,0.22058823529411764,0.19480519480519481,0.20689655172413793,40.0,45.266666666666666
50,0.23,80.0,200,77,68,32,0.47058823529411764,0.4155844155844156,0.4413793103448276,109.5,106.53125
50,0.23,80.0,300,77,68,39,0.5735294117647058,0.5064935064935064,0.5379310344827586,139.0,135.33333333333334
50,0.23,90.0,100,77,68,15,0.22058823529411764,0.19480519480519481,0.20689655172413793,40.0,45.266666666666666
50,0.23,90.0,200,77,68,32,0.47058823529411764,0.4155844155844156,0.4413793103448276,109.5,106.53125
50,0.23,90.0,300,77,68,39,0.5735294117647058,0.5064935064935064,0.5379310344827586,139.0,135.33333333333334
50,0.23,100.0,100,77,68,15,0.22058823529411764,0.19480519480519481,0.20689655172413793,40.0,45.266666666666666
50,0.23,100.0,200,77,68,32,0.47058823529411764,0.4155844155844156,0.4413793103448276,109.5,106.53125
50,0.23,100.0,300,77,68,39,0.5735294117647058,0.5064935064935064,0.5379310344827586,139.0,135.33333333333334
50,0.23,110.0,100,67,68,13,0.19117647058823528,0.19402985074626866,0.1925925925925926,40.0,45.30769230769231
50,0.23,110.0,200,67,68,27,0.39705882352941174,0.40298507462686567,0.4,109.0,104.03703703703704
50,0.23,110.0,300,67,68,35,0.5147058823529411,0.5223880597014925,0.5185185185185184,150.0,141.65714285714284
50,0.23,120.0,100,67,68,13,0.19117647058823528,0.19402985074626866,0.1925925925925926,40.0,45.30769230769231
50,0.23,120.0,200,67,68,27,0.39705882352941174,0.40298507462686567,0.4,109.0,104.03703703703704
50,0.23,120.0,300,67,68,35,0.5147058823529411,0.5223880597014925,0.5185185185185184,150.0,141.65714285714284
50,0.23,130.0,100,67,68,13,0.19117647058823528,0.19402985074626866,0.1925925925925926,40.0,45.30769230769231
50,0.23,130.0,200,67,68,27,0.39705882352941174,0.40298507462686567,0.4,109.0,104.03703703703704
50,0.23,130.0,300,67,68,35,0.5147058823529411,0.5223880597014925,0.5185185185185184,150.0,141.65714285714284
50,0.23,140.0,100,67,68,13,0.19117647058823528,0.19402985074626866,0.1925925925925926,40.0,45.30769230769231
50,0.23,140.0,200,67,68,27,0.39705882352941174,0.40298507462686567,0.4,109.0,104.03703703703704
50,0.23,140.0,300,67,68,35,0.5147058823529411,0.5223880597014925,0.5185185185185184,150.0,141.65714285714284
50,0.23,150.0,100,67,68,13,0.19117647058823528,0.19402985074626866,0.1925925925925926,40.0,45.30769230769231
50,0.23,150.0,200,67,68,27,0.39705882352941174,0.40298507462686567,0.4,109.0,104.03703703703704
50,0.23,150.0,300,67,68,35,0.5147058823529411,0.5223880597014925,0.5185185185185184,150.0,141.65714285714284
50,0.23,200.0,100,59,68,11,0.16176470588235295,0.1864406779661017,0.1732283464566929,40.0,46.27272727272727
50,0.23,200.0,200,59,68,23,0.3382352941176471,0.3898305084745763,0.36220472440944884,109.0,106.47826086956522
50,0.23,200.0,300,59,68,30,0.4411764705882353,0.5084745762711864,0.47244094488188976,150.5,138.3
50,0.23,300.0,100,53,68,9,0.1323529411764706,0.16981132075471697,0.1487603305785124,50.0,52.22222222222222
50,0.23,300.0,200,53,68,21,0.3088235294117647,0.39622641509433965,0.34710743801652894,119.0,114.76190476190476
50,0.23,300.0,300,53,68,27,0.39705882352941174,0.5094339622641509,0.44628099173553715,151.0,143.7037037037037
50,0.23,400.0,100,49,68,8,0.11764705882352941,0.16326530612244897,0.13675213675213674,46.0,52.5
50,0.23,400.0,200,49,68,18,0.2647058823529412,0.3673469387755102,0.3076923076923077,124.0,114.5
50,0.23,400.0,300,49,68,24,0.35294117647058826,0.4897959183673469,0.4102564102564103,155.5,147.125
50,0.23,500.0,100,41,68,7,0.10294117647058823,0.17073170731707318,0.12844036697247704,41.0,55.57142857142857
50,0.23,500.0,200,41,68,14,0.20588235294117646,0.34146341463414637,0.2568807339449541,103.0,110.0
50,0.23,500.0,300,41,68,20,0.29411764705882354,0.4878048780487805,0.36697247706422015,160.5,150.5
50,0.24,0.0,100,73,68,16,0.23529411764705882,0.2191780821917808,0.22695035460992907,40.0,45.0
50,0.24,0.0,200,73,68,33,0.4852941176470588,0.4520547945205479,0.46808510638297873,109.0,104.54545454545455
50,0.24,0.0,300,73,68,40,0.5882352941176471,0.547945205479452,0.5673758865248226,129.5,132.975
50,0.24,80.0,100,71,68,16,0.23529411764705882,0.22535211267605634,0.2302158273381295,40.0,45.0
50,0.24,80.0,200,71,68,33,0.4852941176470588,0.4647887323943662,0.4748201438848921,109.0,104.54545454545455
50,0.24,80.0,300,71,68,40,0.5882352941176471,0.5633802816901409,0.5755395683453237,129.5,132.975
50,0.24,90.0,100,71,68,16,0.23529411764705882,0.22535211267605634,0.2302158273381295,40.0,45.0
50,0.24,90.0,200,71,68,33,0.4852941176470588,0.4647887323943662,0.4748201438848921,109.0,104.54545454545455
50,0.24,90.0,300,71,68,40,0.5882352941176471,0.5633802816901409,0.5755395683453237,129.5,132.975
50,0.24,100.0,100,71,68,16,0.23529411764705882,0.22535211267605634,0.2302158273381295,40.0,45.0
50,0.24,100.0,200,71,68,33,0.4852941176470588,0.4647887323943662,0.4748201438848921,109.0,104.54545454545455
50,0.24,100.0,300,71,68,40,0.5882352941176471,0.5633802816901409,0.5755395683453237,129.5,132.975
50,0.24,110.0,100,61,68,14,0.20588235294117646,0.22950819672131148,0.2170542635658915,40.0,45.0
50,0.24,110.0,200,61,68,28,0.4117647058823529,0.45901639344262296,0.434108527131783,104.0,101.78571428571429
50,0.24,110.0,300,61,68,36,0.5294117647058824,0.5901639344262295,0.5581395348837209,144.5,138.86111111111111
50,0.24,120.0,100,61,68,14,0.20588235294117646,0.22950819672131148,0.2170542635658915,40.0,45.0
50,0.24,120.0,200,61,68,28,0.4117647058823529,0.45901639344262296,0.434108527131783,104.0,101.78571428571429
50,0.24,120.0,300,61,68,36,0.5294117647058824,0.5901639344262295,0.5581395348837209,144.5,138.86111111111111
50,0.24,130.0,100,61,68,14,0.20588235294117646,0.22950819672131148,0.2170542635658915,40.0,45.0
50,0.24,130.0,200,61,68,28,0.4117647058823529,0.45901639344262296,0.434108527131783,104.0,101.78571428571429
50,0.24,130.0,300,61,68,36,0.5294117647058824,0.5901639344262295,0.5581395348837209,144.5,138.86111111111111
50,0.24,140.0,100,61,68,14,0.20588235294117646,0.22950819672131148,0.2170542635658915,40.0,45.0
50,0.24,140.0,200,61,68,28,0.4117647058823529,0.45901639344262296,0.434108527131783,104.0,101.78571428571429
50,0.24,140.0,300,61,68,36,0.5294117647058824,0.5901639344262295,0.5581395348837209,144.5,138.86111111111111
50,0.24,150.0,100,61,68,14,0.20588235294117646,0.22950819672131148,0.2170542635658915,40.0,45.0
50,0.24,150.0,200,61,68,28,0.4117647058823529,0.45901639344262296,0.434108527131783,104.0,101.78571428571429
50,0.24,150.0,300,61,68,36,0.5294117647058824,0.5901639344262295,0.5581395348837209,144.5,138.86111111111111
50,0.24,200.0,100,53,68,12,0.17647058823529413,0.22641509433962265,0.19834710743801656,40.5,45.833333333333336
50,0.24,200.0,200,53,68,24,0.35294117647058826,0.4528301886792453,0.3966942148760331,103.0,103.75
50,0.24,200.0,300,53,68,31,0.45588235294117646,0.5849056603773585,0.512396694214876,150.0,135.16129032258064
50,0.24,300.0,100,47,68,9,0.1323529411764706,0.19148936170212766,0.15652173913043477,50.0,52.22222222222222
50,0.24,300.0,200,47,68,21,0.3088235294117647,0.44680851063829785,0.3652173913043478,119.0,114.76190476190476
50,0.24,300.0,300,47,68,27,0.39705882352941174,0.574468085106383,0.46956521739130436,151.0,143.7037037037037
50,0.24,400.0,100,43,68,8,0.11764705882352941,0.18604651162790697,0.14414414414414414,46.0,52.5
50,0.24,400.0,200,43,68,18,0.2647058823529412,0.4186046511627907,0.32432432432432434,124.0,114.5
50,0.24,400.0,300,43,68,24,0.35294117647058826,0.5581395348837209,0.43243243243243246,155.5,147.125
50,0.24,500.0,100,37,68,7,0.10294117647058823,0.1891891891891892,0.1333333333333333,41.0,55.57142857142857
50,0.24,500.0,200,37,68,14,0.20588235294117646,0.3783783783783784,0.2666666666666666,103.0,110.0
50,0.24,500.0,300,37,68,20,0.29411764705882354,0.5405405405405406,0.38095238095238093,160.5,150.5
50,0.25,0.0,100,73,68,16,0.23529411764705882,0.2191780821917808,0.22695035460992907,40.0,45.0
50,0.25,0.0,200,73,68,33,0.4852941176470588,0.4520547945205479,0.46808510638297873,109.0,104.54545454545455
50,0.25,0.0,300,73,68,40,0.5882352941176471,0.547945205479452,0.5673758865248226,129.5,132.975
50,0.25,80.0,100,71,68,16,0.23529411764705882,0.22535211267605634,0.2302158273381295,40.0,45.0
50,0.25,80.0,200,71,68,33,0.4852941176470588,0.4647887323943662,0.4748201438848921,109.0,104.54545454545455
50,0.25,80.0,300,71,68,40,0.5882352941176471,0.5633802816901409,0.5755395683453237,129.5,132.975
50,0.25,90.0,100,71,68,16,0.23529411764705882,0.22535211267605634,0.2302158273381295,40.0,45.0
50,0.25,90.0,200,71,68,33,0.4852941176470588,0.4647887323943662,0.4748201438848921,109.0,104.54545454545455
50,0.25,90.0,300,71,68,40,0.5882352941176471,0.5633802816901409,0.5755395683453237,129.5,132.975
50,0.25,100.0,100,71,68,16,0.23529411764705882,0.22535211267605634,0.2302158273381295,40.0,45.0
50,0.25,100.0,200,71,68,33,0.4852941176470588,0.4647887323943662,0.4748201438848921,109.0,104.54545454545455
50,0.25,100.0,300,71,68,40,0.5882352941176471,0.5633802816901409,0.5755395683453237,129.5,132.975
50,0.25,110.0,100,61,68,14,0.20588235294117646,0.22950819672131148,0.2170542635658915,40.0,45.0
50,0.25,110.0,200,61,68,28,0.4117647058823529,0.45901639344262296,0.434108527131783,104.0,101.78571428571429
50,0.25,110.0,300,61,68,36,0.5294117647058824,0.5901639344262295,0.5581395348837209,144.5,138.86111111111111
50,0.25,120.0,100,61,68,14,0.20588235294117646,0.22950819672131148,0.2170542635658915,40.0,45.0
50,0.25,120.0,200,61,68,28,0.4117647058823529,0.45901639344262296,0.434108527131783,104.0,101.78571428571429
50,0.25,120.0,300,61,68,36,0.5294117647058824,0.5901639344262295,0.5581395348837209,144.5,138.86111111111111
50,0.25,130.0,100,61,68,14,0.20588235294117646,0.22950819672131148,0.2170542635658915,40.0,45.0
50,0.25,130.0,200,61,68,28,0.4117647058823529,0.45901639344262296,0.434108527131783,104.0,101.78571428571429
50,0.25,130.0,300,61,68,36,0.5294117647058824,0.5901639344262295,0.5581395348837209,144.5,138.86111111111111
50,0.25,140.0,100,61,68,14,0.20588235294117646,0.22950819672131148,0.2170542635658915,40.0,45.0
50,0.25,140.0,200,61,68,28,0.4117647058823529,0.45901639344262296,0.434108527131783,104.0,101.78571428571429
50,0.25,140.0,300,61,68,36,0.5294117647058824,0.5901639344262295,0.5581395348837209,144.5,138.86111111111111
50,0.25,150.0,100,61,68,14,0.20588235294117646,0.22950819672131148,0.2170542635658915,40.0,45.0
50,0.25,150.0,200,61,68,28,0.4117647058823529,0.45901639344262296,0.434108527131783,104.0,101.78571428571429
50,0.25,150.0,300,61,68,36,0.5294117647058824,0.5901639344262295,0.5581395348837209,144.5,138.86111111111111
50,0.25,200.0,100,53,68,12,0.17647058823529413,0.22641509433962265,0.19834710743801656,40.5,45.833333333333336
50,0.25,200.0,200,53,68,24,0.35294117647058826,0.4528301886792453,0.3966942148760331,103.0,103.75
50,0.25,200.0,300,53,68,31,0.45588235294117646,0.5849056603773585,0.512396694214876,150.0,135.16129032258064
50,0.25,300.0,100,47,68,9,0.1323529411764706,0.19148936170212766,0.15652173913043477,50.0,52.22222222222222
50,0.25,300.0,200,47,68,21,0.3088235294117647,0.44680851063829785,0.3652173913043478,119.0,114.76190476190476
50,0.25,300.0,300,47,68,27,0.39705882352941174,0.574468085106383,0.46956521739130436,151.0,143.7037037037037
50,0.25,400.0,100,43,68,8,0.11764705882352941,0.18604651162790697,0.14414414414414414,46.0,52.5
50,0.25,400.0,200,43,68,18,0.2647058823529412,0.4186046511627907,0.32432432432432434,124.0,114.5
50,0.25,400.0,300,43,68,24,0.35294117647058826,0.5581395348837209,0.43243243243243246,155.5,147.125
50,0.25,500.0,100,37,68,7,0.10294117647058823,0.1891891891891892,0.1333333333333333,41.0,55.57142857142857
50,0.25,500.0,200,37,68,14,0.20588235294117646,0.3783783783783784,0.2666666666666666,103.0,110.0
50,0.25,500.0,300,37,68,20,0.29411764705882354,0.5405405405405406,0.38095238095238093,160.5,150.5
50,0.26,0.0,100,73,68,16,0.23529411764705882,0.2191780821917808,0.22695035460992907,40.0,45.0
50,0.26,0.0,200,73,68,33,0.4852941176470588,0.4520547945205479,0.46808510638297873,109.0,104.54545454545455
50,0.26,0.0,300,73,68,40,0.5882352941176471,0.547945205479452,0.5673758865248226,129.5,132.975
50,0.26,80.0,100,71,68,16,0.23529411764705882,0.22535211267605634,0.2302158273381295,40.0,45.0
50,0.26,80.0,200,71,68,33,0.4852941176470588,0.4647887323943662,0.4748201438848921,109.0,104.54545454545455
50,0.26,80.0,300,71,68,40,0.5882352941176471,0.5633802816901409,0.5755395683453237,129.5,132.975
50,0.26,90.0,100,71,68,16,0.23529411764705882,0.22535211267605634,0.2302158273381295,40.0,45.0
50,0.26,90.0,200,71,68,33,0.4852941176470588,0.4647887323943662,0.4748201438848921,109.0,104.54545454545455
50,0.26,90.0,300,71,68,40,0.5882352941176471,0.5633802816901409,0.5755395683453237,129.5,132.975
50,0.26,100.0,100,71,68,16,0.23529411764705882,0.22535211267605634,0.2302158273381295,40.0,45.0
50,0.26,100.0,200,71,68,33,0.4852941176470588,0.4647887323943662,0.4748201438848921,109.0,104.54545454545455
50,0.26,100.0,300,71,68,40,0.5882352941176471,0.5633802816901409,0.5755395683453237,129.5,132.975
50,0.26,110.0,100,61,68,14,0.20588235294117646,0.22950819672131148,0.2170542635658915,40.0,45.0
50,0.26,110.0,200,61,68,28,0.4117647058823529,0.45901639344262296,0.434108527131783,104.0,101.78571428571429
50,0.26,110.0,300,61,68,36,0.5294117647058824,0.5901639344262295,0.5581395348837209,144.5,138.86111111111111
50,0.26,120.0,100,61,68,14,0.20588235294117646,0.22950819672131148,0.2170542635658915,40.0,45.0
50,0.26,120.0,200,61,68,28,0.4117647058823529,0.45901639344262296,0.434108527131783,104.0,101.78571428571429
50,0.26,120.0,300,61,68,36,0.5294117647058824,0.5901639344262295,0.5581395348837209,144.5,138.86111111111111
50,0.26,130.0,100,61,68,14,0.20588235294117646,0.22950819672131148,0.2170542635658915,40.0,45.0
50,0.26,130.0,200,61,68,28,0.4117647058823529,0.45901639344262296,0.434108527131783,104.0,101.78571428571429
50,0.26,130.0,300,61,68,36,0.5294117647058824,0.5901639344262295,0.5581395348837209,144.5,138.86111111111111
50,0.26,140.0,100,61,68,14,0.20588235294117646,0.22950819672131148,0.2170542635658915,40.0,45.0
50,0.26,140.0,200,61,68,28,0.4117647058823529,0.45901639344262296,0.434108527131783,104.0,101.78571428571429
50,0.26,140.0,300,61,68,36,0.5294117647058824,0.5901639344262295,0.5581395348837209,144.5,138.86111111111111
50,0.26,150.0,100,61,68,14,0.20588235294117646,0.22950819672131148,0.2170542635658915,40.0,45.0
50,0.26,150.0,200,61,68,28,0.4117647058823529,0.45901639344262296,0.434108527131783,104.0,101.78571428571429
50,0.26,150.0,300,61,68,36,0.5294117647058824,0.5901639344262295,0.5581395348837209,144.5,138.86111111111111
50,0.26,200.0,100,53,68,12,0.17647058823529413,0.22641509433962265,0.19834710743801656,40.5,45.833333333333336
50,0.26,200.0,200,53,68,24,0.35294117647058826,0.4528301886792453,0.3966942148760331,103.0,103.75
50,0.26,200.0,300,53,68,31,0.45588235294117646,0.5849056603773585,0.512396694214876,150.0,135.16129032258064
50,0.26,300.0,100,47,68,9,0.1323529411764706,0.19148936170212766,0.15652173913043477,50.0,52.22222222222222
50,0.26,300.0,200,47,68,21,0.3088235294117647,0.44680851063829785,0.3652173913043478,119.0,114.76190476190476
50,0.26,300.0,300,47,68,27,0.39705882352941174,0.574468085106383,0.46956521739130436,151.0,143.7037037037037
50,0.26,400.0,100,43,68,8,0.11764705882352941,0.18604651162790697,0.14414414414414414,46.0,52.5
50,0.26,400.0,200,43,68,18,0.2647058823529412,0.4186046511627907,0.32432432432432434,124.0,114.5
50,0.26,400.0,300,43,68,24,0.35294117647058826,0.5581395348837209,0.43243243243243246,155.5,147.125
50,0.26,500.0,100,37,68,7,0.10294117647058823,0.1891891891891892,0.1333333333333333,41.0,55.57142857142857
50,0.26,500.0,200,37,68,14,0.20588235294117646,0.3783783783783784,0.2666666666666666,103.0,110.0
50,0.26,500.0,300,37,68,20,0.29411764705882354,0.5405405405405406,0.38095238095238093,160.5,150.5
50,0.27,0.0,100,71,68,15,0.22058823529411764,0.2112676056338028,0.21582733812949642,40.0,45.333333333333336
50,0.27,0.0,200,71,68,31,0.45588235294117646,0.43661971830985913,0.44604316546762585,109.0,104.54838709677419
50,0.27,0.0,300,71,68,38,0.5588235294117647,0.5352112676056338,0.5467625899280575,144.5,134.47368421052633
50,0.27,80.0,100,69,68,15,0.22058823529411764,0.21739130434782608,0.21897810218978103,40.0,45.333333333333336
50,0.27,80.0,200,69,68,31,0.45588235294117646,0.4492753623188406,0.45255474452554745,109.0,104.54838709677419
50,0.27,80.0,300,69,68,38,0.5588235294117647,0.5507246376811594,0.5547445255474452,144.5,134.47368421052633
50,0.27,90.0,100,69,68,15,0.22058823529411764,0.21739130434782608,0.21897810218978103,40.0,45.333333333333336
50,0.27,90.0,200,69,68,31,0.45588235294117646,0.4492753623188406,0.45255474452554745,109.0,104.54838709677419
50,0.27,90.0,300,69,68,38,0.5588235294117647,0.5507246376811594,0.5547445255474452,144.5,134.47368421052633
50,0.27,100.0,100,69,68,15,0.22058823529411764,0.21739130434782608,0.21897810218978103,40.0,45.333333333333336
50,0.27,100.0,200,69,68,31,0.45588235294117646,0.4492753623188406,0.45255474452554745,109.0,104.54838709677419
50,0.27,100.0,300,69,68,38,0.5588235294117647,0.5507246376811594,0.5547445255474452,144.5,134.47368421052633
50,0.27,110.0,100,59,68,13,0.19117647058823528,0.22033898305084745,0.2047244094488189,40.0,45.38461538461539
50,0.27,110.0,200,59,68,26,0.38235294117647056,0.4406779661016949,0.4094488188976378,103.0,101.57692307692308
50,0.27,110.0,300,59,68,34,0.5,0.576271186440678,0.5354330708661418,150.5,140.88235294117646
50,0.27,120.0,100,59,68,13,0.19117647058823528,0.22033898305084745,0.2047244094488189,40.0,45.38461538461539
50,0.27,120.0,200,59,68,26,0.38235294117647056,0.4406779661016949,0.4094488188976378,103.0,101.57692307692308
50,0.27,120.0,300,59,68,34,0.5,0.576271186440678,0.5354330708661418,150.5,140.88235294117646
50,0.27,130.0,100,59,68,13,0.19117647058823528,0.22033898305084745,0.2047244094488189,40.0,45.38461538461539
50,0.27,130.0,200,59,68,26,0.38235294117647056,0.4406779661016949,0.4094488188976378,103.0,101.57692307692308
50,0.27,130.0,300,59,68,34,0.5,0.576271186440678,0.5354330708661418,150.5,140.88235294117646
50,0.27,140.0,100,59,68,13,0.19117647058823528,0.22033898305084745,0.2047244094488189,40.0,45.38461538461539
50,0.27,140.0,200,59,68,26,0.38235294117647056,0.4406779661016949,0.4094488188976378,103.0,101.57692307692308
50,0.27,140.0,300,59,68,34,0.5,0.576271186440678,0.5354330708661418,150.5,140.88235294117646
50,0.27,150.0,100,59,68,13,0.19117647058823528,0.22033898305084745,0.2047244094488189,40.0,45.38461538461539
50,0.27,150.0,200,59,68,26,0.38235294117647056,0.4406779661016949,0.4094488188976378,103.0,101.57692307692308
50,0.27,150.0,300,59,68,34,0.5,0.576271186440678,0.5354330708661418,150.5,140.88235294117646
50,0.27,200.0,100,53,68,12,0.17647058823529413,0.22641509433962265,0.19834710743801656,40.5,45.833333333333336
50,0.27,200.0,200,53,68,24,0.35294117647058826,0.4528301886792453,0.3966942148760331,103.0,103.75
50,0.27,200.0,300,53,68,31,0.45588235294117646,0.5849056603773585,0.512396694214876,150.0,135.16129032258064
50,0.27,300.0,100,47,68,9,0.1323529411764706,0.19148936170212766,0.15652173913043477,50.0,52.22222222222222
50,0.27,300.0,200,47,68,21,0.3088235294117647,0.44680851063829785,0.3652173913043478,119.0,114.76190476190476
50,0.27,300.0,300,47,68,27,0.39705882352941174,0.574468085106383,0.46956521739130436,151.0,143.7037037037037
50,0.27,400.0,100,43,68,8,0.11764705882352941,0.18604651162790697,0.14414414414414414,46.0,52.5
50,0.27,400.0,200,43,68,18,0.2647058823529412,0.4186046511627907,0.32432432432432434,124.0,114.5
50,0.27,400.0,300,43,68,24,0.35294117647058826,0.5581395348837209,0.43243243243243246,155.5,147.125
50,0.27,500.0,100,37,68,7,0.10294117647058823,0.1891891891891892,0.1333333333333333,41.0,55.57142857142857
50,0.27,500.0,200,37,68,14,0.20588235294117646,0.3783783783783784,0.2666666666666666,103.0,110.0
50,0.27,500.0,300,37,68,20,0.29411764705882354,0.5405405405405406,0.38095238095238093,160.5,150.5
50,0.28,0.0,100,71,68,15,0.22058823529411764,0.2112676056338028,0.21582733812949642,40.0,45.333333333333336
50,0.28,0.0,200,71,68,31,0.45588235294117646,0.43661971830985913,0.44604316546762585,109.0,104.54838709677419
50,0.28,0.0,300,71,68,38,0.5588235294117647,0.5352112676056338,0.5467625899280575,144.5,134.47368421052633
50,0.28,80.0,100,69,68,15,0.22058823529411764,0.21739130434782608,0.21897810218978103,40.0,45.333333333333336
50,0.28,80.0,200,69,68,31,0.45588235294117646,0.4492753623188406,0.45255474452554745,109.0,104.54838709677419
50,0.28,80.0,300,69,68,38,0.5588235294117647,0.5507246376811594,0.5547445255474452,144.5,134.47368421052633
50,0.28,90.0,100,69,68,15,0.22058823529411764,0.21739130434782608,0.21897810218978103,40.0,45.333333333333336
50,0.28,90.0,200,69,68,31,0.45588235294117646,0.4492753623188406,0.45255474452554745,109.0,104.54838709677419
50,0.28,90.0,300,69,68,38,0.5588235294117647,0.5507246376811594,0.5547445255474452,144.5,134.47368421052633
50,0.28,100.0,100,69,68,15,0.22058823529411764,0.21739130434782608,0.21897810218978103,40.0,45.333333333333336
50,0.28,100.0,200,69,68,31,0.45588235294117646,0.4492753623188406,0.45255474452554745,109.0,104.54838709677419
50,0.28,100.0,300,69,68,38,0.5588235294117647,0.5507246376811594,0.5547445255474452,144.5,134.47368421052633
50,0.28,110.0,100,59,68,13,0.19117647058823528,0.22033898305084745,0.2047244094488189,40.0,45.38461538461539
50,0.28,110.0,200,59,68,26,0.38235294117647056,0.4406779661016949,0.4094488188976378,103.0,101.57692307692308
50,0.28,110.0,300,59,68,34,0.5,0.576271186440678,0.5354330708661418,150.5,140.88235294117646
50,0.28,120.0,100,59,68,13,0.19117647058823528,0.22033898305084745,0.2047244094488189,40.0,45.38461538461539
50,0.28,120.0,200,59,68,26,0.38235294117647056,0.4406779661016949,0.4094488188976378,103.0,101.57692307692308
50,0.28,120.0,300,59,68,34,0.5,0.576271186440678,0.5354330708661418,150.5,140.88235294117646
50,0.28,130.0,100,59,68,13,0.19117647058823528,0.22033898305084745,0.2047244094488189,40.0,45.38461538461539
50,0.28,130.0,200,59,68,26,0.38235294117647056,0.4406779661016949,0.4094488188976378,103.0,101.57692307692308
50,0.28,130.0,300,59,68,34,0.5,0.576271186440678,0.5354330708661418,150.5,140.88235294117646
50,0.28,140.0,100,59,68,13,0.19117647058823528,0.22033898305084745,0.2047244094488189,40.0,45.38461538461539
50,0.28,140.0,200,59,68,26,0.38235294117647056,0.4406779661016949,0.4094488188976378,103.0,101.57692307692308
50,0.28,140.0,300,59,68,34,0.5,0.576271186440678,0.5354330708661418,150.5,140.88235294117646
50,0.28,150.0,100,59,68,13,0.19117647058823528,0.22033898305084745,0.2047244094488189,40.0,45.38461538461539
50,0.28,150.0,200,59,68,26,0.38235294117647056,0.4406779661016949,0.4094488188976378,103.0,101.57692307692308
50,0.28,150.0,300,59,68,34,0.5,0.576271186440678,0.5354330708661418,150.5,140.88235294117646
50,0.28,200.0,100,53,68,12,0.17647058823529413,0.22641509433962265,0.19834710743801656,40.5,45.833333333333336
50,0.28,200.0,200,53,68,24,0.35294117647058826,0.4528301886792453,0.3966942148760331,103.0,103.75
50,0.28,200.0,300,53,68,31,0.45588235294117646,0.5849056603773585,0.512396694214876,150.0,135.16129032258064
50,0.28,300.0,100,47,68,9,0.1323529411764706,0.19148936170212766,0.15652173913043477,50.0,52.22222222222222
50,0.28,300.0,200,47,68,21,0.3088235294117647,0.44680851063829785,0.3652173913043478,119.0,114.76190476190476
50,0.28,300.0,300,47,68,27,0.39705882352941174,0.574468085106383,0.46956521739130436,151.0,143.7037037037037
50,0.28,400.0,100,43,68,9,0.1323529411764706,0.20930232558139536,0.16216216216216217,41.0,51.111111111111114
50,0.28,400.0,200,43,68,19,0.27941176470588236,0.4418604651162791,0.34234234234234234,109.0,110.57894736842105
50,0.28,400.0,300,43,68,25,0.36764705882352944,0.5813953488372093,0.4504504504504505,151.0,142.84
50,0.28,500.0,100,37,68,7,0.10294117647058823,0.1891891891891892,0.1333333333333333,41.0,55.57142857142857
50,0.28,500.0,200,37,68,14,0.20588235294117646,0.3783783783783784,0.2666666666666666,103.0,110.0
50,0.28,500.0,300,37,68,20,0.29411764705882354,0.5405405405405406,0.38095238095238093,160.5,150.5
50,0.29,0.0,100,69,68,15,0.22058823529411764,0.21739130434782608,0.21897810218978103,40.0,45.333333333333336
50,0.29,0.0,200,69,68,31,0.45588235294117646,0.4492753623188406,0.45255474452554745,109.0,104.54838709677419
50,0.29,0.0,300,69,68,38,0.5588235294117647,0.5507246376811594,0.5547445255474452,144.5,134.47368421052633
50,0.29,80.0,100,67,68,15,0.22058823529411764,0.22388059701492538,0.22222222222222224,40.0,45.333333333333336
50,0.29,80.0,200,67,68,31,0.45588235294117646,0.4626865671641791,0.45925925925925926,109.0,104.54838709677419
50,0.29,80.0,300,67,68,38,0.5588235294117647,0.5671641791044776,0.5629629629629629,144.5,134.47368421052633
50,0.29,90.0,100,67,68,15,0.22058823529411764,0.22388059701492538,0.22222222222222224,40.0,45.333333333333336
50,0.29,90.0,200,67,68,31,0.45588235294117646,0.4626865671641791,0.45925925925925926,109.0,104.54838709677419
50,0.29,90.0,300,67,68,38,0.5588235294117647,0.5671641791044776,0.5629629629629629,144.5,134.47368421052633
50,0.29,100.0,100,67,68,15,0.22058823529411764,0.22388059701492538,0.22222222222222224,40.0,45.333333333333336
50,0.29,100.0,200,67,68,31,0.45588235294117646,0.4626865671641791,0.45925925925925926,109.0,104.54838709677419
50,0.29,100.0,300,67,68,38,0.5588235294117647,0.5671641791044776,0.5629629629629629,144.5,134.47368421052633
50,0.29,110.0,100,59,68,13,0.19117647058823528,0.22033898305084745,0.2047244094488189,40.0,45.38461538461539
50,0.29,110.0,200,59,68,26,0.38235294117647056,0.4406779661016949,0.4094488188976378,103.0,101.57692307692308
50,0.29,110.0,300,59,68,34,0.5,0.576271186440678,0.5354330708661418,150.5,140.88235294117646
50,0.29,120.0,100,59,68,13,0.19117647058823528,0.22033898305084745,0.2047244094488189,40.0,45.38461538461539
50,0.29,120.0,200,59,68,26,0.38235294117647056,0.4406779661016949,0.4094488188976378,103.0,101.57692307692308
50,0.29,120.0,300,59,68,34,0.5,0.576271186440678,0.5354330708661418,150.5,140.88235294117646
50,0.29,130.0,100,59,68,13,0.19117647058823528,0.22033898305084745,0.2047244094488189,40.0,45.38461538461539
50,0.29,130.0,200,59,68,26,0.38235294117647056,0.4406779661016949,0.4094488188976378,103.0,101.57692307692308
50,0.29,130.0,300,59,68,34,0.5,0.576271186440678,0.5354330708661418,150.5,140.88235294117646
50,0.29,140.0,100,59,68,13,0.19117647058823528,0.22033898305084745,0.2047244094488189,40.0,45.38461538461539
50,0.29,140.0,200,59,68,26,0.38235294117647056,0.4406779661016949,0.4094488188976378,103.0,101.57692307692308
50,0.29,140.0,300,59,68,34,0.5,0.576271186440678,0.5354330708661418,150.5,140.88235294117646
50,0.29,150.0,100,59,68,13,0.19117647058823528,0.22033898305084745,0.2047244094488189,40.0,45.38461538461539
50,0.29,150.0,200,59,68,26,0.38235294117647056,0.4406779661016949,0.4094488188976378,103.0,101.57692307692308
50,0.29,150.0,300,59,68,34,0.5,0.576271186440678,0.5354330708661418,150.5,140.88235294117646
50,0.29,200.0,100,53,68,12,0.17647058823529413,0.22641509433962265,0.19834710743801656,40.5,45.833333333333336
50,0.29,200.0,200,53,68,24,0.35294117647058826,0.4528301886792453,0.3966942148760331,103.0,103.75
50,0.29,200.0,300,53,68,31,0.45588235294117646,0.5849056603773585,0.512396694214876,150.0,135.16129032258064
50,0.29,300.0,100,47,68,9,0.1323529411764706,0.19148936170212766,0.15652173913043477,50.0,52.22222222222222
50,0.29,300.0,200,47,68,21,0.3088235294117647,0.44680851063829785,0.3652173913043478,119.0,114.76190476190476
50,0.29,300.0,300,47,68,27,0.39705882352941174,0.574468085106383,0.46956521739130436,151.0,143.7037037037037
50,0.29,400.0,100,43,68,9,0.1323529411764706,0.20930232558139536,0.16216216216216217,41.0,51.111111111111114
50,0.29,400.0,200,43,68,19,0.27941176470588236,0.4418604651162791,0.34234234234234234,109.0,110.57894736842105
50,0.29,400.0,300,43,68,25,0.36764705882352944,0.5813953488372093,0.4504504504504505,151.0,142.84
50,0.29,500.0,100,37,68,7,0.10294117647058823,0.1891891891891892,0.1333333333333333,41.0,55.57142857142857
50,0.29,500.0,200,37,68,14,0.20588235294117646,0.3783783783783784,0.2666666666666666,103.0,110.0
50,0.29,500.0,300,37,68,20,0.29411764705882354,0.5405405405405406,0.38095238095238093,160.5,150.5
50,0.3,0.0,100,67,68,15,0.22058823529411764,0.22388059701492538,0.22222222222222224,40.0,45.333333333333336
50,0.3,0.0,200,67,68,30,0.4411764705882353,0.44776119402985076,0.4444444444444445,105.0,104.06666666666666
50,0.3,0.0,300,67,68,37,0.5441176470588235,0.5522388059701493,0.5481481481481482,150.0,134.8918918918919
50,0.3,80.0,100,65,68,15,0.22058823529411764,0.23076923076923078,0.22556390977443608,40.0,45.333333333333336
50,0.3,80.0,200,65,68,30,0.4411764705882353,0.46153846153846156,0.45112781954887216,105.0,104.06666666666666
50,0.3,80.0,300,65,68,37,0.5441176470588235,0.5692307692307692,0.5563909774436089,150.0,134.8918918918919
50,0.3,90.0,100,65,68,15,0.22058823529411764,0.23076923076923078,0.22556390977443608,40.0,45.333333333333336
50,0.3,90.0,200,65,68,30,0.4411764705882353,0.46153846153846156,0.45112781954887216,105.0,104.06666666666666
50,0.3,90.0,300,65,68,37,0.5441176470588235,0.5692307692307692,0.5563909774436089,150.0,134.8918918918919
50,0.3,100.0,100,65,68,15,0.22058823529411764,0.23076923076923078,0.22556390977443608,40.0,45.333333333333336
50,0.3,100.0,200,65,68,30,0.4411764705882353,0.46153846153846156,0.45112781954887216,105.0,104.06666666666666
50,0.3,100.0,300,65,68,37,0.5441176470588235,0.5692307692307692,0.5563909774436089,150.0,134.8918918918919
50,0.3,110.0,100,57,68,13,0.19117647058823528,0.22807017543859648,0.20799999999999996,40.0,45.38461538461539
50,0.3,110.0,200,57,68,25,0.36764705882352944,0.43859649122807015,0.4,97.0,100.88
50,0.3,110.0,300,57,68,33,0.4852941176470588,0.5789473684210527,0.528,151.0,141.54545454545453
50,0.3,120.0,100,57,68,13,0.19117647058823528,0.22807017543859648,0.20799999999999996,40.0,45.38461538461539
50,0.3,120.0,200,57,68,25,0.36764705882352944,0.43859649122807015,0.4,97.0,100.88
50,0.3,120.0,300,57,68,33,0.4852941176470588,0.5789473684210527,0.528,151.0,141.54545454545453
50,0.3,130.0,100,57,68,13,0.19117647058823528,0.22807017543859648,0.20799999999999996,40.0,45.38461538461539
50,0.3,130.0,200,57,68,25,0.36764705882352944,0.43859649122807015,0.4,97.0,100.88
50,0.3,130.0,300,57,68,33,0.4852941176470588,0.5789473684210527,0.528,151.0,141.54545454545453
50,0.3,140.0,100,57,68,13,0.19117647058823528,0.22807017543859648,0.20799999999999996,40.0,45.38461538461539
50,0.3,140.0,200,57,68,25,0.36764705882352944,0.43859649122807015,0.4,97.0,100.88
50,0.3,140.0,300,57,68,33,0.4852941176470588,0.5789473684210527,0.528,151.0,141.54545454545453
50,0.3,150.0,100,57,68,13,0.19117647058823528,0.22807017543859648,0.20799999999999996,40.0,45.38461538461539
50,0.3,150.0,200,57,68,25,0.36764705882352944,0.43859649122807015,0.4,97.0,100.88
50,0.3,150.0,300,57,68,33,0.4852941176470588,0.5789473684210527,0.528,151.0,141.54545454545453
50,0.3,200.0,100,51,68,12,0.17647058823529413,0.23529411764705882,0.2016806722689076,40.5,45.833333333333336
50,0.3,200.0,200,51,68,23,0.3382352941176471,0.45098039215686275,0.3865546218487395,97.0,103.08695652173913
50,0.3,200.0,300,51,68,30,0.4411764705882353,0.5882352941176471,0.5042016806722689,150.5,135.7
50,0.3,300.0,100,45,68,9,0.1323529411764706,0.2,0.1592920353982301,50.0,52.22222222222222
50,0.3,300.0,200,45,68,20,0.29411764705882354,0.4444444444444444,0.35398230088495575,124.0,114.55
50,0.3,300.0,300,45,68,26,0.38235294117647056,0.5777777777777777,0.4601769911504424,155.5,144.65384615384616
50,0.3,400.0,100,43,68,9,0.1323529411764706,0.20930232558139536,0.16216216216216217,41.0,51.111111111111114
50,0.3,400.0,200,43,68,19,0.27941176470588236,0.4418604651162791,0.34234234234234234,109.0,110.57894736842105
50,0.3,400.0,300,43,68,25,0.36764705882352944,0.5813953488372093,0.4504504504504505,151.0,142.84
50,0.3,500.0,100,37,68,7,0.10294117647058823,0.1891891891891892,0.1333333333333333,41.0,55.57142857142857
50,0.3,500.0,200,37,68,14,0.20588235294117646,0.3783783783783784,0.2666666666666666,103.0,110.0
50,0.3,500.0,300,37,68,20,0.29411764705882354,0.5405405405405406,0.38095238095238093,160.5,150.5
50,0.5,0.0,100,49,68,12,0.17647058823529413,0.24489795918367346,0.20512820512820515,40.0,46.5
50,0.5,0.0,200,49,68,22,0.3235294117647059,0.4489795918367347,0.3760683760683761,94.5,99.95454545454545
50,0.5,0.0,300,49,68,29,0.4264705882352941,0.5918367346938775,0.4957264957264957,151.0,140.27586206896552
50,0.5,80.0,100,49,68,12,0.17647058823529413,0.24489795918367346,0.20512820512820515,40.0,46.5
50,0.5,80.0,200,49,68,22,0.3235294117647059,0.4489795918367347,0.3760683760683761,94.5,99.95454545454545
50,0.5,80.0,300,49,68,29,0.4264705882352941,0.5918367346938775,0.4957264957264957,151.0,140.27586206896552
50,0.5,90.0,100,49,68,12,0.17647058823529413,0.24489795918367346,0.20512820512820515,40.0,46.5
50,0.5,90.0,200,49,68,22,0.3235294117647059,0.4489795918367347,0.3760683760683761,94.5,99.95454545454545
50,0.5,90.0,300,49,68,29,0.4264705882352941,0.5918367346938775,0.4957264957264957,151.0,140.27586206896552
50,0.5,100.0,100,49,68,12,0.17647058823529413,0.24489795918367346,0.20512820512820515,40.0,46.5
50,0.5,100.0,200,49,68,22,0.3235294117647059,0.4489795918367347,0.3760683760683761,94.5,99.95454545454545
50,0.5,100.0,300,49,68,29,0.4264705882352941,0.5918367346938775,0.4957264957264957,151.0,140.27586206896552
50,0.5,110.0,100,47,68,11,0.16176470588235295,0.23404255319148937,0.19130434782608696,40.0,48.90909090909091
50,0.5,110.0,200,47,68,21,0.3088235294117647,0.44680851063829785,0.3652173913043478,97.0,103.76190476190476
50,0.5,110.0,300,47,68,29,0.4264705882352941,0.6170212765957447,0.5043478260869566,160.0,149.24137931034483
50,0.5,120.0,100,47,68,11,0.16176470588235295,0.23404255319148937,0.19130434782608696,40.0,48.90909090909091
50,0.5,120.0,200,47,68,21,0.3088235294117647,0.44680851063829785,0.3652173913043478,97.0,103.76190476190476
50,0.5,120.0,300,47,68,29,0.4264705882352941,0.6170212765957447,0.5043478260869566,160.0,149.24137931034483
50,0.5,130.0,100,47,68,11,0.16176470588235295,0.23404255319148937,0.19130434782608696,40.0,48.90909090909091
50,0.5,130.0,200,47,68,21,0.3088235294117647,0.44680851063829785,0.3652173913043478,97.0,103.76190476190476
50,0.5,130.0,300,47,68,29,0.4264705882352941,0.6170212765957447,0.5043478260869566,160.0,149.24137931034483
50,0.5,140.0,100,47,68,11,0.16176470588235295,0.23404255319148937,0.19130434782608696,40.0,48.90909090909091
50,0.5,140.0,200,47,68,21,0.3088235294117647,0.44680851063829785,0.3652173913043478,97.0,103.76190476190476
50,0.5,140.0,300,47,68,29,0.4264705882352941,0.6170212765957447,0.5043478260869566,160.0,149.24137931034483
50,0.5,150.0,100,47,68,11,0.16176470588235295,0.23404255319148937,0.19130434782608696,40.0,48.90909090909091
50,0.5,150.0,200,47,68,21,0.3088235294117647,0.44680851063829785,0.3652173913043478,97.0,103.76190476190476
50,0.5,150.0,300,47,68,29,0.4264705882352941,0.6170212765957447,0.5043478260869566,160.0,149.24137931034483
50,0.5,200.0,100,43,68,10,0.14705882352941177,0.23255813953488372,0.18018018018018017,40.5,49.8
50,0.5,200.0,200,43,68,20,0.29411764705882354,0.46511627906976744,0.36036036036036034,103.0,106.95
50,0.5,200.0,300,43,68,27,0.39705882352941174,0.627906976744186,0.48648648648648646,151.0,142.1851851851852
50,0.5,300.0,100,41,68,9,0.1323529411764706,0.21951219512195122,0.1651376146788991,41.0,51.0
50,0.5,300.0,200,41,68,19,0.27941176470588236,0.4634146341463415,0.34862385321100914,109.0,110.52631578947368
50,0.5,300.0,300,41,68,25,0.36764705882352944,0.6097560975609756,0.45871559633027525,151.0,142.8
50,0.5,400.0,100,39,68,8,0.11764705882352941,0.20512820512820512,0.14953271028037382,40.5,51.125
50,0.5,400.0,200,39,68,18,0.2647058823529412,0.46153846153846156,0.3364485981308411,124.0,113.88888888888889
50,0.5,400.0,300,39,68,24,0.35294117647058826,0.6153846153846154,0.4485981308411215,155.5,146.66666666666666
50,0.5,500.0,100,35,68,7,0.10294117647058823,0.2,0.13592233009708737,41.0,55.57142857142857
50,0.5,500.0,200,35,68,14,0.20588235294117646,0.4,0.27184466019417475,103.0,110.0
50,0.5,500.0,300,35,68,20,0.29411764705882354,0.5714285714285714,0.38834951456310673,160.5,150.5
50,0.75,0.0,100,37,68,10,0.14705882352941177,0.2702702702702703,0.19047619047619047,40.5,49.8
50,0.75,0.0,200,37,68,16,0.23529411764705882,0.43243243243243246,0.30476190476190473,81.0,88.5
50,0.75,0.0,300,37,68,23,0.3382352941176471,0.6216216216216216,0.4380952380952381,150.0,142.82608695652175
50,0.75,80.0,100,37,68,10,0.14705882352941177,0.2702702702702703,0.19047619047619047,40.5,49.8
50,0.75,80.0,200,37,68,16,0.23529411764705882,0.43243243243243246,0.30476190476190473,81.0,88.5
50,0.75,80.0,300,37,68,23,0.3382352941176471,0.6216216216216216,0.4380952380952381,150.0,142.82608695652175
50,0.75,90.0,100,37,68,10,0.14705882352941177,0.2702702702702703,0.19047619047619047,40.5,49.8
50,0.75,90.0,200,37,68,16,0.23529411764705882,0.43243243243243246,0.30476190476190473,81.0,88.5
50,0.75,90.0,300,37,68,23,0.3382352941176471,0.6216216216216216,0.4380952380952381,150.0,142.82608695652175
50,0.75,100.0,100,37,68,10,0.14705882352941177,0.2702702702702703,0.19047619047619047,40.5,49.8
50,0.75,100.0,200,37,68,16,0.23529411764705882,0.43243243243243246,0.30476190476190473,81.0,88.5
50,0.75,100.0,300,37,68,23,0.3382352941176471,0.6216216216216216,0.4380952380952381,150.0,142.82608695652175
50,0.75,110.0,100,35,68,9,0.1323529411764706,0.2571428571428571,0.17475728155339806,41.0,53.111111111111114
50,0.75,110.0,200,35,68,15,0.22058823529411764,0.42857142857142855,0.29126213592233013,92.0,93.06666666666666
50,0.75,110.0,300,35,68,23,0.3382352941176471,0.6571428571428571,0.44660194174757284,160.0,154.1304347826087
50,0.75,120.0,100,35,68,9,0.1323529411764706,0.2571428571428571,0.17475728155339806,41.0,53.111111111111114
50,0.75,120.0,200,35,68,15,0.22058823529411764,0.42857142857142855,0.29126213592233013,92.0,93.06666666666666
50,0.75,120.0,300,35,68,23,0.3382352941176471,0.6571428571428571,0.44660194174757284,160.0,154.1304347826087
50,0.75,130.0,100,35,68,9,0.1323529411764706,0.2571428571428571,0.17475728155339806,41.0,53.111111111111114
50,0.75,130.0,200,35,68,15,0.22058823529411764,0.42857142857142855,0.29126213592233013,92.0,93.06666666666666
50,0.75,130.0,300,35,68,23,0.3382352941176471,0.6571428571428571,0.44660194174757284,160.0,154.1304347826087
50,0.75,140.0,100,35,68,9,0.1323529411764706,0.2571428571428571,0.17475728155339806,41.0,53.111111111111114
50,0.75,140.0,200,35,68,15,0.22058823529411764,0.42857142857142855,0.29126213592233013,92.0,93.06666666666666
50,0.75,140.0,300,35,68,23,0.3382352941176471,0.6571428571428571,0.44660194174757284,160.0,154.1304347826087
50,0.75,150.0,100,35,68,9,0.1323529411764706,0.2571428571428571,0.17475728155339806,41.0,53.111111111111114
50,0.75,150.0,200,35,68,15,0.22058823529411764,0.42857142857142855,0.29126213592233013,92.0,93.06666666666666
50,0.75,150.0,300,35,68,23,0.3382352941176471,0.6571428571428571,0.44660194174757284,160.0,154.1304347826087
50,0.75,200.0,100,33,68,8,0.11764705882352941,0.24242424242424243,0.15841584158415842,45.5,54.75
50,0.75,200.0,200,33,68,14,0.20588235294117646,0.42424242424242425,0.2772277227722772,94.5,96.85714285714286
50,0.75,200.0,300,33,68,21,0.3088235294117647,0.6363636363636364,0.4158415841584159,150.0,145.52380952380952
50,0.75,300.0,100,31,68,7,0.10294117647058823,0.22580645161290322,0.1414141414141414,50.0,57.0
50,0.75,300.0,200,31,68,13,0.19117647058823528,0.41935483870967744,0.2626262626262626,97.0,101.3076923076923
50,0.75,300.0,300,31,68,19,0.27941176470588236,0.6129032258064516,0.38383838383838387,150.0,146.68421052631578
50,0.75,400.0,100,29,68,6,0.08823529411764706,0.20689655172413793,0.12371134020618557,55.5,58.166666666666664
50,0.75,400.0,200,29,68,12,0.17647058823529413,0.41379310344827586,0.24742268041237114,103.0,105.58333333333333
50,0.75,400.0,300,29,68,18,0.2647058823529412,0.6206896551724138,0.3711340206185567,155.0,152.05555555555554
50,0.75,500.0,100,27,68,6,0.08823529411764706,0.2222222222222222,0.12631578947368421,55.5,58.166666666666664
50,0.75,500.0,200,27,68,10,0.14705882352941177,0.37037037037037035,0.21052631578947367,94.5,96.8
50,0.75,500.0,300,27,68,16,0.23529411764705882,0.5925925925925926,0.33684210526315783,160.0,152.375
