age_yrBP,warming_count_20k,cold_fraction_20k,mean_cold_duration_yr,mean_warm_duration_yr,pre,obl,ecc,warmings,cold_fraction,mean_cold_duration_kyr,Time
789000.0,3.0,0.5361596009975063,4825.0,3050.0,-0.018106,0.416062,0.019648,3.0,0.5361596009975063,4.825,1
788000.0,2.0,0.57356608478803,4825.0,3050.0,-0.019776,0.416271,0.019846,2.0,0.57356608478803,4.825,2
787000.0,2.0,0.6234413965087282,4600.0,3000.0,-0.019519,0.41627,0.020018,2.0,0.6234413965087282,4.6,3
786000.0,2.0,0.6733167082294265,4600.0,3000.0,-0.017345,0.416064,0.020188,2.0,0.6733167082294265,4.6,4
785000.0,3.0,0.6683291770573566,4600.0,3000.0,-0.01337,0.415658,0.020261,3.0,0.6683291770573566,4.6,5
784000.0,3.0,0.6184538653366584,4600.0,3000.0,-0.008155,0.415066,0.020366,3.0,0.6184538653366584,4.6,6
783000.0,3.0,0.5685785536159601,5200.0,3100.0,-0.00197,0.414306,0.020419,3.0,0.5685785536159601,5.2,7
782000.0,2.0,0.5336658354114713,5200.0,3100.0,0.004356,0.413395,0.020483,2.0,0.5336658354114713,5.2,8
781000.0,2.0,0.5835411471321695,5200.0,3100.0,0.010307,0.412355,0.020448,2.0,0.5835411471321695,5.2,9
780000.0,2.0,0.6334164588528678,4566.666666666667,3175.0,0.015239,0.411208,0.020444,2.0,0.6334164588528678,4.566666666666667,10
779000.0,2.0,0.6783042394014963,4566.666666666667,3175.0,0.01869,0.409976,0.020436,2.0,0.6783042394014963,4.566666666666667,11
778000.0,3.0,0.6359102244389028,4566.666666666667,3175.0,0.020186,0.408684,0.020288,3.0,0.6359102244389028,4.566666666666667,12
777000.0,3.0,0.5860349127182045,4566.666666666667,3183.3333333333335,0.019756,0.407356,0.02021,3.0,0.5860349127182045,4.566666666666667,13
776000.0,3.0,0.5361596009975063,4566.666666666667,3183.3333333333335,0.017318,0.406017,0.020041,3.0,0.5361596009975063,4.566666666666667,14
775000.0,3.0,0.516209476309227,3725.0,3183.3333333333335,0.013164,0.404696,0.019848,3.0,0.516209476309227,3.725,15
774000.0,3.0,0.516209476309227,3725.0,3183.3333333333335,0.007821,0.403418,0.019608,3.0,0.516209476309227,3.725,16
773000.0,3.0,0.516209476309227,3900.0,3183.3333333333335,0.00179,0.402209,0.019309,3.0,0.516209476309227,3.9,17
772000.0,2.0,0.5561097256857855,3900.0,3183.3333333333335,-0.004309,0.401094,0.019049,2.0,0.5561097256857855,3.9,18
771000.0,3.0,0.5910224438902744,3900.0,3250.0,-0.009686,0.400095,0.018632,3.0,0.5910224438902744,3.9,19
770000.0,3.0,0.5910224438902744,3900.0,2816.6666666666665,-0.013928,0.399232,0.018243,3.0,0.5910224438902744,3.9,20
769000.0,3.0,0.571072319201995,3900.0,2816.6666666666665,-0.016579,0.398519,0.017857,3.0,0.571072319201995,3.9,21
768000.0,4.0,0.5635910224438903,3200.0,2816.6666666666665,-0.017306,0.39797,0.017332,4.0,0.5635910224438903,3.2,22
767000.0,4.0,0.5361596009975063,2883.3333333333335,2275.0,-0.016217,0.397589,0.016832,4.0,0.5361596009975063,2.8833333333333333,23
766000.0,4.0,0.5361596009975063,2750.0,2275.0,-0.013517,0.397384,0.016342,4.0,0.5361596009975063,2.75,24
765000.0,4.0,0.5586034912718204,2750.0,2275.0,-0.009393,0.397357,0.015723,4.0,0.5586034912718204,2.75,25
764000.0,4.0,0.5586034912718204,2750.0,2160.0,-0.004651,0.397509,0.015183,4.0,0.5586034912718204,2.75,26
763000.0,4.0,0.57356608478803,2280.0,1875.0,0.000351,0.39784,0.014525,4.0,0.57356608478803,2.28,27
762000.0,5.0,0.57356608478803,2280.0,1875.0,0.004921,0.398348,0.013947,5.0,0.57356608478803,2.28,28
761000.0,5.0,0.5236907730673317,2280.0,1940.0,0.008585,0.399025,0.013299,5.0,0.5236907730673317,2.28,29
760000.0,5.0,0.5037406483790524,2025.0,1940.0,0.010887,0.399866,0.012596,5.0,0.5037406483790524,2.025,30
759000.0,6.0,0.4912718204488778,1880.0,1940.0,0.011822,0.400859,0.012016,6.0,0.4912718204488778,1.88,31
758000.0,5.0,0.5087281795511222,1880.0,1725.0,0.011136,0.40199,0.011303,5.0,0.5087281795511222,1.88,32
757000.0,5.0,0.5586034912718204,1950.0,1430.0,0.009176,0.403242,0.010641,5.0,0.5586034912718204,1.95,33
756000.0,6.0,0.5985037406483791,1950.0,1430.0,0.006287,0.404592,0.009993,6.0,0.5985037406483791,1.95,34
755000.0,6.0,0.571072319201995,1950.0,1430.0,0.002802,0.406014,0.009348,6.0,0.571072319201995,1.95,35
754000.0,6.0,0.5211970074812967,1950.0,1430.0,-0.000691,0.407485,0.008737,6.0,0.5211970074812967,1.95,36
753000.0,6.0,0.4713216957605985,1490.0,1430.0,-0.003687,0.408975,0.008125,6.0,0.4713216957605985,1.49,37
752000.0,6.0,0.42144638403990026,1490.0,2333.3333333333335,-0.005889,0.410454,0.007628,6.0,0.42144638403990026,1.49,38
751000.0,5.0,0.38403990024937656,1490.0,2333.3333333333335,-0.006985,0.411897,0.007234,5.0,0.38403990024937656,1.49,39
750000.0,5.0,0.38403990024937656,1490.0,2410.0,-0.006719,0.413272,0.006833,5.0,0.38403990024937656,1.49,40
749000.0,5.0,0.3865336658354115,1490.0,2410.0,-0.005439,0.414553,0.006731,5.0,0.3865336658354115,1.49,41
748000.0,5.0,0.3690773067331671,1430.0,2410.0,-0.003077,0.415715,0.006696,5.0,0.3690773067331671,1.43,42
747000.0,5.0,0.35910224438902744,1430.0,2520.0,-0.000129,0.416736,0.006878,5.0,0.35910224438902744,1.43,43
746000.0,5.0,0.35910224438902744,1200.0,2520.0,0.002981,0.417588,0.00722,5.0,0.35910224438902744,1.2,44
745000.0,4.0,0.35910224438902744,1500.0,2520.0,0.005776,0.418254,0.007657,4.0,0.35910224438902744,1.5,45
744000.0,5.0,0.3865336658354115,1500.0,2725.0,0.007962,0.418716,0.008345,5.0,0.3865336658354115,1.5,46
743000.0,5.0,0.3740648379052369,1775.0,2700.0,0.008907,0.418955,0.008946,5.0,0.3740648379052369,1.775,47
742000.0,4.0,0.3640897755610973,1775.0,2700.0,0.008663,0.418962,0.00973,4.0,0.3640897755610973,1.775,48
741000.0,4.0,0.40399002493765584,1775.0,2825.0,0.007053,0.418728,0.010547,4.0,0.40399002493765584,1.775,49
740000.0,4.0,0.42643391521197005,1775.0,2825.0,0.004101,0.418248,0.01137,4.0,0.42643391521197005,1.775,50
739000.0,3.0,0.43640897755610975,2587.5,2825.0,0.000261,0.41753,0.012256,3.0,0.43640897755610975,2.5875,51
738000.0,3.0,0.4613466334164589,2587.5,3550.0,-0.004129,0.41658,0.013127,3.0,0.4613466334164589,2.5875,52
737000.0,4.0,0.4513715710723192,2683.3333333333335,3550.0,-0.008648,0.415412,0.014079,4.0,0.4513715710723192,2.6833333333333336,53
736000.0,3.0,0.4089775561097257,2683.3333333333335,2987.5,-0.012538,0.414053,0.014977,3.0,0.4089775561097257,2.6833333333333336,54
735000.0,4.0,0.43640897755610975,2137.5,2987.5,-0.015408,0.412525,0.015893,4.0,0.43640897755610975,2.1375,55
734000.0,4.0,0.4688279301745636,2137.5,2510.0,-0.016811,0.41086,0.016862,4.0,0.4688279301745636,2.1375,56
733000.0,5.0,0.5087281795511222,1990.0,2510.0,-0.016359,0.409097,0.017779,5.0,0.5087281795511222,1.99,57
732000.0,6.0,0.5361596009975063,1741.6666666666667,1230.0,-0.013978,0.40727,0.018703,6.0,0.5361596009975063,1.7416666666666667,58
731000.0,6.0,0.5361596009975063,1741.6666666666667,1230.0,-0.009882,0.405419,0.019648,6.0,0.5361596009975063,1.7416666666666667,59
730000.0,6.0,0.5361596009975063,1741.6666666666667,1450.0,-0.004185,0.403589,0.02057,6.0,0.5361596009975063,1.7416666666666667,60
729000.0,6.0,0.5511221945137157,1741.6666666666667,1450.0,0.002419,0.40182,0.021498,6.0,0.5511221945137157,1.7416666666666667,61
728000.0,5.0,0.571072319201995,1930.0,1450.0,0.009315,0.400154,0.022396,5.0,0.571072319201995,1.93,62
727000.0,5.0,0.6134663341645885,2116.6666666666665,1500.0,0.015791,0.398635,0.023291,5.0,0.6134663341645885,2.1166666666666667,63
726000.0,6.0,0.5910224438902744,2116.6666666666665,1500.0,0.021134,0.397301,0.024221,6.0,0.5910224438902744,2.1166666666666667,64
725000.0,6.0,0.5411471321695761,2000.0,1500.0,0.024505,0.396188,0.024985,6.0,0.5411471321695761,2.0,65
724000.0,5.0,0.5112219451371571,2000.0,1816.6666666666667,0.025719,0.39533,0.025892,5.0,0.5112219451371571,2.0,66
723000.0,5.0,0.5112219451371571,2000.0,1660.0,0.024257,0.394748,0.026679,5.0,0.5112219451371571,2.0,67
722000.0,6.0,0.5486284289276808,1716.6666666666667,1416.6666666666667,0.020224,0.39446,0.027409,6.0,0.5486284289276808,1.7166666666666668,68
721000.0,6.0,0.5610972568578554,1700.0,1416.6666666666667,0.013994,0.394477,0.028195,6.0,0.5610972568578554,1.7,69
720000.0,7.0,0.5236907730673317,1700.0,1416.6666666666667,0.006016,0.39479,0.02889,7.0,0.5236907730673317,1.7,70
719000.0,7.0,0.47381546134663344,1225.0,1642.857142857143,-0.002994,0.39539,0.029574,7.0,0.47381546134663344,1.225,71
718000.0,7.0,0.4239401496259352,1225.0,1642.857142857143,-0.011991,0.396262,0.030231,7.0,0.4239401496259352,1.225,72
717000.0,7.0,0.4089775561097257,1121.4285714285713,1456.25,-0.020239,0.397371,0.030848,7.0,0.4089775561097257,1.1214285714285714,73
716000.0,7.0,0.456359102244389,1121.4285714285713,1478.5714285714287,-0.026878,0.398689,0.031499,7.0,0.456359102244389,1.1214285714285714,74
715000.0,6.0,0.47880299251870323,1485.7142857142858,1478.5714285714287,-0.031089,0.400181,0.032039,6.0,0.47880299251870323,1.4857142857142858,75
714000.0,6.0,0.49875311720698257,1485.7142857142858,1625.0,-0.032548,0.401804,0.032606,6.0,0.49875311720698257,1.4857142857142858,76
713000.0,6.0,0.46384039900249374,1500.0,1625.0,-0.031053,0.40352,0.033204,6.0,0.46384039900249374,1.5,77
712000.0,5.0,0.43640897755610975,1700.0,2033.3333333333333,-0.026534,0.405288,0.033662,5.0,0.43640897755610975,1.7,78
711000.0,5.0,0.43640897755610975,1700.0,2033.3333333333333,-0.019542,0.407062,0.034215,5.0,0.43640897755610975,1.7,79
710000.0,5.0,0.48129675810473815,1700.0,1930.0,-0.010638,0.408805,0.034687,5.0,0.48129675810473815,1.7,80
709000.0,5.0,0.5062344139650873,1783.3333333333333,1930.0,-0.000453,0.410479,0.035163,5.0,0.5062344139650873,1.7833333333333332,81
708000.0,6.0,0.47381546134663344,1783.3333333333333,1708.3333333333333,0.00988,0.412043,0.035587,6.0,0.47381546134663344,1.7833333333333332,82
707000.0,6.0,0.47381546134663344,1500.0,1708.3333333333333,0.019564,0.413467,0.03601,6.0,0.47381546134663344,1.5,83
706000.0,6.0,0.46384039900249374,1500.0,1708.3333333333333,0.027816,0.414724,0.036409,6.0,0.46384039900249374,1.5,84
705000.0,6.0,0.46384039900249374,1500.0,1708.3333333333333,0.033697,0.415786,0.036758,6.0,0.46384039900249374,1.5,85
704000.0,6.0,0.46384039900249374,1500.0,1708.3333333333333,0.036805,0.416638,0.037067,6.0,0.46384039900249374,1.5,86
703000.0,6.0,0.4713216957605985,1500.0,1708.3333333333333,0.036883,0.417266,0.037431,6.0,0.4713216957605985,1.5,87
702000.0,6.0,0.47880299251870323,1608.3333333333333,2010.0,0.033714,0.417661,0.037651,6.0,0.47880299251870323,1.6083333333333332,88
701000.0,6.0,0.44389027431421446,1610.0,1808.3333333333333,0.027697,0.417825,0.037914,6.0,0.44389027431421446,1.61,89
700000.0,5.0,0.47880299251870323,1600.0,1808.3333333333333,0.019305,0.417763,0.038151,5.0,0.47880299251870323,1.6,90
699000.0,6.0,0.4937655860349127,1600.0,1570.0,0.009135,0.417481,0.038327,6.0,0.4937655860349127,1.6,91
698000.0,6.0,0.4937655860349127,1600.0,1783.3333333333333,-0.001916,0.416995,0.038501,6.0,0.4937655860349127,1.6,92
697000.0,5.0,0.46633416458852867,1820.0,2110.0,-0.012781,0.416321,0.038615,5.0,0.46633416458852867,1.82,93
696000.0,5.0,0.4613466334164589,1766.6666666666667,2110.0,-0.022809,0.415477,0.038775,5.0,0.4613466334164589,1.7666666666666668,94
695000.0,6.0,0.4488778054862843,1510.0,2110.0,-0.030864,0.414486,0.038831,6.0,0.4488778054862843,1.51,95
694000.0,6.0,0.39900249376558605,1510.0,2116.6666666666665,-0.036356,0.413371,0.038883,6.0,0.39900249376558605,1.51,96
693000.0,5.0,0.3915211970074813,1510.0,2116.6666666666665,-0.038866,0.412154,0.038963,5.0,0.3915211970074813,1.51,97
692000.0,5.0,0.44139650872817954,1510.0,1960.0,-0.038036,0.410863,0.038974,5.0,0.44139650872817954,1.51,98
691000.0,5.0,0.4912718204488778,1625.0,1960.0,-0.033945,0.409523,0.038942,5.0,0.4912718204488778,1.625,99
690000.0,6.0,0.45885286783042395,1625.0,1960.0,-0.027059,0.40816,0.03896,6.0,0.45885286783042395,1.625,100
689000.0,6.0,0.4089775561097257,1510.0,2158.3333333333335,-0.017787,0.406802,0.038914,6.0,0.4089775561097257,1.51,101
688000.0,5.0,0.38902743142144636,1510.0,2470.0,-0.007025,0.405479,0.038799,5.0,0.38902743142144636,1.51,102
687000.0,6.0,0.371571072319202,1350.0,2470.0,0.004243,0.404215,0.038759,6.0,0.371571072319202,1.35,103
686000.0,5.0,0.371571072319202,1350.0,2141.6666666666665,0.015149,0.403038,0.038583,5.0,0.371571072319202,1.35,104
685000.0,5.0,0.42144638403990026,1491.6666666666667,2141.6666666666665,0.024681,0.401971,0.038456,5.0,0.42144638403990026,1.4916666666666667,105
684000.0,6.0,0.4613466334164589,1491.6666666666667,1890.0,0.031972,0.401033,0.038241,6.0,0.4613466334164589,1.4916666666666667,106
683000.0,6.0,0.456359102244389,1491.6666666666667,1833.3333333333333,0.036462,0.400242,0.038021,6.0,0.456359102244389,1.4916666666666667,107
682000.0,5.0,0.44139650872817954,1600.0,1833.3333333333333,0.037804,0.399611,0.037805,5.0,0.44139650872817954,1.6,108
681000.0,5.0,0.47880299251870323,1600.0,2040.0,0.035788,0.399149,0.037466,5.0,0.47880299251870323,1.6,109
680000.0,5.0,0.47880299251870323,2300.0,2040.0,0.030795,0.39886,0.03717,5.0,0.47880299251870323,2.3,110
679000.0,4.0,0.5112219451371571,2300.0,2040.0,0.023284,0.398748,0.036866,4.0,0.5112219451371571,2.3,111
678000.0,4.0,0.5610972568578554,2300.0,1837.5,0.013808,0.398813,0.03642,4.0,0.5610972568578554,2.3,112
677000.0,5.0,0.5860349127182045,2300.0,1837.5,0.003495,0.399053,0.036045,5.0,0.5860349127182045,2.3,113
676000.0,5.0,0.5486284289276808,2300.0,1837.5,-0.006927,0.399463,0.035614,5.0,0.5486284289276808,2.3,114
675000.0,4.0,0.5087281795511222,2500.0,2060.0,-0.016495,0.400034,0.035111,4.0,0.5087281795511222,2.5,115
674000.0,4.0,0.5336658354114713,2500.0,2037.5,-0.024351,0.400757,0.034632,4.0,0.5336658354114713,2.5,116
673000.0,5.0,0.5760598503740648,2260.0,2037.5,-0.029893,0.401617,0.034069,5.0,0.5760598503740648,2.26,117
672000.0,5.0,0.5261845386533666,2260.0,2070.0,-0.03284,0.402593,0.033565,5.0,0.5261845386533666,2.26,118
671000.0,5.0,0.4763092269326683,2275.0,2070.0,-0.032821,0.403668,0.032925,5.0,0.4763092269326683,2.275,119
670000.0,4.0,0.5087281795511222,2275.0,2070.0,-0.030158,0.404814,0.032327,4.0,0.5087281795511222,2.275,120
669000.0,4.0,0.5586034912718204,2410.0,1800.0,-0.025153,0.406004,0.031723,4.0,0.5586034912718204,2.41,121
668000.0,4.0,0.6084788029925187,2410.0,1800.0,-0.01827,0.407212,0.031014,4.0,0.6084788029925187,2.41,122
667000.0,5.0,0.5860349127182045,2875.0,1800.0,-0.01025,0.408411,0.030309,5.0,0.5860349127182045,2.875,123
666000.0,4.0,0.5635910224438903,2875.0,2375.0,-0.001898,0.40957,0.029623,4.0,0.5635910224438903,2.875,124
665000.0,4.0,0.516209476309227,3100.0,2375.0,0.006256,0.410667,0.028815,4.0,0.516209476309227,3.1,125
664000.0,3.0,0.5236907730673317,3100.0,2375.0,0.013395,0.411676,0.028051,3.0,0.5236907730673317,3.1,126
663000.0,3.0,0.57356608478803,3100.0,2650.0,0.019009,0.412575,0.027204,3.0,0.57356608478803,3.1,127
662000.0,3.0,0.5960099750623441,3637.5,2650.0,0.022917,0.413344,0.026398,3.0,0.5960099750623441,3.6375,128
661000.0,3.0,0.5960099750623441,3637.5,2650.0,0.024719,0.413962,0.025489,3.0,0.5960099750623441,3.6375,129
660000.0,3.0,0.5960099750623441,3166.6666666666665,2650.0,0.024585,0.414414,0.024592,3.0,0.5960099750623441,3.1666666666666665,130
659000.0,4.0,0.5586034912718204,3166.6666666666665,2650.0,0.022697,0.414687,0.02372,4.0,0.5586034912718204,3.1666666666666665,131
658000.0,4.0,0.5087281795511222,3166.6666666666665,2650.0,0.019306,0.414769,0.022759,4.0,0.5087281795511222,3.1666666666666665,132
657000.0,3.0,0.48129675810473815,3166.6666666666665,3175.0,0.014839,0.414654,0.021825,3.0,0.48129675810473815,3.1666666666666665,133
656000.0,3.0,0.48129675810473815,3166.6666666666665,3175.0,0.009828,0.41434,0.020917,3.0,0.48129675810473815,3.1666666666666665,134
655000.0,3.0,0.48129675810473815,3166.6666666666665,3250.0,0.004607,0.413827,0.019985,3.0,0.48129675810473815,3.1666666666666665,135
654000.0,3.0,0.5062344139650873,3166.6666666666665,3250.0,-0.000392,0.413126,0.019046,3.0,0.5062344139650873,3.1666666666666665,136
653000.0,2.0,0.5112219451371571,3783.3333333333335,3250.0,-0.004761,0.412252,0.018206,2.0,0.5112219451371571,3.7833333333333337,137
652000.0,2.0,0.5610972568578554,3783.3333333333335,3250.0,-0.008441,0.411224,0.017331,2.0,0.5610972568578554,3.7833333333333337,138
651000.0,3.0,0.57356608478803,3783.3333333333335,3775.0,-0.01121,0.410068,0.016545,3.0,0.57356608478803,3.7833333333333337,139
650000.0,3.0,0.5311720698254364,3783.3333333333335,3775.0,-0.013038,0.408816,0.015796,3.0,0.5311720698254364,3.7833333333333337,140
649000.0,3.0,0.48129675810473815,4200.0,3775.0,-0.014077,0.407503,0.015138,3.0,0.48129675810473815,4.2,141
648000.0,3.0,0.4314214463840399,4200.0,3775.0,-0.014403,0.406166,0.01459,3.0,0.4314214463840399,4.2,142
647000.0,2.0,0.4239401496259352,4200.0,5433.333333333333,-0.01406,0.404842,0.014073,2.0,0.4239401496259352,4.2,143
646000.0,2.0,0.4239401496259352,4200.0,6750.0,-0.013363,0.40357,0.013787,2.0,0.4239401496259352,4.2,144
645000.0,2.0,0.4239401496259352,4200.0,6750.0,-0.012248,0.402388,0.013577,2.0,0.4239401496259352,4.2,145
644000.0,2.0,0.3740648379052369,4200.0,6750.0,-0.010818,0.401328,0.01349,2.0,0.3740648379052369,4.2,146
643000.0,2.0,0.32418952618453867,4200.0,6750.0,-0.009139,0.400421,0.01364,2.0,0.32418952618453867,4.2,147
642000.0,2.0,0.32169576059850374,3150.0,6750.0,-0.007092,0.399696,0.0139,2.0,0.32169576059850374,3.15,148
641000.0,2.0,0.32169576059850374,3100.0,6750.0,-0.004658,0.399176,0.014251,2.0,0.32169576059850374,3.1,149
640000.0,2.0,0.32169576059850374,3100.0,6750.0,-0.00183,0.398878,0.01487,2.0,0.32169576059850374,3.1,150
639000.0,2.0,0.341645885286783,2266.6666666666665,4583.333333333333,0.001432,0.398819,0.015478,2.0,0.341645885286783,2.2666666666666666,151
638000.0,3.0,0.34663341645885287,2266.6666666666665,4583.333333333333,0.0051,0.399004,0.016264,3.0,0.34663341645885287,2.2666666666666666,152
637000.0,3.0,0.34663341645885287,2266.6666666666665,4200.0,0.008929,0.39943,0.017112,3.0,0.34663341645885287,2.2666666666666666,153
636000.0,3.0,0.34663341645885287,2266.6666666666665,4200.0,0.01279,0.400094,0.018051,3.0,0.34663341645885287,2.2666666666666666,154
635000.0,3.0,0.35910224438902744,2266.6666666666665,4200.0,0.01636,0.400975,0.019014,3.0,0.35910224438902744,2.2666666666666666,155
634000.0,3.0,0.3640897755610973,2266.6666666666665,4200.0,0.019221,0.40205,0.020044,3.0,0.3640897755610973,2.2666666666666666,156
633000.0,3.0,0.3640897755610973,2600.0,4200.0,0.021097,0.40329,0.021105,3.0,0.3640897755610973,2.6,157
632000.0,3.0,0.3640897755610973,2600.0,4200.0,0.021615,0.404652,0.02221,3.0,0.3640897755610973,2.6,158
631000.0,3.0,0.39650872817955113,2600.0,4200.0,0.020481,0.406099,0.023278,3.0,0.39650872817955113,2.6,159
630000.0,3.0,0.39650872817955113,2600.0,4200.0,0.017647,0.407588,0.024426,3.0,0.39650872817955113,2.6,160
629000.0,3.0,0.39650872817955113,2600.0,4012.5,0.013084,0.409074,0.025576,3.0,0.39650872817955113,2.6,161
628000.0,3.0,0.39650872817955113,2600.0,4012.5,0.006984,0.410515,0.026671,3.0,0.39650872817955113,2.6,162
627000.0,3.0,0.4239401496259352,2600.0,2433.3333333333335,-0.00027,0.411876,0.027824,3.0,0.4239401496259352,2.6,163
626000.0,4.0,0.456359102244389,2237.5,2433.3333333333335,-0.008129,0.413116,0.028987,4.0,0.456359102244389,2.2375,164
625000.0,4.0,0.456359102244389,2237.5,2433.3333333333335,-0.016045,0.414209,0.030048,4.0,0.456359102244389,2.2375,165
624000.0,4.0,0.456359102244389,2237.5,2433.3333333333335,-0.023216,0.415126,0.03119,4.0,0.456359102244389,2.2375,166
623000.0,4.0,0.456359102244389,2237.5,3212.5,-0.029035,0.415842,0.032267,4.0,0.456359102244389,2.2375,167
622000.0,4.0,0.4114713216957606,2237.5,3212.5,-0.03284,0.416341,0.033324,4.0,0.4114713216957606,2.2375,168
621000.0,4.0,0.36159600997506236,1966.6666666666667,3212.5,-0.034169,0.416609,0.034378,4.0,0.36159600997506236,1.9666666666666668,169
620000.0,4.0,0.3491271820448878,1966.6666666666667,3212.5,-0.032664,0.416634,0.035336,4.0,0.3491271820448878,1.9666666666666668,170
619000.0,3.0,0.3640897755610973,2650.0,4200.0,-0.028412,0.416418,0.036408,3.0,0.3640897755610973,2.65,171
618000.0,2.0,0.40648379052369077,3333.3333333333335,4200.0,-0.021416,0.415961,0.037263,2.0,0.40648379052369077,3.3333333333333335,172
617000.0,2.0,0.456359102244389,3333.3333333333335,4500.0,-0.012292,0.415273,0.038186,2.0,0.456359102244389,3.3333333333333335,173
616000.0,3.0,0.5062344139650873,3333.3333333333335,4500.0,-0.001644,0.414371,0.0391,3.0,0.5062344139650873,3.3333333333333335,174
615000.0,3.0,0.49625935162094764,3333.3333333333335,4500.0,0.009651,0.413279,0.039848,3.0,0.49625935162094764,3.3333333333333335,175
614000.0,3.0,0.4463840399002494,3333.3333333333335,4500.0,0.020639,0.412021,0.040652,3.0,0.4463840399002494,3.3333333333333335,176
613000.0,3.0,0.39650872817955113,2925.0,4800.0,0.03027,0.410632,0.041396,3.0,0.39650872817955113,2.925,177
612000.0,3.0,0.34663341645885287,2925.0,4800.0,0.037689,0.409146,0.042048,3.0,0.34663341645885287,2.925,178
611000.0,2.0,0.2967581047381546,2925.0,4800.0,0.042103,0.4076,0.042713,2.0,0.2967581047381546,2.925,179
610000.0,2.0,0.32418952618453867,2925.0,4800.0,0.042959,0.406032,0.043282,2.0,0.32418952618453867,2.925,180
609000.0,2.0,0.3740648379052369,2925.0,5475.0,0.040118,0.40448,0.043867,2.0,0.3740648379052369,2.925,181
608000.0,2.0,0.4239401496259352,3066.6666666666665,5475.0,0.033664,0.402978,0.044374,2.0,0.4239401496259352,3.0666666666666664,182
607000.0,3.0,0.44139650872817954,3066.6666666666665,5475.0,0.024039,0.401564,0.0448,3.0,0.44139650872817954,3.0666666666666664,183
606000.0,2.0,0.40648379052369077,4025.0,5475.0,0.012126,0.400269,0.045305,2.0,0.40648379052369077,4.025,184
605000.0,2.0,0.40648379052369077,4025.0,4716.666666666667,-0.001148,0.399118,0.04564,2.0,0.40648379052369077,4.025,185
604000.0,2.0,0.40648379052369077,4025.0,4716.666666666667,-0.014542,0.398141,0.045991,2.0,0.40648379052369077,4.025,186
603000.0,2.0,0.4513715710723192,4025.0,4300.0,-0.02685,0.397356,0.04632,2.0,0.4513715710723192,4.025,187
602000.0,2.0,0.5012468827930174,3350.0,4300.0,-0.036924,0.396783,0.04657,2.0,0.5012468827930174,3.35,188
601000.0,3.0,0.5087281795511222,3350.0,4300.0,-0.043857,0.396438,0.046809,3.0,0.5087281795511222,3.35,189
600000.0,3.0,0.4763092269326683,3350.0,3450.0,-0.04688,0.396325,0.04697,3.0,0.4763092269326683,3.35,190
599000.0,4.0,0.4763092269326683,2762.5,3450.0,-0.045851,0.39645,0.047166,4.0,0.4763092269326683,2.7625,191
598000.0,4.0,0.42643391521197005,2116.6666666666665,3450.0,-0.040675,0.396812,0.047231,4.0,0.42643391521197005,2.1166666666666667,192
597000.0,4.0,0.3765586034912718,2116.6666666666665,3550.0,-0.031976,0.397401,0.047305,4.0,0.3765586034912718,2.1166666666666667,193
596000.0,4.0,0.3266832917705736,2116.6666666666665,3550.0,-0.020401,0.398203,0.047328,4.0,0.3266832917705736,2.1166666666666667,194
595000.0,3.0,0.32917705735660846,2116.6666666666665,3550.0,-0.007118,0.399201,0.047327,3.0,0.32917705735660846,2.1166666666666667,195
594000.0,3.0,0.3790523690773067,2116.6666666666665,3550.0,0.006767,0.400371,0.047222,3.0,0.3790523690773067,2.1166666666666667,196
593000.0,3.0,0.428927680798005,2387.5,2933.3333333333335,0.01997,0.401687,0.047161,3.0,0.428927680798005,2.3875,197
592000.0,3.0,0.47880299251870323,2387.5,2933.3333333333335,0.031372,0.403124,0.047032,3.0,0.47880299251870323,2.3875,198
591000.0,4.0,0.486284289276808,2387.5,2933.3333333333335,0.039982,0.404651,0.046831,4.0,0.486284289276808,2.3875,199
590000.0,4.0,0.4613466334164589,2387.5,2762.5,0.04511,0.406242,0.046643,4.0,0.4613466334164589,2.3875,200
589000.0,4.0,0.4389027431421446,2387.5,2762.5,0.046396,0.407868,0.046422,4.0,0.4389027431421446,2.3875,201
588000.0,4.0,0.4389027431421446,2275.0,2762.5,0.043729,0.409499,0.046134,4.0,0.4389027431421446,2.275,202
587000.0,3.0,0.44389027431421446,2275.0,2762.5,0.037537,0.411109,0.045851,3.0,0.44389027431421446,2.275,203
586000.0,4.0,0.46384039900249374,2275.0,2762.5,0.028268,0.412667,0.045502,4.0,0.46384039900249374,2.275,204
585000.0,4.0,0.46384039900249374,2275.0,2616.6666666666665,0.016896,0.414143,0.045208,4.0,0.46384039900249374,2.275,205
584000.0,4.0,0.46384039900249374,2275.0,2787.5,0.004328,0.41551,0.044779,4.0,0.46384039900249374,2.275,206
583000.0,4.0,0.4339152119700748,2275.0,2787.5,-0.008308,0.416739,0.044397,4.0,0.4339152119700748,2.275,207
582000.0,4.0,0.4339152119700748,2366.6666666666665,2787.5,-0.020083,0.417803,0.044037,4.0,0.4339152119700748,2.3666666666666667,208
581000.0,3.0,0.47381546134663344,2425.0,2787.5,-0.029888,0.418677,0.043513,3.0,0.47381546134663344,2.425,209
580000.0,4.0,0.4937655860349127,2425.0,3133.3333333333335,-0.0372,0.419343,0.043117,4.0,0.4937655860349127,2.425,210
579000.0,4.0,0.44389027431421446,2900.0,3133.3333333333335,-0.041301,0.419778,0.042608,4.0,0.44389027431421446,2.9,211
578000.0,3.0,0.44139650872817954,2900.0,3450.0,-0.042075,0.419974,0.042101,3.0,0.44139650872817954,2.9,212
577000.0,3.0,0.44139650872817954,2900.0,3316.6666666666665,-0.039525,0.41992,0.041584,3.0,0.44139650872817954,2.9,213
576000.0,3.0,0.4488778054862843,2900.0,3316.6666666666665,-0.033913,0.419609,0.041003,3.0,0.4488778054862843,2.9,214
575000.0,3.0,0.49625935162094764,2900.0,3316.6666666666665,-0.025801,0.419042,0.040462,3.0,0.49625935162094764,2.9,215
574000.0,3.0,0.49625935162094764,2850.0,3316.6666666666665,-0.015922,0.418224,0.03985,3.0,0.49625935162094764,2.85,216
573000.0,4.0,0.4763092269326683,2733.3333333333335,3316.6666666666665,-0.005064,0.417159,0.039195,4.0,0.4763092269326683,2.7333333333333334,217
572000.0,4.0,0.42643391521197005,2733.3333333333335,2900.0,0.005845,0.415862,0.038648,4.0,0.42643391521197005,2.7333333333333334,218
571000.0,3.0,0.4513715710723192,2733.3333333333335,2900.0,0.01595,0.414353,0.037929,3.0,0.4513715710723192,2.7333333333333334,219
570000.0,3.0,0.5012468827930174,2575.0,3116.6666666666665,0.024459,0.41265,0.037268,3.0,0.5012468827930174,2.575,220
569000.0,4.0,0.49875311720698257,2575.0,3116.6666666666665,0.03079,0.410786,0.036646,4.0,0.49875311720698257,2.575,221
568000.0,4.0,0.4488778054862843,2466.6666666666665,3037.5,0.034409,0.408794,0.035899,4.0,0.4488778054862843,2.4666666666666663,222
567000.0,4.0,0.39900249376558605,2466.6666666666665,3037.5,0.035229,0.406711,0.03523,4.0,0.39900249376558605,2.4666666666666663,223
566000.0,3.0,0.4114713216957606,2466.6666666666665,3037.5,0.03318,0.404583,0.034492,3.0,0.4114713216957606,2.4666666666666663,224
565000.0,3.0,0.4613466334164589,2412.5,3037.5,0.028576,0.402462,0.033786,3.0,0.4613466334164589,2.4125,225
564000.0,4.0,0.4912718204488778,2412.5,2950.0,0.021853,0.400392,0.033026,4.0,0.4912718204488778,2.4125,226
563000.0,4.0,0.48129675810473815,2412.5,2950.0,0.013714,0.39843,0.032256,4.0,0.48129675810473815,2.4125,227
562000.0,4.0,0.4314214463840399,2412.5,2975.0,0.004747,0.396627,0.031524,4.0,0.4314214463840399,2.4125,228
561000.0,4.0,0.39650872817955113,2350.0,2975.0,-0.004083,0.395029,0.030718,4.0,0.39650872817955113,2.35,229
560000.0,3.0,0.4239401496259352,2150.0,2975.0,-0.012221,0.393685,0.029917,3.0,0.4239401496259352,2.15,230
559000.0,4.0,0.4389027431421446,2150.0,2975.0,-0.018895,0.392637,0.029129,4.0,0.4389027431421446,2.15,231
558000.0,4.0,0.4389027431421446,2150.0,2500.0,-0.023707,0.391912,0.028318,4.0,0.4389027431421446,2.15,232
557000.0,4.0,0.4389027431421446,2150.0,2800.0,-0.02628,0.391541,0.027446,4.0,0.4389027431421446,2.15,233
556000.0,4.0,0.4339152119700748,2150.0,2800.0,-0.026648,0.39154,0.026649,4.0,0.4339152119700748,2.15,234
555000.0,4.0,0.4314214463840399,2150.0,2800.0,-0.024808,0.391909,0.025771,4.0,0.4314214463840399,2.15,235
554000.0,4.0,0.4314214463840399,2187.5,2800.0,-0.021151,0.392652,0.024918,4.0,0.4314214463840399,2.1875,236
553000.0,4.0,0.4463840399002494,2187.5,2800.0,-0.016136,0.393753,0.02403,4.0,0.4463840399002494,2.1875,237
552000.0,4.0,0.4463840399002494,2187.5,3183.3333333333335,-0.010232,0.395184,0.023178,4.0,0.4463840399002494,2.1875,238
551000.0,4.0,0.4139650872817955,2187.5,3183.3333333333335,-0.004026,0.396918,0.022291,4.0,0.4139650872817955,2.1875,239
550000.0,4.0,0.3640897755610973,2216.6666666666665,3512.5,0.001889,0.39891,0.021392,4.0,0.3640897755610973,2.2166666666666663,240
549000.0,3.0,0.33915211970074816,2216.6666666666665,3512.5,0.007192,0.401106,0.020519,3.0,0.33915211970074816,2.2166666666666663,241
548000.0,3.0,0.3640897755610973,2216.6666666666665,3750.0,0.011462,0.403456,0.019676,3.0,0.3640897755610973,2.2166666666666663,242
547000.0,3.0,0.4139650872817955,2216.6666666666665,3750.0,0.014475,0.405896,0.01874,3.0,0.4139650872817955,2.2166666666666663,243
546000.0,3.0,0.4314214463840399,2216.6666666666665,3750.0,0.016286,0.408358,0.017947,3.0,0.4314214463840399,2.2166666666666663,244
545000.0,3.0,0.4314214463840399,3133.3333333333335,3750.0,0.016822,0.410785,0.01711,3.0,0.4314214463840399,3.1333333333333333,245
544000.0,2.0,0.4488778054862843,3133.3333333333335,3750.0,0.016261,0.413113,0.016292,2.0,0.4488778054862843,3.1333333333333333,246
543000.0,3.0,0.4763092269326683,3133.3333333333335,3750.0,0.014866,0.415283,0.015555,3.0,0.4763092269326683,3.1333333333333333,247
542000.0,3.0,0.4763092269326683,3133.3333333333335,4100.0,0.012833,0.417248,0.014847,3.0,0.4763092269326683,3.1333333333333333,248
541000.0,3.0,0.46384039900249374,3133.3333333333335,4016.6666666666665,0.010329,0.418965,0.014194,3.0,0.46384039900249374,3.1333333333333333,249
540000.0,3.0,0.4139650872817955,3925.0,4016.6666666666665,0.00773,0.420394,0.013606,3.0,0.4139650872817955,3.925,250
539000.0,2.0,0.4239401496259352,3925.0,4016.6666666666665,0.005032,0.421511,0.013098,2.0,0.4239401496259352,3.925,251
538000.0,2.0,0.47381546134663344,3925.0,4016.6666666666665,0.002402,0.422294,0.012715,2.0,0.47381546134663344,3.925,252
537000.0,2.0,0.5236907730673317,3733.3333333333335,4175.0,-3.9e-05,0.422726,0.012365,2.0,0.5236907730673317,3.7333333333333334,253
536000.0,3.0,0.5660847880299252,3733.3333333333335,4175.0,-0.00236,0.422809,0.012181,3.0,0.5660847880299252,3.7333333333333334,254
535000.0,3.0,0.5211970074812967,3733.3333333333335,4175.0,-0.004603,0.422536,0.012144,3.0,0.5211970074812967,3.7333333333333334,255
534000.0,3.0,0.4713216957605985,4175.0,3783.3333333333335,-0.006583,0.421918,0.012126,3.0,0.4713216957605985,4.175,256
533000.0,2.0,0.42643391521197005,4175.0,3783.3333333333335,-0.008589,0.420973,0.012337,2.0,0.42643391521197005,4.175,257
532000.0,2.0,0.4763092269326683,3316.6666666666665,3783.3333333333335,-0.010384,0.41972,0.012629,2.0,0.4763092269326683,3.3166666666666664,258
531000.0,3.0,0.5037406483790524,3316.6666666666665,3783.3333333333335,-0.011968,0.418193,0.013001,3.0,0.5037406483790524,3.3166666666666664,259
530000.0,3.0,0.5037406483790524,3316.6666666666665,3000.0,-0.013248,0.416433,0.013491,3.0,0.5037406483790524,3.3166666666666664,260
529000.0,3.0,0.516209476309227,3316.6666666666665,3000.0,-0.014095,0.41448,0.0141,3.0,0.516209476309227,3.3166666666666664,261
528000.0,4.0,0.5236907730673317,2687.5,3000.0,-0.014226,0.412388,0.014703,4.0,0.5236907730673317,2.6875,262
527000.0,4.0,0.47381546134663344,2687.5,2837.5,-0.013635,0.410211,0.015427,4.0,0.47381546134663344,2.6875,263
526000.0,4.0,0.4239401496259352,2687.5,2837.5,-0.012074,0.408003,0.01617,4.0,0.4239401496259352,2.6875,264
525000.0,4.0,0.4239401496259352,1916.6666666666667,2837.5,-0.009454,0.40582,0.016948,4.0,0.4239401496259352,1.9166666666666667,265
524000.0,4.0,0.4239401496259352,1916.6666666666667,2837.5,-0.005894,0.403718,0.017773,4.0,0.4239401496259352,1.9166666666666667,266
523000.0,3.0,0.44389027431421446,2562.5,2837.5,-0.001451,0.401741,0.01857,3.0,0.44389027431421446,2.5625,267
522000.0,3.0,0.4937655860349127,2562.5,2837.5,0.003694,0.39994,0.019485,3.0,0.4937655860349127,2.5625,268
521000.0,4.0,0.5211970074812967,2562.5,2500.0,0.009011,0.398352,0.020282,4.0,0.5211970074812967,2.5625,269
520000.0,4.0,0.5211970074812967,2562.5,2500.0,0.01419,0.397006,0.021153,4.0,0.5211970074812967,2.5625,270
519000.0,4.0,0.49625935162094764,2562.5,2800.0,0.018739,0.395931,0.022067,4.0,0.49625935162094764,2.5625,271
518000.0,4.0,0.4463840399002494,2562.5,2800.0,0.022018,0.395145,0.022876,4.0,0.4463840399002494,2.5625,272
517000.0,4.0,0.4314214463840399,1987.5,2800.0,0.023718,0.394657,0.023719,4.0,0.4314214463840399,1.9875,273
516000.0,4.0,0.40648379052369077,1987.5,2440.0,0.023545,0.394471,0.024603,4.0,0.40648379052369077,1.9875,274
515000.0,4.0,0.4339152119700748,1987.5,2440.0,0.021143,0.394585,0.025355,4.0,0.4339152119700748,1.9875,275
514000.0,4.0,0.4837905236907731,1987.5,2300.0,0.016816,0.394985,0.026188,4.0,0.4837905236907731,1.9875,276
513000.0,4.0,0.5311720698254364,2460.0,2300.0,0.010657,0.395657,0.026921,4.0,0.5311720698254364,2.46,277
512000.0,4.0,0.5311720698254364,2675.0,2300.0,0.003154,0.396574,0.027682,4.0,0.5311720698254364,2.675,278
511000.0,4.0,0.543640897755611,2675.0,2300.0,-0.005058,0.397706,0.028396,4.0,0.543640897755611,2.675,279
510000.0,4.0,0.543640897755611,2675.0,2350.0,-0.013166,0.399019,0.029028,4.0,0.543640897755611,2.675,280
509000.0,4.0,0.5336658354114713,2675.0,2725.0,-0.020619,0.400475,0.029747,4.0,0.5336658354114713,2.675,281
508000.0,3.0,0.5012468827930174,3300.0,2725.0,-0.026432,0.402033,0.030315,3.0,0.5012468827930174,3.3,282
507000.0,3.0,0.513715710723192,3300.0,2850.0,-0.030152,0.403653,0.030878,3.0,0.513715710723192,3.3,283
506000.0,3.0,0.5635910224438903,3300.0,2850.0,-0.031363,0.405296,0.031454,3.0,0.5635910224438903,3.3,284
505000.0,3.0,0.5660847880299252,3350.0,2850.0,-0.029755,0.406922,0.031926,3.0,0.5660847880299252,3.35,285
504000.0,3.0,0.5660847880299252,3350.0,2850.0,-0.02546,0.408501,0.032366,3.0,0.5660847880299252,3.35,286
503000.0,4.0,0.5311720698254364,2966.6666666666665,2350.0,-0.018852,0.410003,0.032812,4.0,0.5311720698254364,2.9666666666666663,287
502000.0,5.0,0.5187032418952618,2400.0,2350.0,-0.010352,0.411399,0.03317,5.0,0.5187032418952618,2.4,288
501000.0,4.0,0.48877805486284287,2400.0,2350.0,-0.000747,0.412672,0.033525,4.0,0.48877805486284287,2.4,289
500000.0,4.0,0.48877805486284287,2400.0,2330.0,0.009023,0.413798,0.033783,4.0,0.48877805486284287,2.4,290
499000.0,4.0,0.5261845386533666,2400.0,1987.5,0.018262,0.414763,0.034077,4.0,0.5261845386533666,2.4,291
498000.0,4.0,0.5760598503740648,2400.0,1987.5,0.025972,0.415552,0.034277,4.0,0.5760598503740648,2.4,292
497000.0,4.0,0.5935162094763092,2850.0,1987.5,0.031479,0.416152,0.034435,4.0,0.5935162094763092,2.85,293
496000.0,3.0,0.6209476309226932,3787.5,2316.6666666666665,0.034298,0.416554,0.034556,3.0,0.6209476309226932,3.7875,294
495000.0,3.0,0.6458852867830424,3787.5,2316.6666666666665,0.034179,0.416752,0.034685,3.0,0.6458852867830424,3.7875,295
494000.0,3.0,0.6458852867830424,3787.5,2316.6666666666665,0.030944,0.416742,0.034669,3.0,0.6458852867830424,3.7875,296
493000.0,4.0,0.6408977556109726,3600.0,2316.6666666666665,0.025125,0.416526,0.034694,4.0,0.6408977556109726,3.6,297
492000.0,4.0,0.5935162094763092,3600.0,1987.5,0.01706,0.416108,0.034679,4.0,0.5935162094763092,3.6,298
491000.0,4.0,0.5685785536159601,2800.0,1987.5,0.007447,0.415496,0.034554,4.0,0.5685785536159601,2.8,299
490000.0,4.0,0.5685785536159601,2800.0,2180.0,-0.002659,0.414704,0.034463,4.0,0.5685785536159601,2.8,300
489000.0,4.0,0.5685785536159601,2800.0,1762.5,-0.012527,0.413747,0.034273,4.0,0.5685785536159601,2.8,301
488000.0,4.0,0.5985037406483791,2800.0,1762.5,-0.021243,0.412643,0.034108,4.0,0.5985037406483791,2.8,302
487000.0,4.0,0.6384039900249376,2830.0,1762.5,-0.027889,0.41141,0.033827,4.0,0.6384039900249376,2.83,303
486000.0,4.0,0.6384039900249376,2830.0,1762.5,-0.032025,0.410075,0.033548,4.0,0.6384039900249376,2.83,304
485000.0,5.0,0.6084788029925187,2662.5,1762.5,-0.033286,0.408661,0.033286,5.0,0.6084788029925187,2.6625,305
484000.0,5.0,0.5586034912718204,2662.5,1830.0,-0.031425,0.407198,0.032866,5.0,0.5586034912718204,2.6625,306
483000.0,4.0,0.5635910224438903,2662.5,2075.0,-0.026861,0.405714,0.032522,4.0,0.5635910224438903,2.6625,307
482000.0,3.0,0.5760598503740648,2925.0,2075.0,-0.019985,0.404243,0.032126,3.0,0.5760598503740648,2.925,308
481000.0,4.0,0.5935162094763092,2925.0,2075.0,-0.011353,0.402815,0.031672,4.0,0.5935162094763092,2.925,309
480000.0,4.0,0.5960099750623441,2925.0,1900.0,-0.001993,0.401472,0.031215,4.0,0.5960099750623441,2.925,310
479000.0,4.0,0.6109725685785536,2925.0,1900.0,0.007289,0.400244,0.030718,4.0,0.6109725685785536,2.925,311
478000.0,4.0,0.6109725685785536,2790.0,1900.0,0.015696,0.39917,0.030216,4.0,0.6109725685785536,2.79,312
477000.0,5.0,0.57356608478803,2790.0,1900.0,0.022311,0.398281,0.02968,5.0,0.57356608478803,2.79,313
476000.0,5.0,0.5236907730673317,1837.5,2040.0,0.026609,0.397609,0.029054,5.0,0.5236907730673317,1.8375,314
475000.0,5.0,0.47880299251870323,1837.5,2040.0,0.028387,0.397176,0.02855,5.0,0.47880299251870323,1.8375,315
474000.0,5.0,0.47880299251870323,1837.5,2040.0,0.027313,0.397004,0.027877,5.0,0.47880299251870323,1.8375,316
473000.0,4.0,0.48129675810473815,1837.5,2040.0,0.023801,0.397103,0.027246,4.0,0.48129675810473815,1.8375,317
472000.0,4.0,0.5311720698254364,2490.0,2300.0,0.018255,0.397481,0.026655,4.0,0.5311720698254364,2.49,318
471000.0,3.0,0.5586034912718204,3012.5,2300.0,0.011197,0.398132,0.025949,3.0,0.5586034912718204,3.0125,319
470000.0,3.0,0.6084788029925187,3012.5,2083.3333333333335,0.00347,0.399046,0.025313,3.0,0.6084788029925187,3.0125,320
469000.0,4.0,0.6109725685785536,3012.5,2083.3333333333335,-0.004116,0.400202,0.024606,4.0,0.6109725685785536,3.0125,321
468000.0,4.0,0.5835411471321695,3012.5,2275.0,-0.010988,0.401576,0.023938,4.0,0.5835411471321695,3.0125,322
467000.0,4.0,0.5361596009975063,3033.3333333333335,2275.0,-0.016408,0.403132,0.023235,4.0,0.5361596009975063,3.0333333333333337,323
466000.0,4.0,0.5361596009975063,3033.3333333333335,2275.0,-0.019926,0.404833,0.022478,4.0,0.5361596009975063,3.0333333333333337,324
465000.0,3.0,0.5635910224438903,3033.3333333333335,2275.0,-0.021465,0.406637,0.021796,3.0,0.5635910224438903,3.0333333333333337,325
464000.0,3.0,0.6134663341645885,3600.0,2333.3333333333335,-0.020891,0.408494,0.021075,3.0,0.6134663341645885,3.6,326
463000.0,3.0,0.6433915211970075,3600.0,2333.3333333333335,-0.018365,0.410358,0.020275,3.0,0.6433915211970075,3.6,327
462000.0,3.0,0.6433915211970075,4216.666666666667,2333.3333333333335,-0.014441,0.412175,0.01961,3.0,0.6433915211970075,4.216666666666667,328
461000.0,3.0,0.6384039900249376,4216.666666666667,2333.3333333333335,-0.009398,0.413895,0.018842,3.0,0.6384039900249376,4.216666666666667,329
460000.0,3.0,0.6384039900249376,4216.666666666667,2533.3333333333335,-0.00385,0.415471,0.01811,3.0,0.6384039900249376,4.216666666666667,330
459000.0,3.0,0.6134663341645885,4216.666666666667,2533.3333333333335,0.00156,0.416854,0.017375,3.0,0.6134663341645885,4.216666666666667,331
458000.0,4.0,0.6084788029925187,3916.6666666666665,2533.3333333333335,0.006446,0.417999,0.016674,4.0,0.6084788029925187,3.9166666666666665,332
457000.0,3.0,0.6034912718204489,3916.6666666666665,2112.5,0.010377,0.418873,0.015947,3.0,0.6034912718204489,3.9166666666666665,333
456000.0,4.0,0.6458852867830424,3187.5,1950.0,0.012914,0.419444,0.015229,4.0,0.6458852867830424,3.1875,334
455000.0,4.0,0.6433915211970075,3187.5,1800.0,0.014109,0.419687,0.014539,4.0,0.6433915211970075,3.1875,335
454000.0,4.0,0.6309226932668329,3187.5,1800.0,0.013842,0.419594,0.013872,4.0,0.6309226932668329,3.1875,336
453000.0,5.0,0.6234413965087282,2860.0,1800.0,0.012212,0.419156,0.013161,5.0,0.6234413965087282,2.86,337
452000.0,5.0,0.57356608478803,2300.0,1800.0,0.009559,0.418377,0.012507,5.0,0.57356608478803,2.3,338
451000.0,5.0,0.5236907730673317,2300.0,1800.0,0.006227,0.417276,0.011891,5.0,0.5236907730673317,2.3,339
450000.0,5.0,0.47381546134663344,2300.0,1800.0,0.002462,0.415869,0.011225,5.0,0.47381546134663344,2.3,340
449000.0,4.0,0.4688279301745636,2300.0,1800.0,-0.001146,0.414189,0.010646,4.0,0.4688279301745636,2.3,341
448000.0,4.0,0.4688279301745636,2300.0,1450.0,-0.004293,0.412276,0.010049,4.0,0.4688279301745636,2.3,342
447000.0,4.0,0.4688279301745636,2300.0,3737.5,-0.006776,0.410171,0.009539,4.0,0.4688279301745636,2.3,343
446000.0,4.0,0.41895261845386533,2300.0,3737.5,-0.008165,0.407926,0.009001,4.0,0.41895261845386533,2.3,344
445000.0,4.0,0.3690773067331671,2300.0,3737.5,-0.008486,0.405606,0.008512,4.0,0.3690773067331671,2.3,345
444000.0,4.0,0.3192019950124688,1300.0,3737.5,-0.007815,0.403265,0.008155,4.0,0.3192019950124688,1.3,346
443000.0,4.0,0.26932668329177056,1300.0,3737.5,-0.006086,0.400974,0.007711,4.0,0.26932668329177056,1.3,347
442000.0,4.0,0.24438902743142144,1300.0,3737.5,-0.003722,0.398805,0.007413,4.0,0.24438902743142144,1.3,348
441000.0,4.0,0.2543640897755611,1225.0,3737.5,-0.001016,0.396817,0.00717,4.0,0.2543640897755611,1.225,349
440000.0,4.0,0.26184538653366585,1225.0,3512.5,0.001772,0.395078,0.006968,4.0,0.26184538653366585,1.225,350
439000.0,4.0,0.2892768079800499,1225.0,3512.5,0.004197,0.393648,0.006849,4.0,0.2892768079800499,1.225,351
438000.0,3.0,0.29177057356608477,1687.5,3512.5,0.005886,0.392568,0.00678,3.0,0.29177057356608477,1.6875,352
437000.0,3.0,0.3341645885286783,1687.5,4400.0,0.006807,0.39188,0.006846,3.0,0.3341645885286783,1.6875,353
436000.0,3.0,0.2942643391521197,1916.6666666666667,4400.0,0.006628,0.391608,0.00691,3.0,0.2942643391521197,1.9166666666666667,354
435000.0,3.0,0.2942643391521197,1916.6666666666667,5925.0,0.005461,0.39176,0.007052,3.0,0.2942643391521197,1.9166666666666667,355
434000.0,3.0,0.2593516209476309,1916.6666666666667,5483.333333333333,0.003479,0.392336,0.007277,3.0,0.2593516209476309,1.9166666666666667,356
433000.0,2.0,0.2144638403990025,2100.0,5483.333333333333,0.000883,0.39332,0.007545,2.0,0.2144638403990025,2.1,357
432000.0,3.0,0.2194513715710723,1416.6666666666667,4162.5,-0.002057,0.394679,0.007805,3.0,0.2194513715710723,1.4166666666666667,358
431000.0,4.0,0.26184538653366585,1262.5,4162.5,-0.004776,0.396377,0.008154,4.0,0.26184538653366585,1.2625,359
430000.0,5.0,0.29925187032418954,1040.0,2808.3333333333335,-0.007123,0.398367,0.008511,5.0,0.29925187032418954,1.04,360
429000.0,6.0,0.3341645885286783,1050.0,2442.8571428571427,-0.008693,0.400584,0.00891,6.0,0.3341645885286783,1.05,361
428000.0,6.0,0.38403990024937656,1185.7142857142858,2442.8571428571427,-0.009197,0.402976,0.009267,6.0,0.38403990024937656,1.1857142857142857,362
427000.0,7.0,0.4314214463840399,1185.7142857142858,1083.3333333333333,-0.00867,0.405475,0.009707,7.0,0.4314214463840399,1.1857142857142857,363
426000.0,7.0,0.4314214463840399,1185.7142857142858,1142.857142857143,-0.007032,0.408012,0.010139,7.0,0.4314214463840399,1.1857142857142857,364
425000.0,7.0,0.456359102244389,1125.0,1142.857142857143,-0.004438,0.410527,0.010514,7.0,0.456359102244389,1.125,365
424000.0,8.0,0.4688279301745636,1125.0,1131.25,-0.001167,0.412956,0.010964,8.0,0.4688279301745636,1.125,366
423000.0,9.0,0.4937655860349127,1050.0,1131.25,0.002401,0.415234,0.011374,9.0,0.4937655860349127,1.05,367
422000.0,9.0,0.48129675810473815,1050.0,1105.5555555555557,0.006044,0.417316,0.011771,9.0,0.48129675810473815,1.05,368
421000.0,9.0,0.4713216957605985,988.8888888888889,1050.0,0.009153,0.419147,0.012165,9.0,0.4713216957605985,0.9888888888888889,369
420000.0,10.0,0.5012468827930174,965.0,1027.7777777777778,0.011543,0.420688,0.012557,10.0,0.5012468827930174,0.965,370
419000.0,10.0,0.4713216957605985,931.8181818181819,1010.0,0.012886,0.421912,0.012937,10.0,0.4713216957605985,0.9318181818181819,371
418000.0,11.0,0.4389027431421446,705.0,972.7272727272727,0.012976,0.422792,0.013295,11.0,0.4389027431421446,0.705,372
417000.0,12.0,0.4339152119700748,727.2727272727273,972.7272727272727,0.01173,0.423312,0.01359,12.0,0.4339152119700748,0.7272727272727273,373
416000.0,11.0,0.42643391521197005,727.2727272727273,1012.5,0.009383,0.423473,0.014,11.0,0.42643391521197005,0.7272727272727273,374
415000.0,11.0,0.456359102244389,720.8333333333334,1012.5,0.005879,0.423273,0.014242,11.0,0.456359102244389,0.7208333333333333,375
414000.0,12.0,0.47880299251870323,703.8461538461538,670.8333333333334,0.001725,0.422726,0.014537,12.0,0.47880299251870323,0.7038461538461538,376
413000.0,13.0,0.48877805486284287,703.8461538461538,692.3076923076923,-0.002725,0.421848,0.014836,13.0,0.48877805486284287,0.7038461538461538,377
412000.0,12.0,0.5236907730673317,758.3333333333334,692.3076923076923,-0.007143,0.420661,0.015056,12.0,0.5236907730673317,0.7583333333333334,378
411000.0,11.0,0.5311720698254364,845.8333333333334,733.3333333333334,-0.010964,0.419194,0.015279,11.0,0.5311720698254364,0.8458333333333333,379
410000.0,12.0,0.5236907730673317,866.6666666666666,800.0,-0.013816,0.417481,0.01548,12.0,0.5236907730673317,0.8666666666666666,380
409000.0,12.0,0.516209476309227,816.6666666666666,818.1818181818181,-0.015474,0.415557,0.015664,12.0,0.516209476309227,0.8166666666666667,381
408000.0,12.0,0.46633416458852867,709.0909090909091,818.1818181818181,-0.015622,0.413464,0.015795,12.0,0.46633416458852867,0.7090909090909091,382
407000.0,11.0,0.4164588528678304,709.0909090909091,1008.3333333333334,-0.014268,0.411247,0.015899,11.0,0.4164588528678304,0.7090909090909091,383
406000.0,11.0,0.4164588528678304,709.0909090909091,963.6363636363636,-0.011532,0.408948,0.016007,11.0,0.4164588528678304,0.7090909090909091,384
405000.0,11.0,0.44389027431421446,710.0,963.6363636363636,-0.007645,0.406622,0.016059,11.0,0.44389027431421446,0.71,385
404000.0,10.0,0.47880299251870323,840.9090909090909,955.0,-0.002909,0.404319,0.01604,10.0,0.47880299251870323,0.8409090909090908,386
403000.0,10.0,0.46384039900249374,880.0,955.0,0.002017,0.402084,0.016067,10.0,0.46384039900249374,0.88,387
402000.0,10.0,0.456359102244389,880.0,1045.0,0.00684,0.39997,0.016003,10.0,0.456359102244389,0.88,388
401000.0,9.0,0.4837905236907731,927.7777777777778,1100.0,0.010923,0.398021,0.015906,9.0,0.4837905236907731,0.9277777777777778,389
400000.0,9.0,0.49625935162094764,1055.5555555555557,1100.0,0.013871,0.396273,0.01581,9.0,0.49625935162094764,1.0555555555555556,390
399000.0,9.0,0.47880299251870323,1112.5,1131.25,0.015375,0.394763,0.015633,9.0,0.47880299251870323,1.1125,391
398000.0,8.0,0.4613466334164589,1112.5,1325.0,0.015353,0.393519,0.015498,8.0,0.4613466334164589,1.1125,392
397000.0,8.0,0.44139650872817954,1018.75,1200.0,0.013662,0.392558,0.015211,8.0,0.44139650872817954,1.01875,393
396000.0,8.0,0.4912718204488778,1066.6666666666667,1168.75,0.010722,0.391897,0.015013,8.0,0.4912718204488778,1.0666666666666667,394
395000.0,9.0,0.47381546134663344,1118.75,1168.75,0.006713,0.39155,0.014746,9.0,0.47381546134663344,1.11875,395
394000.0,8.0,0.4513715710723192,1207.142857142857,1406.25,0.002171,0.391513,0.014383,8.0,0.4513715710723192,1.207142857142857,396
393000.0,8.0,0.4488778054862843,1075.0,1471.4285714285713,-0.002407,0.391791,0.01409,8.0,0.4488778054862843,1.075,397
392000.0,8.0,0.44389027431421446,1075.0,1343.75,-0.006493,0.392377,0.013717,8.0,0.44389027431421446,1.075,398
391000.0,8.0,0.44389027431421446,964.2857142857143,1343.75,-0.009737,0.393259,0.013299,8.0,0.44389027431421446,0.9642857142857143,399
390000.0,6.0,0.46384039900249374,1058.3333333333333,1507.142857142857,-0.011723,0.394422,0.012893,6.0,0.46384039900249374,1.0583333333333333,400
389000.0,5.0,0.486284289276808,1875.0,1683.3333333333333,-0.012348,0.395845,0.012414,5.0,0.486284289276808,1.875,401
388000.0,5.0,0.5361596009975063,1875.0,1683.3333333333333,-0.011649,0.397496,0.011948,5.0,0.5361596009975063,1.875,402
387000.0,6.0,0.5760598503740648,1875.0,1400.0,-0.009725,0.399346,0.011403,6.0,0.5760598503740648,1.875,403
386000.0,6.0,0.5760598503740648,1875.0,1400.0,-0.006924,0.401359,0.010825,6.0,0.5760598503740648,1.875,404
385000.0,6.0,0.5286783042394015,1875.0,1725.0,-0.003653,0.403491,0.010319,6.0,0.5286783042394015,1.875,405
384000.0,6.0,0.47880299251870323,1820.0,1725.0,-0.000268,0.405703,0.00963,6.0,0.47880299251870323,1.82,406
383000.0,5.0,0.5062344139650873,1820.0,1725.0,0.002761,0.407953,0.009049,5.0,0.5062344139650873,1.82,407
382000.0,5.0,0.5561097256857855,1866.6666666666667,1710.0,0.005095,0.410193,0.008425,5.0,0.5561097256857855,1.8666666666666667,408
381000.0,6.0,0.5286783042394015,1866.6666666666667,1533.3333333333333,0.006557,0.412385,0.007766,6.0,0.5286783042394015,1.8666666666666667,409
380000.0,6.0,0.5261845386533666,1750.0,1533.3333333333333,0.006972,0.414488,0.007124,6.0,0.5261845386533666,1.75,410
379000.0,6.0,0.5386533665835411,1750.0,1421.4285714285713,0.006413,0.416461,0.006494,6.0,0.5386533665835411,1.75,411
378000.0,7.0,0.5685785536159601,1571.4285714285713,1150.0,0.005014,0.418268,0.005904,7.0,0.5685785536159601,1.5714285714285714,412
377000.0,7.0,0.5760598503740648,1635.7142857142858,1308.3333333333333,0.003065,0.419879,0.005334,7.0,0.5760598503740648,1.6357142857142857,413
376000.0,7.0,0.5261845386533666,1666.6666666666667,1421.4285714285713,0.000821,0.421255,0.004816,7.0,0.5261845386533666,1.6666666666666667,414
375000.0,6.0,0.5236907730673317,1666.6666666666667,1421.4285714285713,-0.001273,0.422368,0.00448,6.0,0.5236907730673317,1.6666666666666667,415
374000.0,6.0,0.57356608478803,1628.5714285714287,1258.3333333333333,-0.002989,0.423195,0.004219,6.0,0.57356608478803,1.6285714285714286,416
373000.0,6.0,0.5810473815461347,1875.0,1164.2857142857142,-0.004002,0.423706,0.004155,6.0,0.5810473815461347,1.875,417
372000.0,7.0,0.5860349127182045,1700.0,1135.7142857142858,-0.004188,0.423886,0.004298,7.0,0.5860349127182045,1.7,418
371000.0,8.0,0.5660847880299252,1568.75,1037.5,-0.003445,0.42372,0.004592,8.0,0.5660847880299252,1.56875,419
370000.0,9.0,0.5386533665835411,1438.888888888889,1037.5,-0.001949,0.423199,0.0051,9.0,0.5386533665835411,1.4388888888888889,420
369000.0,9.0,0.48877805486284287,943.75,1037.5,0.000255,0.422324,0.005604,9.0,0.48877805486284287,0.94375,421
368000.0,9.0,0.4389027431421446,943.75,1338.888888888889,0.002703,0.421106,0.00629,9.0,0.4389027431421446,0.94375,422
367000.0,8.0,0.39650872817955113,943.75,1338.888888888889,0.005202,0.419558,0.007047,8.0,0.39650872817955113,0.94375,423
366000.0,8.0,0.4339152119700748,943.75,1338.888888888889,0.007259,0.417712,0.007766,8.0,0.4339152119700748,0.94375,424
365000.0,8.0,0.4837905236907731,943.75,1087.5,0.008606,0.415601,0.008607,8.0,0.4837905236907731,0.94375,425
364000.0,8.0,0.5336658354114713,1333.3333333333333,1087.5,0.008895,0.413264,0.009421,8.0,0.5336658354114713,1.3333333333333333,426
363000.0,8.0,0.5461346633416458,1333.3333333333333,1087.5,0.008029,0.410755,0.010315,8.0,0.5461346633416458,1.3333333333333333,427
362000.0,9.0,0.5336658354114713,1237.5,1087.5,0.005925,0.40813,0.01116,9.0,0.5336658354114713,1.2375,428
361000.0,9.0,0.5311720698254364,1133.3333333333333,1062.5,0.002727,0.405442,0.012031,9.0,0.5311720698254364,1.1333333333333333,429
360000.0,9.0,0.4937655860349127,1125.0,1077.7777777777778,-0.001271,0.402762,0.012987,9.0,0.4937655860349127,1.125,430
359000.0,9.0,0.5012468827930174,1066.6666666666667,1061.111111111111,-0.005666,0.400152,0.013802,9.0,0.5012468827930174,1.0666666666666667,431
358000.0,8.0,0.516209476309227,1137.5,1162.5,-0.009995,0.397681,0.014723,8.0,0.516209476309227,1.1375,432
357000.0,7.0,0.5311720698254364,1207.142857142857,1162.5,-0.013645,0.395418,0.015601,7.0,0.5311720698254364,1.207142857142857,433
356000.0,7.0,0.5810473815461347,1687.5,1028.5714285714287,-0.016195,0.393427,0.016469,7.0,0.5810473815461347,1.6875,434
355000.0,7.0,0.6234413965087282,1687.5,1028.5714285714287,-0.017168,0.391768,0.017327,7.0,0.6234413965087282,1.6875,435
354000.0,7.0,0.6234413965087282,1728.5714285714287,1028.5714285714287,-0.016341,0.390499,0.018161,7.0,0.6234413965087282,1.7285714285714286,436
353000.0,7.0,0.6184538653366584,1728.5714285714287,1100.0,-0.01362,0.38966,0.019023,7.0,0.6184538653366584,1.7285714285714286,437
352000.0,6.0,0.5835411471321695,1908.3333333333333,1270.0,-0.009231,0.38928,0.019834,6.0,0.5835411471321695,1.9083333333333332,438
351000.0,5.0,0.5511221945137157,2160.0,1910.0,-0.003428,0.389384,0.020598,5.0,0.5511221945137157,2.16,439
350000.0,4.0,0.5361596009975063,2600.0,1910.0,0.003116,0.389964,0.021445,4.0,0.5361596009975063,2.6,440
349000.0,4.0,0.5860349127182045,2600.0,1910.0,0.009848,0.391006,0.022182,4.0,0.5860349127182045,2.6,441
348000.0,4.0,0.6359102244389028,2600.0,1450.0,0.015961,0.392485,0.022906,4.0,0.6359102244389028,2.6,442
347000.0,4.0,0.685785536159601,2980.0,1450.0,0.020893,0.39435,0.023692,4.0,0.685785536159601,2.98,443
346000.0,4.0,0.7007481296758105,2980.0,1450.0,0.023955,0.396545,0.024359,4.0,0.7007481296758105,2.98,444
345000.0,5.0,0.683291770573566,2980.0,1220.0,0.024895,0.399011,0.025086,5.0,0.683291770573566,2.98,445
344000.0,6.0,0.655860349127182,2220.0,1220.0,0.023431,0.401667,0.025727,6.0,0.655860349127182,2.22,446
343000.0,6.0,0.6109725685785536,2220.0,1250.0,0.019702,0.404441,0.026397,6.0,0.6109725685785536,2.22,447
342000.0,5.0,0.6209476309226932,2220.0,1250.0,0.013974,0.407257,0.027039,5.0,0.6209476309226932,2.22,448
341000.0,4.0,0.6533665835411472,2720.0,1410.0,0.006731,0.410034,0.027606,4.0,0.6533665835411472,2.72,449
340000.0,5.0,0.685785536159601,2720.0,1462.5,-0.001378,0.412699,0.028215,5.0,0.685785536159601,2.72,450
339000.0,4.0,0.6583541147132169,3250.0,1612.5,-0.009682,0.415185,0.028811,4.0,0.6583541147132169,3.25,451
338000.0,5.0,0.6359102244389028,2640.0,1410.0,-0.017354,0.417422,0.02927,5.0,0.6359102244389028,2.64,452
337000.0,6.0,0.6134663341645885,2300.0,1410.0,-0.023827,0.419359,0.029858,6.0,0.6134663341645885,2.3,453
336000.0,6.0,0.5635910224438903,1750.0,1410.0,-0.028416,0.420948,0.030333,6.0,0.5635910224438903,1.75,454
335000.0,6.0,0.513715710723192,1750.0,1700.0,-0.030721,0.422149,0.030795,6.0,0.513715710723192,1.75,455
334000.0,6.0,0.4763092269326683,1750.0,1700.0,-0.030518,0.422937,0.031251,6.0,0.4763092269326683,1.75,456
333000.0,6.0,0.49875311720698257,1616.6666666666667,1700.0,-0.027775,0.423298,0.031691,6.0,0.49875311720698257,1.6166666666666667,457
332000.0,6.0,0.49875311720698257,1616.6666666666667,1764.2857142857142,-0.022587,0.423221,0.032109,6.0,0.49875311720698257,1.6166666666666667,458
331000.0,6.0,0.5012468827930174,1616.6666666666667,1466.6666666666667,-0.015497,0.42272,0.032477,6.0,0.5012468827930174,1.6166666666666667,459
330000.0,6.0,0.5461346633416458,1616.6666666666667,1466.6666666666667,-0.006873,0.421811,0.032868,6.0,0.5461346633416458,1.6166666666666667,460
329000.0,6.0,0.5461346633416458,1942.857142857143,1466.6666666666667,0.002487,0.42052,0.033241,6.0,0.5461346633416458,1.9428571428571428,461
328000.0,6.0,0.5461346633416458,1942.857142857143,1466.6666666666667,0.011823,0.418892,0.033554,6.0,0.5461346633416458,1.9428571428571428,462
327000.0,7.0,0.5411471321695761,1516.6666666666667,1466.6666666666667,0.020423,0.416972,0.033867,7.0,0.5411471321695761,1.5166666666666668,463
326000.0,7.0,0.4912718204488778,1516.6666666666667,1466.6666666666667,0.027487,0.414812,0.034212,7.0,0.4912718204488778,1.5166666666666668,464
325000.0,6.0,0.45885286783042395,1516.6666666666667,1791.6666666666667,0.032374,0.412482,0.034447,6.0,0.45885286783042395,1.5166666666666668,465
324000.0,6.0,0.4538653366583541,1450.0,1585.7142857142858,0.034669,0.410043,0.034733,6.0,0.4538653366583541,1.45,466
323000.0,6.0,0.5012468827930174,1450.0,1616.6666666666667,0.034076,0.407561,0.034979,6.0,0.5012468827930174,1.45,467
322000.0,6.0,0.5012468827930174,1450.0,1616.6666666666667,0.030546,0.405111,0.035202,6.0,0.5012468827930174,1.45,468
321000.0,6.0,0.5012468827930174,1716.6666666666667,1616.6666666666667,0.024407,0.402756,0.035415,6.0,0.5012468827930174,1.7166666666666668,469
320000.0,5.0,0.5112219451371571,1716.6666666666667,1616.6666666666667,0.016074,0.400562,0.035579,5.0,0.5112219451371571,1.7166666666666668,470
319000.0,6.0,0.5286783042394015,1716.6666666666667,1700.0,0.006196,0.398592,0.035806,6.0,0.5286783042394015,1.7166666666666668,471
318000.0,5.0,0.513715710723192,2020.0,2080.0,-0.004246,0.396899,0.035905,5.0,0.513715710723192,2.02,472
317000.0,4.0,0.48877805486284287,2375.0,2080.0,-0.014479,0.395526,0.036043,4.0,0.48877805486284287,2.375,473
316000.0,5.0,0.5336658354114713,2090.0,2080.0,-0.023535,0.394512,0.036191,5.0,0.5336658354114713,2.09,474
315000.0,5.0,0.5336658354114713,2090.0,1840.0,-0.030563,0.393874,0.036257,5.0,0.5336658354114713,2.09,475
314000.0,5.0,0.5286783042394015,2090.0,1840.0,-0.034981,0.393627,0.036318,5.0,0.5286783042394015,2.09,476
313000.0,4.0,0.5386533665835411,2375.0,1840.0,-0.036401,0.393767,0.036409,4.0,0.5386533665835411,2.375,477
312000.0,4.0,0.5885286783042394,2430.0,1762.5,-0.034596,0.394276,0.03641,4.0,0.5885286783042394,2.43,478
311000.0,5.0,0.6184538653366584,2430.0,1762.5,-0.029875,0.395128,0.036439,5.0,0.6184538653366584,2.43,479
310000.0,5.0,0.5685785536159601,2430.0,1820.0,-0.022573,0.396289,0.036418,5.0,0.5685785536159601,2.43,480
309000.0,5.0,0.5336658354114713,2062.5,1820.0,-0.013364,0.397712,0.0364,5.0,0.5336658354114713,2.0625,481
308000.0,5.0,0.5336658354114713,2030.0,1820.0,-0.003078,0.399351,0.036378,5.0,0.5336658354114713,2.03,482
307000.0,5.0,0.5187032418952618,2030.0,1820.0,0.007359,0.401152,0.036241,5.0,0.5187032418952618,2.03,483
306000.0,5.0,0.5187032418952618,2030.0,1816.6666666666667,0.017162,0.403062,0.036233,5.0,0.5187032418952618,2.03,484
305000.0,6.0,0.5386533665835411,1750.0,1730.0,0.025411,0.405029,0.036089,6.0,0.5386533665835411,1.75,485
304000.0,5.0,0.543640897755611,2050.0,1780.0,0.031473,0.407003,0.035931,5.0,0.543640897755611,2.05,486
303000.0,5.0,0.543640897755611,2050.0,1780.0,0.034969,0.408931,0.035828,5.0,0.543640897755611,2.05,487
302000.0,5.0,0.543640897755611,2200.0,1780.0,0.035544,0.410772,0.03562,5.0,0.543640897755611,2.2,488
301000.0,6.0,0.5211970074812967,1760.0,1780.0,0.033279,0.412481,0.035395,6.0,0.5211970074812967,1.76,489
300000.0,6.0,0.4713216957605985,1760.0,1780.0,0.028473,0.414024,0.035193,6.0,0.4713216957605985,1.76,490
299000.0,5.0,0.4513715710723192,1760.0,2091.6666666666665,0.021442,0.415372,0.034891,5.0,0.4513715710723192,1.76,491
298000.0,5.0,0.4513715710723192,1760.0,2010.0,0.012902,0.416498,0.034645,5.0,0.4513715710723192,1.76,492
297000.0,5.0,0.486284289276808,1760.0,2010.0,0.00355,0.417386,0.034269,5.0,0.486284289276808,1.76,493
296000.0,4.0,0.48877805486284287,1930.0,2010.0,-0.005889,0.418025,0.033957,4.0,0.48877805486284287,1.93,494
295000.0,5.0,0.4937655860349127,1930.0,1800.0,-0.014685,0.418409,0.033583,5.0,0.4937655860349127,1.93,495
294000.0,6.0,0.5361596009975063,1750.0,1800.0,-0.022065,0.418537,0.03315,6.0,0.5361596009975063,1.75,496
293000.0,6.0,0.486284289276808,1750.0,1800.0,-0.02764,0.418416,0.032731,6.0,0.486284289276808,1.75,497
292000.0,6.0,0.43640897755610975,1570.0,1866.6666666666667,-0.030944,0.418053,0.0323,6.0,0.43640897755610975,1.57,498
291000.0,5.0,0.44389027431421446,1541.6666666666667,1866.6666666666667,-0.031772,0.417459,0.031775,5.0,0.44389027431421446,1.5416666666666667,499
290000.0,6.0,0.4763092269326683,1541.6666666666667,1830.0,-0.030232,0.41665,0.03128,6.0,0.4763092269326683,1.5416666666666667,500
289000.0,7.0,0.47880299251870323,1357.142857142857,1641.6666666666667,-0.026492,0.415641,0.030771,7.0,0.47880299251870323,1.3571428571428572,501
288000.0,7.0,0.428927680798005,1266.6666666666667,1585.7142857142858,-0.020826,0.414449,0.030191,7.0,0.428927680798005,1.2666666666666668,502
287000.0,7.0,0.4239401496259352,1150.0,1431.25,-0.013944,0.413099,0.029637,7.0,0.4239401496259352,1.15,503
286000.0,8.0,0.456359102244389,1093.75,1281.25,-0.006265,0.411607,0.029043,8.0,0.456359102244389,1.09375,504
285000.0,7.0,0.4713216957605985,1200.0,1281.25,0.001607,0.410002,0.028476,7.0,0.4713216957605985,1.2,505
284000.0,7.0,0.5012468827930174,1368.75,1378.5714285714287,0.0089,0.408307,0.027834,7.0,0.5012468827930174,1.36875,506
283000.0,8.0,0.49625935162094764,1368.75,1378.5714285714287,0.015294,0.406555,0.027233,8.0,0.49625935162094764,1.36875,507
282000.0,8.0,0.4463840399002494,1142.857142857143,1378.5714285714287,0.020296,0.404775,0.026658,8.0,0.4463840399002494,1.1428571428571428,508
281000.0,7.0,0.4164588528678304,1142.857142857143,1675.0,0.02354,0.403006,0.026003,7.0,0.4164588528678304,1.1428571428571428,509
280000.0,7.0,0.4164588528678304,1142.857142857143,1675.0,0.025034,0.401281,0.025407,7.0,0.4164588528678304,1.1428571428571428,510
279000.0,7.0,0.4314214463840399,1142.857142857143,1392.857142857143,0.024745,0.399639,0.024845,7.0,0.4314214463840399,1.1428571428571428,511
278000.0,7.0,0.48129675810473815,1142.857142857143,1392.857142857143,0.022731,0.398119,0.024234,7.0,0.48129675810473815,1.1428571428571428,512
277000.0,7.0,0.49625935162094764,1425.0,1392.857142857143,0.019362,0.396758,0.023666,7.0,0.49625935162094764,1.425,513
276000.0,7.0,0.49625935162094764,1371.4285714285713,1392.857142857143,0.014976,0.395589,0.023163,7.0,0.49625935162094764,1.3714285714285714,514
275000.0,7.0,0.49625935162094764,1371.4285714285713,1475.0,0.009754,0.394645,0.022617,7.0,0.49625935162094764,1.3714285714285714,515
274000.0,6.0,0.456359102244389,1458.3333333333333,1507.142857142857,0.004324,0.393951,0.022184,6.0,0.456359102244389,1.4583333333333333,516
273000.0,6.0,0.5062344139650873,1458.3333333333333,1507.142857142857,-0.001134,0.39353,0.021712,6.0,0.5062344139650873,1.4583333333333333,517
272000.0,6.0,0.5561097256857855,1728.5714285714287,1391.6666666666667,-0.006316,0.393401,0.021398,6.0,0.5561097256857855,1.7285714285714286,518
271000.0,6.0,0.5685785536159601,1783.3333333333333,1391.6666666666667,-0.010874,0.393577,0.02105,6.0,0.5685785536159601,1.7833333333333332,519
270000.0,6.0,0.5486284289276808,1783.3333333333333,1378.5714285714287,-0.014666,0.394064,0.020798,6.0,0.5486284289276808,1.7833333333333332,520
269000.0,5.0,0.5511221945137157,1800.0,1491.6666666666667,-0.017671,0.394869,0.020689,5.0,0.5511221945137157,1.8,521
268000.0,6.0,0.5536159600997507,1800.0,1508.3333333333333,-0.019574,0.395987,0.020562,6.0,0.5536159600997507,1.8,522
267000.0,5.0,0.5536159600997507,1816.6666666666667,1740.0,-0.020508,0.397404,0.020563,5.0,0.5536159600997507,1.8166666666666667,523
266000.0,5.0,0.5561097256857855,1825.0,1483.3333333333333,-0.020436,0.399106,0.020703,5.0,0.5561097256857855,1.825,524
265000.0,6.0,0.5286783042394015,1825.0,1550.0,-0.019225,0.401061,0.020851,6.0,0.5286783042394015,1.825,525
264000.0,6.0,0.5211970074812967,1680.0,1550.0,-0.017023,0.403233,0.021132,6.0,0.5211970074812967,1.68,526
263000.0,5.0,0.5236907730673317,1733.3333333333333,1550.0,-0.013882,0.405578,0.021501,5.0,0.5236907730673317,1.7333333333333332,527
262000.0,6.0,0.5336658354114713,1733.3333333333333,1492.857142857143,-0.009796,0.408041,0.021946,6.0,0.5336658354114713,1.7333333333333332,528
261000.0,6.0,0.5635910224438903,1733.3333333333333,1116.6666666666667,-0.004947,0.41056,0.022467,6.0,0.5635910224438903,1.7333333333333332,529
260000.0,6.0,0.6134663341645885,1728.5714285714287,1116.6666666666667,0.000358,0.413081,0.023044,6.0,0.6134663341645885,1.7285714285714286,530
259000.0,7.0,0.6084788029925187,1728.5714285714287,1116.6666666666667,0.006147,0.415531,0.023734,7.0,0.6084788029925187,1.7285714285714286,531
258000.0,7.0,0.5586034912718204,1728.5714285714287,1314.2857142857142,0.011834,0.417848,0.024437,7.0,0.5586034912718204,1.7285714285714286,532
257000.0,7.0,0.5236907730673317,1450.0,1314.2857142857142,0.017207,0.419976,0.025186,7.0,0.5236907730673317,1.45,533
256000.0,7.0,0.5236907730673317,1450.0,1314.2857142857142,0.021934,0.421854,0.026038,7.0,0.5236907730673317,1.45,534
255000.0,6.0,0.5635910224438903,1850.0,1314.2857142857142,0.025546,0.423428,0.026895,6.0,0.5635910224438903,1.85,535
254000.0,6.0,0.6109725685785536,1850.0,1250.0,0.027675,0.424662,0.027735,6.0,0.6109725685785536,1.85,536
253000.0,7.0,0.6109725685785536,1850.0,1250.0,0.028203,0.425509,0.028717,7.0,0.6109725685785536,1.85,537
252000.0,7.0,0.5610972568578554,1600.0,1250.0,0.026708,0.425945,0.029607,7.0,0.5610972568578554,1.6,538
251000.0,7.0,0.5112219451371571,1600.0,1392.857142857143,0.023259,0.425948,0.030559,7.0,0.5112219451371571,1.6,539
250000.0,6.0,0.5286783042394015,1507.142857142857,1392.857142857143,0.017939,0.425501,0.031516,6.0,0.5286783042394015,1.5071428571428571,540
249000.0,8.0,0.543640897755611,1492.857142857143,1125.0,0.010897,0.424606,0.032474,8.0,0.543640897755611,1.4928571428571429,541
248000.0,8.0,0.5461346633416458,1318.75,1092.857142857143,0.002545,0.423273,0.033412,8.0,0.5461346633416458,1.31875,542
247000.0,9.0,0.5361596009975063,1281.25,1106.25,-0.00647,0.421512,0.034358,9.0,0.5361596009975063,1.28125,543
246000.0,9.0,0.5211970074812967,1237.5,1137.5,-0.015656,0.419359,0.035277,9.0,0.5211970074812967,1.2375,544
245000.0,8.0,0.5511221945137157,1211.111111111111,1050.0,-0.024208,0.416855,0.03623,8.0,0.5511221945137157,1.211111111111111,545
244000.0,9.0,0.543640897755611,1211.111111111111,966.6666666666666,-0.031326,0.414046,0.037085,9.0,0.543640897755611,1.211111111111111,546
243000.0,9.0,0.543640897755611,1261.111111111111,966.6666666666666,-0.036412,0.411,0.037982,9.0,0.543640897755611,1.261111111111111,547
242000.0,8.0,0.5810473815461347,1261.111111111111,943.75,-0.038892,0.407791,0.038894,8.0,0.5810473815461347,1.261111111111111,548
241000.0,9.0,0.5610972568578554,1261.111111111111,938.8888888888889,-0.038187,0.404493,0.039654,9.0,0.5610972568578554,1.261111111111111,549
240000.0,10.0,0.5511221945137157,1155.5555555555557,938.8888888888889,-0.034419,0.4012,0.040534,10.0,0.5511221945137157,1.1555555555555557,550
239000.0,9.0,0.5610972568578554,1155.5555555555557,910.0,-0.027488,0.398002,0.041314,9.0,0.5610972568578554,1.1555555555555557,551
238000.0,10.0,0.5835411471321695,1120.0,733.3333333333334,-0.017867,0.394987,0.042049,10.0,0.5835411471321695,1.12,552
237000.0,10.0,0.571072319201995,1120.0,840.0,-0.006334,0.392253,0.042808,10.0,0.571072319201995,1.12,553
236000.0,10.0,0.5561097256857855,1120.0,840.0,0.0062,0.38988,0.043484,10.0,0.5561097256857855,1.12,554
235000.0,10.0,0.5561097256857855,870.0,840.0,0.018773,0.38794,0.044183,10.0,0.5561097256857855,0.87,555
234000.0,11.0,0.5112219451371571,870.0,840.0,0.029958,0.386505,0.04479,11.0,0.5112219451371571,0.87,556
233000.0,11.0,0.4613466334164589,870.0,840.0,0.038888,0.385617,0.045385,11.0,0.4613466334164589,0.87,557
232000.0,10.0,0.45885286783042395,870.0,1131.8181818181818,0.044625,0.385302,0.045996,10.0,0.45885286783042395,0.87,558
231000.0,10.0,0.45885286783042395,870.0,1020.0,0.046419,0.385583,0.046481,10.0,0.45885286783042395,0.87,559
230000.0,11.0,0.4463840399002494,800.0,959.0909090909091,0.044133,0.386442,0.046954,11.0,0.4463840399002494,0.8,560
229000.0,9.0,0.46384039900249374,861.1111111111111,1050.0,0.037976,0.387854,0.047476,9.0,0.46384039900249374,0.861111111111111,561
228000.0,8.0,0.5062344139650873,1183.3333333333333,1111.111111111111,0.02821,0.389779,0.047795,8.0,0.5062344139650873,1.1833333333333333,562
227000.0,8.0,0.5386533665835411,1300.0,1100.0,0.01597,0.392148,0.048213,8.0,0.5386533665835411,1.3,563
226000.0,7.0,0.516209476309227,1428.5714285714287,1192.857142857143,0.002231,0.394887,0.048525,7.0,0.516209476309227,1.4285714285714286,564
225000.0,7.0,0.48129675810473815,1500.0,1341.6666666666667,-0.011904,0.397918,0.048819,7.0,0.48129675810473815,1.5,565
224000.0,6.0,0.4488778054862843,1500.0,2066.6666666666665,-0.025026,0.401142,0.049067,6.0,0.4488778054862843,1.5,566
223000.0,6.0,0.39900249376558605,1310.0,2066.6666666666665,-0.036102,0.404469,0.049275,6.0,0.39900249376558605,1.31,567
222000.0,6.0,0.36658354114713215,1175.0,2066.6666666666665,-0.044317,0.407813,0.049488,6.0,0.36658354114713215,1.175,568
221000.0,6.0,0.3865336658354115,1175.0,1975.0,-0.048837,0.411078,0.049622,6.0,0.3865336658354115,1.175,569
220000.0,5.0,0.39650872817955113,1375.0,1975.0,-0.049445,0.414186,0.049721,5.0,0.39650872817955113,1.375,570
219000.0,6.0,0.4089775561097257,1375.0,2240.0,-0.046193,0.417071,0.049864,6.0,0.4089775561097257,1.375,571
218000.0,5.0,0.38403990024937656,1490.0,2240.0,-0.03922,0.419659,0.049889,5.0,0.38403990024937656,1.49,572
217000.0,5.0,0.38403990024937656,1490.0,2450.0,-0.029232,0.421904,0.04992,5.0,0.38403990024937656,1.49,573
216000.0,6.0,0.3690773067331671,1291.6666666666667,2450.0,-0.017067,0.423762,0.049952,6.0,0.3690773067331671,1.2916666666666667,574
215000.0,6.0,0.3491271820448878,1200.0,2125.0,-0.00357,0.425197,0.049927,6.0,0.3491271820448878,1.2,575
214000.0,5.0,0.3915211970074813,1316.6666666666667,2125.0,0.010164,0.426189,0.049888,5.0,0.3915211970074813,1.3166666666666667,576
213000.0,6.0,0.4089775561097257,1316.6666666666667,1928.5714285714287,0.022963,0.42673,0.049808,6.0,0.4089775561097257,1.3166666666666667,577
212000.0,6.0,0.4513715710723192,1285.7142857142858,1575.0,0.03412,0.426813,0.049754,6.0,0.4513715710723192,1.2857142857142858,578
211000.0,7.0,0.46633416458852867,1285.7142857142858,1575.0,0.042547,0.426453,0.049617,7.0,0.46633416458852867,1.2857142857142858,579
210000.0,6.0,0.4488778054862843,1458.3333333333333,2016.6666666666667,0.047741,0.425668,0.049475,6.0,0.4488778054862843,1.4583333333333333,580
209000.0,6.0,0.39900249376558605,1458.3333333333333,2016.6666666666667,0.049331,0.424482,0.049333,6.0,0.39900249376558605,1.4583333333333333,581
208000.0,6.0,0.38154613466334164,1150.0,2016.6666666666667,0.047183,0.422937,0.049181,6.0,0.38154613466334164,1.15,582
207000.0,5.0,0.38154613466334164,1150.0,2016.6666666666667,0.041382,0.421074,0.04892,5.0,0.38154613466334164,1.15,583
206000.0,5.0,0.4314214463840399,1533.3333333333333,2016.6666666666667,0.032589,0.41894,0.048776,5.0,0.4314214463840399,1.5333333333333332,584
205000.0,6.0,0.47381546134663344,1533.3333333333333,2016.6666666666667,0.021254,0.416595,0.048528,6.0,0.47381546134663344,1.5333333333333332,585
204000.0,6.0,0.47381546134663344,1533.3333333333333,1490.0,0.008388,0.414094,0.048262,6.0,0.47381546134663344,1.5333333333333332,586
203000.0,6.0,0.47381546134663344,1533.3333333333333,1783.3333333333333,-0.005026,0.411493,0.048042,6.0,0.47381546134663344,1.5333333333333332,587
202000.0,6.0,0.45885286783042395,1740.0,1783.3333333333333,-0.017931,0.40886,0.04775,6.0,0.45885286783042395,1.74,588
201000.0,5.0,0.4713216957605985,1740.0,2070.0,-0.029393,0.406252,0.047493,5.0,0.4713216957605985,1.74,589
200000.0,6.0,0.46384039900249374,1680.0,2070.0,-0.038336,0.403725,0.04717,6.0,0.46384039900249374,1.68,590
199000.0,5.0,0.4613466334164589,1680.0,1808.3333333333333,-0.04421,0.401336,0.046877,5.0,0.4613466334164589,1.68,591
198000.0,5.0,0.5112219451371571,1775.0,1808.3333333333333,-0.046524,0.399136,0.046592,5.0,0.5112219451371571,1.775,592
197000.0,6.0,0.5461346633416458,1775.0,1600.0,-0.045004,0.397163,0.046214,6.0,0.5461346633416458,1.775,593
196000.0,5.0,0.5286783042394015,2070.0,1600.0,-0.039944,0.39546,0.045893,5.0,0.5286783042394015,2.07,594
195000.0,5.0,0.5012468827930174,2070.0,2100.0,-0.031768,0.394053,0.045586,5.0,0.5012468827930174,2.07,595
194000.0,5.0,0.46384039900249374,2112.5,2100.0,-0.021055,0.392963,0.045159,5.0,0.46384039900249374,2.1125,596
193000.0,4.0,0.4937655860349127,2112.5,2437.5,-0.008903,0.392205,0.04482,4.0,0.4937655860349127,2.1125,597
192000.0,4.0,0.5037406483790524,2787.5,2437.5,0.003778,0.391784,0.044446,4.0,0.5037406483790524,2.7875,598
191000.0,3.0,0.5361596009975063,2787.5,2437.5,0.015948,0.391696,0.044007,3.0,0.5361596009975063,2.7875,599
190000.0,4.0,0.5660847880299252,2787.5,2250.0,0.02658,0.391935,0.043632,4.0,0.5660847880299252,2.7875,600
189000.0,4.0,0.5660847880299252,2787.5,2325.0,0.034801,0.392484,0.043148,4.0,0.5660847880299252,2.7875,601
188000.0,4.0,0.5361596009975063,2787.5,2325.0,0.040202,0.393322,0.042759,4.0,0.5361596009975063,2.7875,602
187000.0,4.0,0.5261845386533666,2787.5,2325.0,0.042152,0.394425,0.042244,4.0,0.5261845386533666,2.7875,603
186000.0,4.0,0.5261845386533666,2566.6666666666665,2325.0,0.040795,0.395764,0.041765,4.0,0.5261845386533666,2.5666666666666664,604
185000.0,3.0,0.5311720698254364,2887.5,2325.0,0.03631,0.397307,0.041316,3.0,0.5311720698254364,2.8875,605
184000.0,3.0,0.5810473815461347,2887.5,2325.0,0.029083,0.399021,0.040779,3.0,0.5810473815461347,2.8875,606
183000.0,4.0,0.5860349127182045,2887.5,2016.6666666666667,0.019796,0.400871,0.040246,4.0,0.5860349127182045,2.8875,607
182000.0,4.0,0.5885286783042394,2887.5,1962.5,0.009381,0.402821,0.039795,4.0,0.5885286783042394,2.8875,608
181000.0,4.0,0.5985037406483791,2550.0,1962.5,-0.001567,0.404836,0.039217,4.0,0.5985037406483791,2.55,609
180000.0,4.0,0.5835411471321695,2330.0,1640.0,-0.011978,0.406877,0.038702,4.0,0.5835411471321695,2.33,610
179000.0,5.0,0.5660847880299252,2330.0,1925.0,-0.021144,0.408908,0.038174,5.0,0.5660847880299252,2.33,611
178000.0,5.0,0.516209476309227,2350.0,1950.0,-0.028546,0.410892,0.037635,5.0,0.516209476309227,2.35,612
177000.0,4.0,0.513715710723192,2350.0,1950.0,-0.033549,0.412792,0.037079,4.0,0.513715710723192,2.35,613
176000.0,4.0,0.5635910224438903,2450.0,1950.0,-0.035988,0.414569,0.036526,4.0,0.5635910224438903,2.45,614
175000.0,4.0,0.6134663341645885,2450.0,1687.5,-0.035816,0.416191,0.035987,4.0,0.6134663341645885,2.45,615
174000.0,5.0,0.6134663341645885,2450.0,1630.0,-0.033139,0.417621,0.035432,5.0,0.6134663341645885,2.45,616
173000.0,6.0,0.5760598503740648,2075.0,1630.0,-0.028214,0.41883,0.034841,6.0,0.5760598503740648,2.075,617
172000.0,6.0,0.5261845386533666,1730.0,1630.0,-0.021642,0.419794,0.034329,6.0,0.5261845386533666,1.73,618
171000.0,6.0,0.4763092269326683,1730.0,1630.0,-0.013777,0.42049,0.033761,6.0,0.4763092269326683,1.73,619
170000.0,5.0,0.44389027431421446,1730.0,2058.3333333333335,-0.005321,0.420898,0.033174,5.0,0.44389027431421446,1.73,620
169000.0,5.0,0.44389027431421446,1730.0,1960.0,0.003143,0.421012,0.032685,5.0,0.44389027431421446,1.73,621
168000.0,6.0,0.4613466334164589,1491.6666666666667,1725.0,0.011102,0.420822,0.032105,6.0,0.4613466334164589,1.4916666666666667,622
167000.0,7.0,0.4513715710723192,1350.0,1550.0,0.018081,0.420325,0.031603,7.0,0.4513715710723192,1.35,623
166000.0,7.0,0.44139650872817954,1368.75,1550.0,0.023578,0.419526,0.031076,7.0,0.44139650872817954,1.36875,624
165000.0,8.0,0.428927680798005,1014.2857142857143,1550.0,0.027481,0.418434,0.030607,8.0,0.428927680798005,1.0142857142857142,625
164000.0,8.0,0.3790523690773067,1014.2857142857143,1550.0,0.029517,0.417061,0.030136,8.0,0.3790523690773067,1.0142857142857142,626
163000.0,7.0,0.371571072319202,1014.2857142857143,1756.25,0.029646,0.415433,0.029677,7.0,0.371571072319202,1.0142857142857142,627
162000.0,7.0,0.371571072319202,1014.2857142857143,1750.0,0.02801,0.413573,0.029296,7.0,0.371571072319202,1.0142857142857142,628
161000.0,7.0,0.371571072319202,1007.1428571428571,1750.0,0.024708,0.411517,0.028934,7.0,0.371571072319202,1.0071428571428571,629
160000.0,7.0,0.3516209476309227,1083.3333333333333,1983.3333333333333,0.019977,0.409309,0.02857,7.0,0.3516209476309227,1.0833333333333333,630
159000.0,6.0,0.33915211970074816,1083.3333333333333,2100.0,0.014181,0.406997,0.028326,6.0,0.33915211970074816,1.0833333333333333,631
158000.0,6.0,0.33915211970074816,1083.3333333333333,2108.3333333333335,0.007615,0.404636,0.028109,6.0,0.33915211970074816,1.0833333333333333,632
157000.0,6.0,0.3541147132169576,1083.3333333333333,2108.3333333333335,0.000653,0.40229,0.027889,6.0,0.3541147132169576,1.0833333333333333,633
156000.0,6.0,0.3541147132169576,1000.0,2108.3333333333335,-0.006277,0.400023,0.02783,6.0,0.3541147132169576,1.0,634
155000.0,7.0,0.3266832917705736,1000.0,2108.3333333333335,-0.012798,0.397901,0.027761,7.0,0.3266832917705736,1.0,635
154000.0,7.0,0.3266832917705736,885.7142857142857,2050.0,-0.018607,0.395997,0.027779,7.0,0.3266832917705736,0.8857142857142857,636
153000.0,6.0,0.34663341645885287,1000.0,1828.5714285714287,-0.023237,0.394366,0.027847,6.0,0.34663341645885287,1.0,637
152000.0,6.0,0.39650872817955113,1271.4285714285713,1828.5714285714287,-0.026504,0.393073,0.028004,6.0,0.39650872817955113,1.2714285714285714,638
151000.0,6.0,0.4463840399002494,1271.4285714285713,1828.5714285714287,-0.028129,0.392163,0.028196,6.0,0.4463840399002494,1.2714285714285714,639
150000.0,7.0,0.4613466334164589,1271.4285714285713,1321.4285714285713,-0.027948,0.39167,0.028439,7.0,0.4613466334164589,1.2714285714285714,640
149000.0,8.0,0.48129675810473815,1156.25,1321.4285714285713,-0.025927,0.391619,0.028757,8.0,0.48129675810473815,1.15625,641
148000.0,7.0,0.46384039900249374,1278.5714285714287,1471.4285714285713,-0.02214,0.39202,0.029143,7.0,0.46384039900249374,1.2785714285714287,642
147000.0,7.0,0.46384039900249374,1278.5714285714287,1478.5714285714287,-0.016697,0.392859,0.029516,7.0,0.46384039900249374,1.2785714285714287,643
146000.0,7.0,0.46633416458852867,1237.5,1478.5714285714287,-0.009953,0.394122,0.029974,7.0,0.46633416458852867,1.2375,644
145000.0,7.0,0.43640897755610975,1200.0,1478.5714285714287,-0.002279,0.395771,0.030524,7.0,0.43640897755610975,1.2,645
144000.0,7.0,0.43640897755610975,1200.0,1593.75,0.005839,0.397756,0.030976,7.0,0.43640897755610975,1.2,646
143000.0,7.0,0.4538653366583541,1200.0,1364.2857142857142,0.013872,0.400026,0.031582,7.0,0.4538653366583541,1.2,647
142000.0,7.0,0.5037406483790524,1200.0,1364.2857142857142,0.021179,0.402514,0.032159,7.0,0.5037406483790524,1.2,648
141000.0,7.0,0.5062344139650873,1557.142857142857,1364.2857142857142,0.027299,0.405144,0.032735,7.0,0.5062344139650873,1.5571428571428572,649
140000.0,6.0,0.543640897755611,1557.142857142857,1364.2857142857142,0.031682,0.40785,0.033369,6.0,0.543640897755611,1.5571428571428572,650
139000.0,7.0,0.5610972568578554,1557.142857142857,1125.0,0.033923,0.410549,0.033971,7.0,0.5610972568578554,1.5571428571428572,651
138000.0,7.0,0.5610972568578554,1557.142857142857,1264.2857142857142,0.033823,0.413162,0.034618,7.0,0.5610972568578554,1.5571428571428572,652
137000.0,8.0,0.5286783042394015,1387.5,1264.2857142857142,0.031242,0.415622,0.035247,8.0,0.5286783042394015,1.3875,653
136000.0,8.0,0.49625935162094764,1250.0,1212.5,0.026254,0.417852,0.035826,8.0,0.49625935162094764,1.25,654
135000.0,7.0,0.5211970074812967,1250.0,1212.5,0.019217,0.41979,0.036557,7.0,0.5211970074812967,1.25,655
134000.0,6.0,0.5586034912718204,1685.7142857142858,1235.7142857142858,0.010443,0.421384,0.037082,6.0,0.5586034912718204,1.6857142857142857,656
133000.0,7.0,0.5760598503740648,1685.7142857142858,1358.3333333333333,0.000619,0.422583,0.037717,7.0,0.5760598503740648,1.6857142857142857,657
132000.0,7.0,0.5261845386533666,1483.3333333333333,1350.0,-0.009605,0.423356,0.038348,7.0,0.5261845386533666,1.4833333333333332,658
131000.0,7.0,0.5112219451371571,1407.142857142857,1350.0,-0.019454,0.423683,0.038882,7.0,0.5112219451371571,1.407142857142857,659
130000.0,7.0,0.5087281795511222,1407.142857142857,1466.6666666666667,-0.028188,0.423548,0.039446,7.0,0.5087281795511222,1.407142857142857,660
129000.0,6.0,0.48877805486284287,1583.3333333333333,1657.142857142857,-0.03503,0.422956,0.039999,6.0,0.48877805486284287,1.5833333333333333,661
128000.0,6.0,0.48877805486284287,1583.3333333333333,1666.6666666666667,-0.039442,0.421922,0.040489,6.0,0.48877805486284287,1.5833333333333333,662
127000.0,6.0,0.5037406483790524,1633.3333333333333,1890.0,-0.040942,0.420467,0.040986,6.0,0.5037406483790524,1.6333333333333333,663
126000.0,6.0,0.5012468827930174,1770.0,1616.6666666666667,-0.039274,0.418631,0.04141,6.0,0.5012468827930174,1.77,664
125000.0,5.0,0.5386533665835411,2016.6666666666667,1616.6666666666667,-0.034514,0.416464,0.041862,5.0,0.5386533665835411,2.0166666666666666,665
124000.0,5.0,0.5885286783042394,2016.6666666666667,1460.0,-0.02688,0.414014,0.042243,5.0,0.5885286783042394,2.0166666666666666,666
123000.0,6.0,0.6034912718204489,2016.6666666666667,1460.0,-0.016901,0.411355,0.042547,6.0,0.6034912718204489,2.0166666666666666,667
122000.0,6.0,0.5536159600997507,2016.6666666666667,1460.0,-0.005352,0.408558,0.042919,6.0,0.5536159600997507,2.0166666666666666,668
121000.0,6.0,0.5037406483790524,1690.0,1700.0,0.006873,0.405698,0.043149,6.0,0.5037406483790524,1.69,669
120000.0,6.0,0.4763092269326683,1690.0,1700.0,0.018751,0.402861,0.043371,6.0,0.4763092269326683,1.69,670
119000.0,5.0,0.5062344139650873,1750.0,1700.0,0.029223,0.40013,0.043578,5.0,0.5062344139650873,1.75,671
118000.0,6.0,0.5386533665835411,1750.0,1620.0,0.037378,0.397578,0.043722,6.0,0.5386533665835411,1.75,672
117000.0,5.0,0.5261845386533666,2060.0,1620.0,0.042419,0.395291,0.043813,5.0,0.5261845386533666,2.06,673
116000.0,5.0,0.5112219451371571,2060.0,2020.0,0.043845,0.39333,0.043877,5.0,0.5112219451371571,2.06,674
115000.0,5.0,0.4837905236907731,2060.0,2020.0,0.041499,0.391752,0.043921,5.0,0.4837905236907731,2.06,675
114000.0,5.0,0.4837905236907731,1870.0,2020.0,0.035501,0.390609,0.043884,5.0,0.4837905236907731,1.87,676
113000.0,5.0,0.47880299251870323,1870.0,2020.0,0.026454,0.389928,0.043839,5.0,0.47880299251870323,1.87,677
112000.0,5.0,0.47880299251870323,1870.0,2200.0,0.015061,0.389723,0.043729,5.0,0.47880299251870323,1.87,678
111000.0,5.0,0.4463840399002494,2100.0,2200.0,0.002467,0.390002,0.043647,5.0,0.4463840399002494,2.1,679
110000.0,4.0,0.428927680798005,2100.0,2920.0,-0.010274,0.390745,0.043416,4.0,0.428927680798005,2.1,680
109000.0,4.0,0.428927680798005,2100.0,2950.0,-0.02197,0.391923,0.043249,4.0,0.428927680798005,2.1,681
108000.0,4.0,0.428927680798005,2100.0,2950.0,-0.031654,0.3935,0.043031,4.0,0.428927680798005,2.1,682
107000.0,4.0,0.4014962593516209,2533.3333333333335,2950.0,-0.038444,0.39542,0.042723,4.0,0.4014962593516209,2.5333333333333337,683
106000.0,3.0,0.4164588528678304,2533.3333333333335,3850.0,-0.041907,0.397622,0.042452,3.0,0.4164588528678304,2.5333333333333337,684
105000.0,3.0,0.4164588528678304,2175.0,3850.0,-0.041776,0.400045,0.042123,3.0,0.4164588528678304,2.175,685
104000.0,3.0,0.4164588528678304,3050.0,3850.0,-0.038162,0.402617,0.041769,3.0,0.4164588528678304,3.05,686
103000.0,2.0,0.4339152119700748,3050.0,3850.0,-0.031554,0.405267,0.041378,2.0,0.4339152119700748,3.05,687
102000.0,3.0,0.46384039900249374,3050.0,3850.0,-0.022512,0.40793,0.040965,3.0,0.46384039900249374,3.05,688
101000.0,3.0,0.46384039900249374,3050.0,4325.0,-0.01189,0.410536,0.040563,3.0,0.46384039900249374,3.05,689
100000.0,3.0,0.44389027431421446,3050.0,4116.666666666667,-0.00065,0.413027,0.04006,3.0,0.44389027431421446,3.05,690
99000.0,3.0,0.3940149625935162,3550.0,4116.666666666667,0.010357,0.415346,0.039585,3.0,0.3940149625935162,3.55,691
98000.0,2.0,0.3915211970074813,3550.0,4116.666666666667,0.020276,0.417442,0.039143,2.0,0.3915211970074813,3.55,692
97000.0,2.0,0.44139650872817954,3550.0,4116.666666666667,0.028256,0.419275,0.038553,2.0,0.44139650872817954,3.55,693
96000.0,2.0,0.4912718204488778,3633.3333333333335,4750.0,0.03395,0.420814,0.038087,2.0,0.4912718204488778,3.6333333333333333,694
95000.0,2.0,0.5211970074812967,3633.3333333333335,4750.0,0.036824,0.422029,0.037539,2.0,0.5211970074812967,3.6333333333333333,695
94000.0,3.0,0.48129675810473815,4300.0,4750.0,0.036876,0.422907,0.036998,3.0,0.48129675810473815,4.3,696
93000.0,2.0,0.4339152119700748,4300.0,4033.3333333333335,0.034174,0.423437,0.036448,2.0,0.4339152119700748,4.3,697
92000.0,2.0,0.44139650872817954,4300.0,4033.3333333333335,0.029036,0.423616,0.035875,2.0,0.44139650872817954,4.3,698
91000.0,3.0,0.4713216957605985,3100.0,3125.0,0.021885,0.423447,0.03532,3.0,0.4713216957605985,3.1,699
90000.0,3.0,0.5187032418952618,3100.0,2233.3333333333335,0.013422,0.422944,0.034743,3.0,0.5187032418952618,3.1,700
89000.0,3.0,0.5685785536159601,2925.0,2233.3333333333335,0.004219,0.422116,0.034106,3.0,0.5685785536159601,2.925,701
88000.0,4.0,0.5985037406483791,2925.0,1762.5,-0.004962,0.420989,0.033598,4.0,0.5985037406483791,2.925,702
87000.0,5.0,0.6309226932668329,2420.0,1430.0,-0.013456,0.419586,0.032938,5.0,0.6309226932668329,2.42,703
86000.0,5.0,0.6309226932668329,2283.3333333333335,1430.0,-0.02066,0.417934,0.032347,5.0,0.6309226932668329,2.2833333333333337,704
85000.0,6.0,0.5885286783042394,2283.3333333333335,1430.0,-0.026138,0.416068,0.0318,6.0,0.5885286783042394,2.2833333333333337,705
84000.0,6.0,0.5386533665835411,1780.0,1583.3333333333333,-0.029446,0.414026,0.031158,6.0,0.5386533665835411,1.78,706
83000.0,6.0,0.5112219451371571,1780.0,1583.3333333333333,-0.030527,0.411843,0.030581,6.0,0.5112219451371571,1.78,707
82000.0,6.0,0.5211970074812967,1691.6666666666667,1583.3333333333333,-0.029319,0.409563,0.029987,6.0,0.5211970074812967,1.6916666666666667,708
81000.0,6.0,0.5211970074812967,1691.6666666666667,1535.7142857142858,-0.025989,0.407229,0.029404,6.0,0.5211970074812967,1.6916666666666667,709
80000.0,7.0,0.5561097256857855,1542.857142857143,1175.0,-0.020866,0.404882,0.028805,7.0,0.5561097256857855,1.542857142857143,710
79000.0,8.0,0.5785536159600998,1400.0,987.5,-0.014435,0.402568,0.028209,8.0,0.5785536159600998,1.4,711
78000.0,8.0,0.5860349127182045,1400.0,987.5,-0.007119,0.400331,0.027646,8.0,0.5860349127182045,1.4,712
77000.0,8.0,0.5860349127182045,1438.888888888889,987.5,0.000386,0.398211,0.027078,8.0,0.5860349127182045,1.4388888888888889,713
76000.0,10.0,0.5486284289276808,1033.3333333333333,944.4444444444445,0.007594,0.396251,0.02647,10.0,0.5486284289276808,1.0333333333333332,714
75000.0,10.0,0.5012468827930174,1033.3333333333333,950.0,0.013932,0.394494,0.025952,10.0,0.5012468827930174,1.0333333333333332,715
74000.0,10.0,0.513715710723192,980.0,950.0,0.018993,0.392974,0.025408,10.0,0.513715710723192,0.98,716
73000.0,10.0,0.5286783042394015,980.0,805.0,0.02235,0.39173,0.024808,10.0,0.5286783042394015,0.98,717
72000.0,10.0,0.57356608478803,980.0,805.0,0.023982,0.390792,0.024345,10.0,0.57356608478803,0.98,718
71000.0,9.0,0.5910224438902744,1255.0,850.0,0.023659,0.390186,0.02379,9.0,0.5910224438902744,1.255,719
70000.0,9.0,0.5960099750623441,1255.0,850.0,0.021594,0.389932,0.02328,9.0,0.5960099750623441,1.255,720
69000.0,11.0,0.5635910224438903,1025.0,759.0909090909091,0.018031,0.390046,0.022777,11.0,0.5635910224438903,1.025,721
68000.0,12.0,0.5511221945137157,875.0,736.3636363636364,0.013261,0.390526,0.022294,12.0,0.5511221945137157,0.875,722
67000.0,11.0,0.5087281795511222,918.1818181818181,850.0,0.007697,0.391374,0.021793,11.0,0.5087281795511222,0.9181818181818181,723
66000.0,12.0,0.5012468827930174,845.4545454545455,850.0,0.001923,0.392575,0.021311,12.0,0.5012468827930174,0.8454545454545455,724
65000.0,11.0,0.5286783042394015,875.0,804.1666666666666,-0.003805,0.394106,0.020822,11.0,0.5286783042394015,0.875,725
64000.0,13.0,0.5586034912718204,811.5384615384615,620.8333333333334,-0.008916,0.395941,0.020389,13.0,0.5586034912718204,0.8115384615384615,726
63000.0,13.0,0.5386533665835411,811.5384615384615,620.8333333333334,-0.013117,0.398044,0.019863,13.0,0.5386533665835411,0.8115384615384615,727
62000.0,12.0,0.4937655860349127,775.0,819.2307692307693,-0.016199,0.400368,0.019417,12.0,0.4937655860349127,0.775,728
61000.0,12.0,0.4937655860349127,775.0,783.3333333333334,-0.018015,0.402868,0.018983,12.0,0.4937655860349127,0.775,729
60000.0,11.0,0.5062344139650873,837.5,783.3333333333334,-0.018438,0.405491,0.018469,11.0,0.5062344139650873,0.8375,730
59000.0,11.0,0.5286783042394015,877.2727272727273,781.8181818181819,-0.017684,0.408178,0.018044,11.0,0.5286783042394015,0.8772727272727272,731
58000.0,11.0,0.543640897755611,991.6666666666666,781.8181818181819,-0.015823,0.410873,0.017605,11.0,0.543640897755611,0.9916666666666666,732
57000.0,12.0,0.5386533665835411,922.7272727272727,781.8181818181819,-0.012989,0.41352,0.017156,12.0,0.5386533665835411,0.9227272727272727,733
56000.0,10.0,0.5236907730673317,1000.0,800.0,-0.009617,0.416056,0.016739,10.0,0.5236907730673317,1.0,734
55000.0,10.0,0.5236907730673317,1000.0,915.0,-0.005809,0.418427,0.01633,10.0,0.5236907730673317,1.0,735
54000.0,10.0,0.5311720698254364,954.5454545454545,845.4545454545455,-0.001846,0.42058,0.015961,10.0,0.5311720698254364,0.9545454545454545,736
53000.0,11.0,0.5386533665835411,954.5454545454545,831.8181818181819,0.001931,0.422461,0.015571,11.0,0.5386533665835411,0.9545454545454545,737
52000.0,11.0,0.516209476309227,945.8333333333334,831.8181818181819,0.005416,0.424028,0.015217,11.0,0.516209476309227,0.9458333333333334,738
51000.0,12.0,0.4912718204488778,718.1818181818181,800.0,0.008504,0.425238,0.014958,12.0,0.4912718204488778,0.7181818181818181,739
50000.0,13.0,0.4837905236907731,720.8333333333334,746.1538461538462,0.010842,0.426058,0.0146,13.0,0.4837905236907731,0.7208333333333333,740
49000.0,11.0,0.513715710723192,854.1666666666666,818.1818181818181,0.012643,0.426465,0.014385,11.0,0.513715710723192,0.8541666666666666,741
48000.0,10.0,0.5236907730673317,1000.0,890.0,0.01368,0.42644,0.014182,10.0,0.5236907730673317,1.0,742
47000.0,10.0,0.5236907730673317,1000.0,915.0,0.013979,0.425972,0.013987,10.0,0.5236907730673317,1.0,743
46000.0,9.0,0.5211970074812967,1030.0,915.0,0.013573,0.425073,0.013843,9.0,0.5211970074812967,1.03,744
45000.0,10.0,0.5037406483790524,1011.1111111111111,960.0,0.012566,0.423749,0.013793,10.0,0.5037406483790524,1.011111111111111,745
44000.0,8.0,0.513715710723192,1105.5555555555557,1050.0,0.010816,0.422025,0.013706,8.0,0.513715710723192,1.1055555555555556,746
43000.0,9.0,0.543640897755611,1075.0,980.0,0.008626,0.41994,0.013719,9.0,0.543640897755611,1.075,747
42000.0,10.0,0.5610972568578554,1075.0,720.0,0.005946,0.417532,0.013735,10.0,0.5610972568578554,1.075,748
41000.0,10.0,0.6109725685785536,1086.3636363636363,720.0,0.002863,0.414853,0.013824,10.0,0.6109725685785536,1.0863636363636362,749
40000.0,11.0,0.6109725685785536,1055.0,659.0909090909091,-0.000398,0.41197,0.013929,11.0,0.6109725685785536,1.055,750
39000.0,11.0,0.6084788029925187,1090.909090909091,720.0,-0.003722,0.408943,0.014039,11.0,0.6084788029925187,1.090909090909091,751
38000.0,11.0,0.5810473815461347,940.9090909090909,713.6363636363636,-0.007044,0.405849,0.014271,11.0,0.5810473815461347,0.9409090909090909,752
37000.0,11.0,0.5635910224438903,940.9090909090909,683.3333333333334,-0.00997,0.402768,0.014424,11.0,0.5635910224438903,0.9409090909090909,753
36000.0,11.0,0.6134663341645885,1029.1666666666667,683.3333333333334,-0.012452,0.399776,0.014652,11.0,0.6134663341645885,1.0291666666666668,754
35000.0,12.0,0.6583541147132169,1029.1666666666667,508.3333333333333,-0.014281,0.396955,0.014942,12.0,0.6583541147132169,1.0291666666666668,755
34000.0,12.0,0.6733167082294265,1136.3636363636363,540.9090909090909,-0.015164,0.394391,0.015175,12.0,0.6733167082294265,1.1363636363636362,756
33000.0,11.0,0.6508728179551122,1136.3636363636363,604.5454545454545,-0.015053,0.392148,0.01545,11.0,0.6508728179551122,1.1363636363636362,757
32000.0,11.0,0.6408977556109726,1104.5454545454545,604.5454545454545,-0.013914,0.390297,0.015778,11.0,0.6408977556109726,1.1045454545454545,758
31000.0,11.0,0.628428927680798,1104.5454545454545,620.0,-0.011574,0.388898,0.016045,11.0,0.628428927680798,1.1045454545454545,759
30000.0,10.0,0.5860349127182045,1140.0,895.0,-0.008302,0.387985,0.016366,10.0,0.5860349127182045,1.14,760
29000.0,10.0,0.5361596009975063,1077.7777777777778,895.0,-0.004237,0.387589,0.016652,10.0,0.5361596009975063,1.0777777777777777,761
28000.0,9.0,0.5486284289276808,1077.7777777777778,895.0,0.000386,0.387721,0.016967,9.0,0.5486284289276808,1.0777777777777777,762
27000.0,9.0,0.5985037406483791,1235.0,816.6666666666666,0.0052,0.388368,0.017279,9.0,0.5985037406483791,1.235,763
26000.0,10.0,0.6034912718204489,1250.0,745.0,0.009664,0.38951,0.017507,10.0,0.6034912718204489,1.25,764
25000.0,9.0,0.6334164588528678,1260.0,744.4444444444445,0.013672,0.391108,0.017868,9.0,0.6334164588528678,1.26,765
24000.0,10.0,0.6134663341645885,1300.0,744.4444444444445,0.016555,0.393101,0.018095,10.0,0.6134663341645885,1.3,766
23000.0,9.0,0.5835411471321695,1362.5,900.0,0.018185,0.395433,0.018341,9.0,0.5835411471321695,1.3625,767
22000.0,8.0,0.6034912718204489,1344.4444444444443,937.5,0.018394,0.398027,0.018617,8.0,0.6034912718204489,1.3444444444444443,768
21000.0,9.0,0.5785536159600998,1362.5,937.5,0.017038,0.4008,0.018835,9.0,0.5785536159600998,1.3625,769
20000.0,8.0,0.5336658354114713,1362.5,1306.25,0.014191,0.403677,0.019003,8.0,0.5336658354114713,1.3625,770
19000.0,7.0,0.48877805486284287,1350.0,1306.25,0.010214,0.406577,0.019223,7.0,0.48877805486284287,1.35,771
18000.0,9.0,0.47880299251870323,1118.75,1243.75,0.005234,0.409413,0.019347,9.0,0.47880299251870323,1.11875,772
17000.0,9.0,0.4763092269326683,1050.0,1127.7777777777778,-0.000241,0.412123,0.019487,9.0,0.4763092269326683,1.05,773
16000.0,9.0,0.4713216957605985,931.25,1127.7777777777778,-0.005689,0.414634,0.01956,9.0,0.4713216957605985,0.93125,774
15000.0,8.0,0.4763092269326683,1144.4444444444443,1262.5,-0.010779,0.416887,0.019635,8.0,0.4763092269326683,1.1444444444444444,775
14000.0,8.0,0.4763092269326683,1143.75,1262.5,-0.015001,0.418835,0.019679,8.0,0.4763092269326683,1.14375,776
13000.0,8.0,0.516209476309227,1166.6666666666667,1068.75,-0.017942,0.420436,0.019651,8.0,0.516209476309227,1.1666666666666667,777
12000.0,9.0,0.5336658354114713,1166.6666666666667,1068.75,-0.01944,0.421658,0.019613,9.0,0.5336658354114713,1.1666666666666667,778
11000.0,8.0,0.5187032418952618,1250.0,1068.75,-0.019374,0.422486,0.019597,8.0,0.5187032418952618,1.25,779
