age_yrBP,warming_count_20k,cold_fraction_20k,mean_cold_duration_yr,mean_warm_duration_yr,pre_phase_like,lr04_10k,co2_10k,mean_cold_duration_kyr_raw,mean_cold_duration_kyr,Time
631000.0,6.0,0.5012468827930174,1820.0,1480.0,0.026196159068605337,4.999,203.24133678302192,1.82,1.82,1
630000.0,5.0,0.4538653366583541,1820.0,1325.0,0.02151050756096735,4.979,207.37833904743025,1.82,1.82,2
629000.0,5.0,0.4538653366583541,1820.0,1325.0,0.01523140749998135,4.949,211.88962591791545,1.82,1.82,3
628000.0,5.0,0.48877805486284287,1820.0,2040.0,0.007796452844503037,4.897,216.5335118181452,1.82,1.82,4
627000.0,5.0,0.4912718204488778,1575.0,2040.0,-0.0002889191474574449,4.823,221.07609766603113,1.575,1.575,5
626000.0,5.0,0.4912718204488778,1575.0,2040.0,-0.008349605916718735,4.7364999999999995,225.48551993330688,1.575,1.575,6
625000.0,5.0,0.48129675810473815,1930.0,2087.5,-0.015898504568966652,4.6375,230.05028030103117,1.93,1.93,7
624000.0,5.0,0.48129675810473815,1930.0,2087.5,-0.022161754801182678,4.528,234.8518848119251,1.93,1.93,8
623000.0,5.0,0.46633416458852867,2025.0,2087.5,-0.026791397406291998,4.4079999999999995,239.49409888959661,2.025,2.025,9
622000.0,5.0,0.4164588528678304,2025.0,2087.5,-0.02934121865509335,4.286,243.2268030294591,2.025,2.025,10
621000.0,4.0,0.4114713216957606,2025.0,2700.0,-0.029592645166670855,4.162000000000001,245.6139141225015,2.025,2.025,11
620000.0,4.0,0.4613466334164589,2025.0,2700.0,-0.027522260796425287,4.045,247.29851502041817,2.025,2.025,12
619000.0,3.0,0.46633416458852867,2400.0,3083.3333333333335,-0.02323470210330403,3.935,249.06501413674823,2.4,2.4,13
618000.0,3.0,0.516209476309227,2400.0,3083.3333333333335,-0.01711168066240457,3.8405,250.67293291557826,2.4,2.4,14
617000.0,4.0,0.4912718204488778,3083.3333333333335,3083.3333333333335,-0.009584081728911441,3.7614999999999994,252.22562823031268,3.0833333333333335,3.0833333333333335,15
616000.0,3.0,0.4488778054862843,3275.0,4550.0,-0.0012518640877104458,3.692,253.53840512945393,3.275,3.275,16
615000.0,3.0,0.39900249376558605,3275.0,4550.0,0.007211040123703289,3.632,254.72671044460202,3.275,3.275,17
614000.0,3.0,0.3491271820448878,3275.0,4550.0,0.015116068778942855,3.6015,255.73794955060924,3.275,3.275,18
613000.0,2.0,0.3266832917705736,3275.0,4200.0,0.021771390515684955,3.6005000000000003,256.0657865128096,3.275,3.275,19
612000.0,2.0,0.3266832917705736,3275.0,4200.0,0.0266871008070954,3.607,255.81402348889424,3.275,3.275,20
611000.0,2.0,0.3266832917705736,3275.0,4200.0,0.029348444732925614,3.6209999999999996,255.18928622213986,3.275,3.275,21
610000.0,2.0,0.3690773067331671,3275.0,5650.0,0.029551461739299085,3.6399999999999997,254.20654329179098,3.275,3.275,22
609000.0,2.0,0.41895261845386533,3275.0,5650.0,0.02722911113851574,3.664,252.53790256870872,3.275,3.275,23
608000.0,2.0,0.43640897755610975,3200.0,5650.0,0.022587557143449587,3.6985,250.5870828861038,3.2,3.2,24
607000.0,3.0,0.3915211970074813,3075.0,5650.0,0.015976090375375174,3.7435,248.2163885220213,3.075,3.075,25
606000.0,3.0,0.341645885286783,3075.0,5650.0,0.007968994999937641,3.7950000000000004,245.62937236981588,3.075,3.075,26
605000.0,2.0,0.30673316708229426,3075.0,7100.0,-0.0007489078407477705,3.853,242.77885109859773,3.075,3.075,27
604000.0,2.0,0.30673316708229426,3075.0,7100.0,-0.009414199833822816,3.8905000000000003,239.37355397872452,3.075,3.075,28
603000.0,2.0,0.341645885286783,3075.0,5650.0,-0.017258691448800788,3.9095,235.63806382618276,3.075,3.075,29
602000.0,2.0,0.3915211970074813,3075.0,5650.0,-0.023606664592083364,3.9095,232.26212378188706,3.075,3.075,30
601000.0,2.0,0.43640897755610975,2950.0,5650.0,-0.027895983839792225,3.9185000000000003,230.05284110434096,2.95,2.95,31
600000.0,3.0,0.428927680798005,3250.0,5650.0,-0.029716603387754736,3.928,229.3977443104301,3.25,3.25,32
599000.0,3.0,0.3790523690773067,3250.0,5650.0,-0.02894355620573389,3.941,229.23024119202623,3.25,3.25,33
598000.0,3.0,0.32917705735660846,3250.0,5650.0,-0.025640857554044123,3.9530000000000003,228.44954453640653,3.25,3.25,34
597000.0,2.0,0.36658354114713215,3250.0,3250.0,-0.020125617463566045,3.9579999999999997,227.80173162289006,3.25,3.25,35
596000.0,2.0,0.4164588528678304,3250.0,3250.0,-0.012834100290409886,3.9629999999999996,228.37110178591553,3.25,3.25,36
595000.0,3.0,0.428927680798005,2866.6666666666665,3250.0,-0.004477969517230915,3.965,230.21758240024715,2.8666666666666667,2.8666666666666667,37
594000.0,4.0,0.45885286783042395,2300.0,2500.0,0.004266619606867027,3.97,232.47277264566145,2.3,2.3,38
593000.0,4.0,0.46384039900249374,2300.0,2137.5,0.012607447976580874,3.9899999999999998,234.3078462604364,2.3,2.3,39
592000.0,4.0,0.513715710723192,2300.0,2137.5,0.019860075004097193,4.021,235.18895001655565,2.3,2.3,40
591000.0,5.0,0.5411471321695761,2170.0,2137.5,0.025419277860405737,4.05,234.78519612991772,2.17,2.17,41
590000.0,5.0,0.5386533665835411,1975.0,1850.0,0.028795092403845424,4.095000000000001,232.6737634066173,1.975,1.975,42
589000.0,6.0,0.5311720698254364,1900.0,1850.0,0.029756977574927,4.136,229.99077208693848,1.9,1.9,43
588000.0,6.0,0.48129675810473815,1900.0,1850.0,0.0282215303236154,4.1659999999999995,227.8649946147447,1.9,1.9,44
587000.0,5.0,0.47381546134663344,1900.0,1262.5,0.024374901735038347,4.1770000000000005,226.85543818314977,1.9,1.9,45
586000.0,5.0,0.47381546134663344,1900.0,1262.5,0.018496805154037996,4.17,226.3509279931772,1.9,1.9,46
585000.0,5.0,0.47381546134663344,1900.0,1262.5,0.011127580166017004,4.13,226.34977325361643,1.9,1.9,47
584000.0,5.0,0.47381546134663344,1900.0,1262.5,0.0028776964864588926,4.08,226.7588894871491,1.9,1.9,48
583000.0,5.0,0.456359102244389,1487.5,2180.0,-0.00557153660443984,4.011,228.31131637644452,1.4875,1.4875,49
582000.0,5.0,0.456359102244389,1487.5,2180.0,-0.013578224602788059,3.9480000000000004,230.95494032721322,1.4875,1.4875,50
581000.0,5.0,0.456359102244389,1487.5,2180.0,-0.020450783588173014,3.8760000000000003,234.07053217226544,1.4875,1.4875,51
580000.0,4.0,0.4613466334164589,1487.5,2150.0,-0.02568777740406948,3.782,237.7006182841855,1.4875,1.4875,52
579000.0,4.0,0.5112219451371571,1487.5,2150.0,-0.028860346649134703,3.724,241.54758890157973,1.4875,1.4875,53
578000.0,4.0,0.5610972568578554,1487.5,2150.0,-0.0297552660884156,3.66,245.37718186877123,1.4875,1.4875,54
577000.0,4.0,0.571072319201995,1283.3333333333333,2150.0,-0.028299433483478444,3.6060000000000003,248.64031811989116,1.2833333333333332,1.2833333333333332,55
576000.0,4.0,0.571072319201995,1283.3333333333333,2150.0,-0.024625366444540348,3.595,250.56441482417114,1.2833333333333332,1.2833333333333332,56
575000.0,4.0,0.5760598503740648,2887.5,2533.3333333333335,-0.018985468482073015,3.617,250.7641997989691,2.8875,2.8875,57
574000.0,3.0,0.5461346633416458,3650.0,3275.0,-0.01189601269628741,3.657,250.9225358289827,3.65,3.65,58
573000.0,3.0,0.543640897755611,4650.0,3275.0,-0.0038467605487516373,3.707,251.15034862133462,4.65,4.65,59
572000.0,3.0,0.5386533665835411,4650.0,3083.3333333333335,0.0045028721497267854,3.753,251.40481385025063,4.65,4.65,60
571000.0,2.0,0.5586034912718204,4650.0,4275.0,0.01252049271628885,3.793,251.4652356856293,4.65,4.65,61
570000.0,3.0,0.5486284289276808,5050.0,4275.0,0.019540457849973325,3.85,251.28469063834228,5.05,5.05,62
569000.0,2.0,0.5062344139650873,5050.0,2075.0,0.02501584842660557,3.878,250.92583575396142,5.05,5.05,63
568000.0,2.0,0.5561097256857855,5050.0,2075.0,0.028537887749052568,3.9299999999999997,250.02010405837444,5.05,5.05,64
567000.0,2.0,0.6059850374064838,5050.0,2075.0,0.029772808058802603,3.9849999999999994,248.1312920345582,5.05,5.05,65
566000.0,3.0,0.6109725685785536,4083.3333333333335,2075.0,0.02864112874126908,4.0169999999999995,245.80469149488195,4.083333333333334,4.083333333333334,66
565000.0,3.0,0.6384039900249376,4083.3333333333335,1833.3333333333333,0.02518238066947164,4.04,243.80414330869098,4.083333333333334,4.083333333333334,67
564000.0,4.0,0.6733167082294265,3375.0,1833.3333333333333,0.019700952066954994,4.0600000000000005,242.21634957084547,3.375,3.375,68
563000.0,4.0,0.685785536159601,1933.3333333333333,1575.0,0.012658602421984135,4.085,241.67051074611794,1.9333333333333333,1.9333333333333333,69
562000.0,4.0,0.685785536159601,1933.3333333333333,1575.0,0.004483426330730869,4.1259999999999994,240.40639535324095,1.9333333333333333,1.9333333333333333,70
561000.0,4.0,0.685785536159601,1933.3333333333333,1575.0,-0.00395747854475586,4.178999999999999,238.05322901299775,1.9333333333333333,1.9333333333333333,71
560000.0,5.0,0.6633416458852868,2212.5,1575.0,-0.012162443277212453,4.208,235.45138694393253,2.2125,2.2125,72
559000.0,5.0,0.6134663341645885,2212.5,1575.0,-0.01931316477922385,4.236,233.0036121404002,2.2125,2.2125,73
558000.0,5.0,0.57356608478803,2212.5,1710.0,-0.02492563019848623,4.265000000000001,231.38874355316898,2.2125,2.2125,74
557000.0,5.0,0.57356608478803,2212.5,1710.0,-0.02850876650861008,4.303,230.04567792717722,2.2125,2.2125,75
556000.0,6.0,0.57356608478803,2210.0,1710.0,-0.029772535928774106,4.327,228.63592145410297,2.21,2.21,76
555000.0,5.0,0.5511221945137157,2210.0,1462.5,-0.02866108370311423,4.363,226.20899192418818,2.21,2.21,77
554000.0,5.0,0.5511221945137157,2210.0,1462.5,-0.025272595650944307,4.398999999999999,222.95695564299453,2.21,2.21,78
553000.0,5.0,0.5511221945137157,2210.0,1462.5,-0.01999282845309098,4.429,219.0252896217453,2.21,2.21,79
552000.0,5.0,0.5087281795511222,2162.5,1462.5,-0.013143671556970379,4.447,215.83131422689408,2.1625,2.1625,80
551000.0,5.0,0.46384039900249374,2162.5,2150.0,-0.005377449540464604,4.4590000000000005,213.98049809565123,2.1625,2.1625,81
550000.0,4.0,0.486284289276808,2162.5,2325.0,0.0026291338284784352,4.476999999999999,212.40245169222385,2.1625,2.1625,82
549000.0,4.0,0.5361596009975063,2162.5,2325.0,0.010435796757998815,4.494,210.70539275222615,2.1625,2.1625,83
548000.0,4.0,0.5361596009975063,2166.6666666666665,2325.0,0.017344257611304405,4.492999999999999,208.9461667186011,2.1666666666666665,2.1666666666666665,84
547000.0,4.0,0.5361596009975063,2166.6666666666665,2325.0,0.022997525602679918,4.486,207.95012553677256,2.1666666666666665,2.1666666666666665,85
546000.0,3.0,0.5785536159600998,2166.6666666666665,2650.0,0.027018093035321687,4.491,207.73036020457826,2.1666666666666665,2.1666666666666665,86
545000.0,3.0,0.6034912718204489,2625.0,2650.0,0.029272495254816275,4.494,208.0703752867747,2.625,2.625,87
544000.0,3.0,0.571072319201995,3816.6666666666665,3575.0,0.02971700063683984,4.489,208.23404431698708,3.8166666666666664,3.8166666666666664,88
543000.0,3.0,0.5486284289276808,4200.0,3575.0,0.02845484591372371,4.488,207.64319699848957,4.2,4.2,89
542000.0,3.0,0.49875311720698257,4200.0,3575.0,0.025734848203078406,4.478,206.6330310867658,4.2,4.2,90
541000.0,3.0,0.46384039900249374,4200.0,3583.3333333333335,0.021666342377484243,4.482,205.2494821573768,4.2,4.2,91
540000.0,2.0,0.4837905236907731,4200.0,4250.0,0.016915356393409353,4.468,203.80894609351714,4.2,4.2,92
539000.0,2.0,0.5336658354114713,4200.0,4250.0,0.011438465628838762,4.449,203.33677789034178,4.2,4.2,93
538000.0,2.0,0.5760598503740648,6200.0,4250.0,0.0056245627165267,4.415000000000001,203.99435142360974,6.2,6.2,94
537000.0,2.0,0.5760598503740648,6200.0,4250.0,-9.390800437177277e-05,4.371,205.13832629206883,6.2,6.2,95
536000.0,2.0,0.5760598503740648,6200.0,4250.0,-0.005768477260244411,4.313000000000001,205.96434643732496,6.2,6.2,96
535000.0,1.0,0.6234413965087282,6200.0,3600.0,-0.011285254083654762,4.257,207.1981257844502,6.2,6.2,97
534000.0,1.0,0.6733167082294265,6200.0,3600.0,-0.016163611981707106,4.208,208.9861548125758,6.2,6.2,98
533000.0,1.0,0.7231920199501247,6200.0,3600.0,-0.020728370525343435,4.145999999999999,211.37507954730646,6.2,6.2,99
532000.0,2.0,0.773067331670823,7750.0,3600.0,-0.024480926014012472,4.098999999999999,214.42106248410786,7.75,7.75,100
531000.0,2.0,0.770573566084788,9300.0,2300.0,-0.027407974868824327,4.0409999999999995,218.1835901726069,9.3,9.3,101
530000.0,2.0,0.770573566084788,9300.0,2300.0,-0.029237369901504596,4.004,222.41249059447986,9.3,9.3,102
529000.0,2.0,0.770573566084788,9300.0,2300.0,-0.029763095147905066,3.9599999999999995,226.51618560973165,9.3,9.3,103
528000.0,2.0,0.770573566084788,9300.0,2300.0,-0.0288077256445736,3.9419999999999993,229.63913547571505,9.3,9.3,104
527000.0,2.0,0.770573566084788,9300.0,2300.0,-0.026315146245039563,3.929,231.89215866451983,9.3,9.3,105
526000.0,2.0,0.770573566084788,9300.0,2300.0,-0.022231730890956435,3.928,234.34491083602583,9.3,9.3,106
525000.0,2.0,0.770573566084788,9300.0,2300.0,-0.016608456288215837,3.9259999999999997,236.92213098240123,9.3,9.3,107
524000.0,1.0,0.8129675810473815,9300.0,1000.0,-0.009873736108057573,3.9229999999999996,239.10017281481106,9.3,9.3,108
523000.0,1.0,0.8628428927680798,9300.0,1000.0,-0.002326417381020758,3.938,241.04238049954483,9.3,9.3,109
522000.0,1.0,0.912718204488778,9300.0,1000.0,0.00564454066463545,3.938,242.67614241764522,9.3,9.3,110
519000.0,2.0,0.9301745635910225,11600.0,1000.0,0.025283386366872874,3.9870000000000005,243.61119911983133,11.6,11.6,111
518000.0,2.0,0.8802992518703242,11600.0,1000.0,0.028656945958126945,4.019,243.39804803309752,11.6,11.6,112
517000.0,2.0,0.830423940149626,11600.0,1000.0,0.02977239791499319,4.053,242.64989244024474,11.6,11.6,113
516000.0,2.0,0.7805486284289277,11600.0,1000.0,0.028493300172556985,4.068,241.60850656087376,11.6,11.6,114
515000.0,2.0,0.7306733167082294,11600.0,1000.0,0.024827621739490536,4.087,240.72110939180348,11.6,11.6,115
514000.0,2.0,0.685785536159601,11600.0,3150.0,0.019118441724867145,4.0969999999999995,239.90515153575112,11.6,11.6,116
513000.0,2.0,0.685785536159601,11600.0,3150.0,0.011786256897937013,4.106,239.08497246836995,11.6,11.6,117
512000.0,2.0,0.685785536159601,11600.0,3150.0,0.003392316383668443,4.103,238.0348046051754,11.6,11.6,118
511000.0,1.0,0.7331670822942643,11600.0,5300.0,-0.005303392653515804,4.103,237.26998383757254,11.6,11.6,119
510000.0,2.0,0.7182044887780549,3750.0,5300.0,-0.013504200006213336,4.079,236.71410019599722,3.75,3.75,120
509000.0,2.0,0.6683291770573566,3750.0,5300.0,-0.02063747453316186,4.06,236.0942357798499,3.75,3.75,121
508000.0,2.0,0.6184538653366584,3750.0,5300.0,-0.025959993431595458,4.016,235.2168925621623,3.75,3.75,122
507000.0,2.0,0.5685785536159601,3750.0,5300.0,-0.029073618456893026,3.969,234.7327566917601,3.75,3.75,123
506000.0,2.0,0.5261845386533666,3750.0,4750.0,-0.029687514615440662,3.941,234.11950986684366,3.75,3.75,124
505000.0,2.0,0.5261845386533666,3750.0,4750.0,-0.027749014921979148,3.911,233.33272843907662,3.75,3.75,125
504000.0,2.0,0.5261845386533666,3750.0,4750.0,-0.023420787554437834,3.88,232.81646960842596,3.75,3.75,126
503000.0,3.0,0.513715710723192,3325.0,4750.0,-0.017106330298891588,3.846,232.66231029110932,3.325,3.325,127
502000.0,3.0,0.46384039900249374,3325.0,4750.0,-0.009292036711762834,3.8209999999999993,232.75144056068152,3.325,3.325,128
501000.0,3.0,0.4139650872817955,3325.0,4750.0,-0.0006634129433607196,3.803,233.11388266988814,3.325,3.325,129
500000.0,3.0,0.3640897755610973,3325.0,4750.0,0.007952155600500057,3.8,233.5388337315374,3.325,3.325,130
499000.0,2.0,0.3316708229426434,3325.0,4200.0,0.015955819303062814,3.7920000000000003,234.25899012042595,3.325,3.325,131
498000.0,2.0,0.3316708229426434,3325.0,4200.0,0.02255977245428655,3.783,235.39717437664348,3.325,3.325,132
497000.0,2.0,0.3316708229426434,3325.0,4200.0,0.027217796674402807,3.771,236.9053382315122,3.325,3.325,133
496000.0,2.0,0.3316708229426434,3325.0,4200.0,0.0295513588609837,3.7399999999999998,238.34329040434187,3.325,3.325,134
495000.0,2.0,0.3316708229426434,3325.0,4200.0,0.029339302063474702,3.71,240.44904876931977,3.325,3.325,135
494000.0,2.0,0.32917705735660846,2900.0,4200.0,0.026574632208349058,3.6950000000000003,241.24128520758524,2.9,2.9,136
493000.0,2.0,0.3092269326683292,2900.0,6925.0,0.021561740824676236,3.6800000000000006,240.86044033386256,2.9,2.9,137
492000.0,2.0,0.3092269326683292,2900.0,6925.0,0.0146468618837617,3.684,240.48192882195184,2.9,2.9,138
491000.0,2.0,0.3092269326683292,2900.0,6925.0,0.006416750455476048,3.6769999999999996,239.8681469409093,2.9,2.9,139
490000.0,1.0,0.32418952618453867,2900.0,9650.0,-0.002297192461716641,3.675,239.17373472041703,2.9,2.9,140
489000.0,2.0,0.341645885286783,3425.0,9650.0,-0.01088246005303694,3.6710000000000003,238.28427881620723,3.425,3.425,141
488000.0,2.0,0.341645885286783,3425.0,9650.0,-0.01854350048442821,3.696,236.52965418630893,3.425,3.425,142
487000.0,2.0,0.34413965087281795,3425.0,6125.0,-0.024547178690497454,3.7339999999999995,234.29966352286232,3.425,3.425,143
486000.0,2.0,0.38902743142144636,3950.0,6125.0,-0.028421999616068262,3.804,232.03965229230812,3.95,3.95,144
485000.0,2.0,0.38902743142144636,3950.0,6125.0,-0.02977365318094795,3.8619999999999997,229.5655219822301,3.95,3.95,145
484000.0,3.0,0.341645885286783,3025.0,6125.0,-0.028468236207974486,3.914,229.42169726149973,3.025,3.025,146
483000.0,2.0,0.30174563591022446,3025.0,2600.0,-0.024591049077345887,3.969,229.84436335800729,3.025,3.025,147
482000.0,2.0,0.341645885286783,3025.0,2375.0,-0.018521647849755487,4.024,229.85183951702862,3.025,3.025,148
481000.0,2.0,0.3915211970074813,3025.0,2375.0,-0.010672527297401558,4.078,229.95779743782037,3.025,3.025,149
480000.0,2.0,0.44139650872817954,3025.0,2375.0,-0.0019009735956953154,4.132,230.91749259298794,3.025,3.025,150
479000.0,2.0,0.4912718204488778,3025.0,2375.0,0.007064918225012359,4.192,232.37760285757054,3.025,3.025,151
478000.0,2.0,0.5411471321695761,3025.0,2375.0,0.015466218570563909,4.231,233.53114426599822,3.025,3.025,152
477000.0,3.0,0.5610972568578554,3750.0,2375.0,0.022381400812672838,4.2620000000000005,233.4559576447197,3.75,3.75,153
476000.0,3.0,0.5610972568578554,3750.0,2375.0,0.027268091742680668,4.2700000000000005,232.599402077074,3.75,3.75,154
475000.0,3.0,0.5610972568578554,3750.0,2375.0,0.02960366699991487,4.2909999999999995,230.43835972248434,3.75,3.75,155
474000.0,3.0,0.5610972568578554,3750.0,2375.0,0.029171280601615363,4.33,226.94522382213273,3.75,3.75,156
473000.0,3.0,0.5411471321695761,3650.0,3066.6666666666665,0.026009055250669537,4.346,223.68467088205085,3.65,3.65,157
472000.0,3.0,0.5411471321695761,3650.0,3066.6666666666665,0.02039084745144269,4.3629999999999995,221.06879016492735,3.65,3.65,158
471000.0,3.0,0.5411471321695761,3650.0,3066.6666666666665,0.012847338805621574,4.379,218.6875531161113,3.65,3.65,159
470000.0,4.0,0.5311720698254364,3416.6666666666665,3066.6666666666665,0.004081482895661889,4.401,214.89839333975146,3.4166666666666665,3.4166666666666665,160
469000.0,3.0,0.5112219451371571,3416.6666666666665,3300.0,-0.0049804257698440125,4.406000000000001,210.07492712710587,3.4166666666666665,3.4166666666666665,161
468000.0,3.0,0.5411471321695761,3416.6666666666665,2733.3333333333335,-0.013666676462204699,4.430999999999999,205.64557415339203,3.4166666666666665,3.4166666666666665,162
467000.0,4.0,0.5635910224438903,2825.0,2733.3333333333335,-0.021025440128814032,4.46,202.60165388326476,2.825,2.825,163
466000.0,4.0,0.516209476309227,3066.6666666666665,2425.0,-0.026393354092159843,4.494,201.17317072406067,3.0666666666666664,3.0666666666666664,164
465000.0,4.0,0.516209476309227,3066.6666666666665,2425.0,-0.02932150236415158,4.517,201.01341108073925,3.0666666666666664,3.0666666666666664,165
464000.0,3.0,0.5610972568578554,3066.6666666666665,2516.6666666666665,-0.02951370764427918,4.529,201.2279907374256,3.0666666666666664,3.0666666666666664,166
463000.0,4.0,0.6059850374064838,3037.5,2516.6666666666665,-0.026968835544666298,4.546,201.00919021115516,3.0375,3.0375,167
462000.0,4.0,0.5685785536159601,2316.6666666666665,2516.6666666666665,-0.021925615787152953,4.5649999999999995,199.58405230317172,2.3166666666666664,2.3166666666666664,168
461000.0,4.0,0.5187032418952618,2316.6666666666665,2516.6666666666665,-0.014850482570563043,4.581,197.98820239734656,2.3166666666666664,2.3166666666666664,169
460000.0,4.0,0.4688279301745636,2316.6666666666665,2516.6666666666665,-0.006329572873917704,4.5649999999999995,197.4585644805625,2.3166666666666664,2.3166666666666664,170
459000.0,4.0,0.4613466334164589,2316.6666666666665,2700.0,0.002673202817972881,4.581,197.89376382366817,2.3166666666666664,2.3166666666666664,171
458000.0,5.0,0.4488778054862843,2137.5,2700.0,0.011510193619071038,4.5760000000000005,199.04269640758943,2.1375,2.1375,172
457000.0,4.0,0.4538653366583541,2137.5,1762.5,0.019374252151420135,4.587999999999999,200.01107815731615,2.1375,2.1375,173
456000.0,4.0,0.5037406483790524,2137.5,1762.5,0.025247682525363576,4.587,200.423990935753,2.1375,2.1375,174
455000.0,5.0,0.5336658354114713,2140.0,1762.5,0.028893078803906364,4.606,200.59486744020745,2.14,2.14,175
454000.0,5.0,0.5336658354114713,2140.0,1762.5,0.029709263792580848,4.6160000000000005,200.59194398644277,2.14,2.14,176
453000.0,5.0,0.5286783042394015,1937.5,1762.5,0.02762676488456321,4.638,200.65692107146793,1.9375,1.9375,177
452000.0,5.0,0.47880299251870323,1937.5,1762.5,0.022755764832228468,4.626,201.4854692145937,1.9375,1.9375,178
451000.0,5.0,0.4389027431421446,1937.5,2250.0,0.015591669191637614,4.646,202.13555835270486,1.9375,1.9375,179
450000.0,4.0,0.4463840399002494,1937.5,2412.5,0.0065303103903335295,4.696,202.33109733040047,1.9375,1.9375,180
449000.0,5.0,0.4937655860349127,1980.0,2412.5,-0.003205016583258159,4.718,202.38293138898547,1.98,1.98,181
448000.0,5.0,0.46633416458852867,2212.5,2412.5,-0.012719503742243959,4.753,202.13251092773024,2.2125,2.2125,182
447000.0,4.0,0.44139650872817954,2212.5,2716.6666666666665,-0.021149625113125414,4.776000000000001,202.05379691898227,2.2125,2.2125,183
446000.0,4.0,0.44139650872817954,2212.5,2716.6666666666665,-0.027008318878173537,4.813000000000001,202.06129817350308,2.2125,2.2125,184
445000.0,4.0,0.3915211970074813,1966.6666666666667,2716.6666666666665,-0.02968270922151367,4.814,201.619578497536,1.9666666666666668,1.9666666666666668,185
444000.0,4.0,0.3690773067331671,1966.6666666666667,3162.5,-0.027862663107305504,4.828,201.1047655312382,1.9666666666666668,1.9666666666666668,186
443000.0,3.0,0.371571072319202,1966.6666666666667,3133.3333333333335,-0.021698294007813344,4.83,201.35884924833044,1.9666666666666668,1.9666666666666668,187
442000.0,3.0,0.42144638403990026,1966.6666666666667,3133.3333333333335,-0.013269972115852983,4.869,202.09430327193314,1.9666666666666668,1.9666666666666668,188
441000.0,3.0,0.4713216957605985,1966.6666666666667,3133.3333333333335,-0.003622324467949122,4.894,203.0845173832901,1.9666666666666668,1.9666666666666668,189
440000.0,4.0,0.5187032418952618,2600.0,3133.3333333333335,0.006317676138982129,4.905,203.95735816509787,2.6,2.6,190
439000.0,4.0,0.47880299251870323,2933.3333333333335,3133.3333333333335,0.014963480110218962,4.931,204.8272398842336,2.9333333333333336,2.9333333333333336,191
438000.0,3.0,0.4389027431421446,2933.3333333333335,4350.0,0.02098523801018556,4.9479999999999995,206.61278400094952,2.9333333333333336,2.9333333333333336,192
437000.0,3.0,0.4139650872817955,3325.0,4350.0,0.02426886087926149,4.957000000000001,209.0805293179023,3.325,3.325,193
436000.0,3.0,0.36658354114713215,3325.0,4233.333333333333,0.02363067576138463,4.9670000000000005,210.9185558815972,3.325,3.325,194
435000.0,2.0,0.38403990024937656,3325.0,4250.0,0.01946999401522653,4.989,214.04127258157877,3.325,3.325,195
434000.0,2.0,0.4339152119700748,3325.0,4250.0,0.012403609078735231,4.993,218.5329817250168,3.325,3.325,196
433000.0,3.0,0.47880299251870323,3200.0,4250.0,0.003148142229526648,4.986,223.20234467190267,3.2,3.2,197
432000.0,3.0,0.47880299251870323,3200.0,4250.0,-0.007333780935601716,4.926,228.2035414792705,3.2,3.2,198
431000.0,3.0,0.4713216957605985,3725.0,4250.0,-0.017027777223351383,4.869,234.2707570656602,3.725,3.725,199
430000.0,3.0,0.42144638403990026,3725.0,4250.0,-0.0249180744457634,4.797,240.2405182096892,3.725,3.725,200
429000.0,2.0,0.371571072319202,3725.0,4250.0,-0.029048526049605,4.681,246.0857664455773,3.725,3.725,201
428000.0,2.0,0.371571072319202,3725.0,4000.0,-0.029548752379969612,4.575,251.06016213938838,3.725,3.725,202
427000.0,2.0,0.4114713216957606,3725.0,4650.0,-0.026592930161617262,4.464,255.28539303622406,3.725,3.725,203
426000.0,2.0,0.4613466334164589,3725.0,4650.0,-0.02064980068728928,4.343999999999999,260.5379056939938,3.725,3.725,204
425000.0,2.0,0.5112219451371571,3725.0,4650.0,-0.0125675739791751,4.223000000000001,264.48297301413805,3.725,3.725,205
424000.0,2.0,0.5361596009975063,2950.0,4650.0,-0.0031690854854219503,4.1129999999999995,267.3507364033861,2.95,2.95,206
423000.0,2.0,0.5361596009975063,2950.0,4650.0,0.0062850836370191695,4.016,269.36822493950467,2.95,2.95,207
422000.0,2.0,0.5361596009975063,2950.0,4650.0,0.015287737645539834,3.943,270.81103979829356,2.95,2.95,208
421000.0,3.0,0.5336658354114713,4850.0,4650.0,0.022401828817527048,3.8440000000000003,271.3595050089219,4.85,4.85,209
420000.0,2.0,0.4837905236907731,4850.0,4650.0,0.02736937793005353,3.755,271.5780002617586,4.85,4.85,210
419000.0,2.0,0.4837905236907731,4850.0,5300.0,0.029656280040944213,3.7040000000000006,271.4046102051423,4.85,4.85,211
418000.0,2.0,0.4837905236907731,4850.0,5300.0,0.02905926466160065,3.6399999999999997,272.08772662985547,4.85,4.85,212
417000.0,2.0,0.4837905236907731,4850.0,5300.0,0.02569867195088444,3.5770000000000004,273.3153961515952,4.85,4.85,213
416000.0,2.0,0.4837905236907731,4850.0,5300.0,0.019954727699773904,3.521,274.37849955595686,4.85,4.85,214
415000.0,2.0,0.4339152119700748,6750.0,5300.0,0.012290359995140642,3.4590000000000005,275.03954330457316,6.75,6.75,215
414000.0,2.0,0.38403990024937656,6750.0,5300.0,0.003533022751402299,3.4,275.84322667944633,6.75,6.75,216
413000.0,1.0,0.33665835411471323,6750.0,,-0.005468671132251494,3.342,277.149788996869,6.75,6.75,217
412000.0,1.0,0.33915211970074816,6750.0,9000.0,-0.01412547852494097,3.306,278.21440299773025,6.75,6.75,218
411000.0,1.0,0.38902743142144636,6750.0,9000.0,-0.021365163523523356,3.274,278.6207003526888,6.75,6.75,219
410000.0,1.0,0.4389027431421446,6750.0,9000.0,-0.026573177800256906,3.2439999999999998,279.6014794293874,6.75,6.75,220
409000.0,1.0,0.48877805486284287,6750.0,9000.0,-0.02941250697918722,3.223,280.5227909331691,6.75,6.75,221
408000.0,2.0,0.49625935162094764,4975.0,9000.0,-0.029447547324645076,3.2,280.49408517469215,4.975,4.975,222
407000.0,2.0,0.45885286783042395,3200.0,9000.0,-0.026719320937528487,3.186,280.7485491187295,3.2,3.2,223
406000.0,2.0,0.4089775561097257,3200.0,9000.0,-0.021449976165595793,3.177,280.7515467747846,3.2,3.2,224
405000.0,2.0,0.35910224438902744,3200.0,9000.0,-0.014173957193371138,3.194,280.67802611417267,3.2,3.2,225
404000.0,2.0,0.3092269326683292,3200.0,9000.0,-0.005399723011432519,3.22,280.1210574375201,3.2,3.2,226
403000.0,2.0,0.2892768079800499,3200.0,7125.0,0.003737689579011142,3.257,279.1150383150763,3.2,3.2,227
402000.0,3.0,0.2793017456359102,2300.0,7125.0,0.012725850637860652,3.283,277.82374615991614,2.3,2.3,228
401000.0,2.0,0.23940149625935161,2300.0,5083.333333333333,0.020446222412642684,3.336,276.40726216658516,2.3,2.3,229
400000.0,2.0,0.2892768079800499,2300.0,3125.0,0.026122096348698862,3.401,274.50417296104206,2.3,2.3,230
399000.0,3.0,0.30673316708229426,2050.0,3125.0,0.02928228220156558,3.473,274.2263475189387,2.05,2.05,231
398000.0,3.0,0.30673316708229426,2050.0,3125.0,0.02949508951394335,3.5440000000000005,272.6300162305009,2.05,2.05,232
397000.0,3.0,0.30673316708229426,2050.0,3125.0,0.02674167705989816,3.624,270.00622569043907,2.05,2.05,233
396000.0,3.0,0.30673316708229426,2050.0,3125.0,0.021263778685547456,3.7039999999999997,266.94792421268085,2.05,2.05,234
395000.0,3.0,0.33665835411471323,2050.0,3433.3333333333335,0.013554220385440364,3.768,264.01261955858354,2.05,2.05,235
394000.0,3.0,0.3865336658354115,2050.0,3433.3333333333335,0.004494097271489816,3.809,260.95337035028496,2.05,2.05,236
393000.0,3.0,0.43640897755610975,2050.0,3433.3333333333335,-0.005086244372359243,3.847,258.1197158930329,2.05,2.05,237
392000.0,3.0,0.486284289276808,2050.0,3433.3333333333335,-0.0140934847345553,3.899,255.34804168398705,2.05,2.05,238
391000.0,3.0,0.486284289276808,1475.0,3433.3333333333335,-0.021799087226324555,3.9290000000000007,252.69631276732215,1.475,1.475,239
390000.0,3.0,0.486284289276808,1475.0,3433.3333333333335,-0.02707178594898417,3.967,250.55976161301095,1.475,1.475,240
389000.0,4.0,0.48129675810473815,3150.0,3433.3333333333335,-0.02961535922976843,3.9829999999999997,246.7591385512754,3.15,3.15,241
388000.0,3.0,0.4713216957605985,3150.0,2525.0,-0.02902856427057773,4.0089999999999995,243.53253472366805,3.15,3.15,242
387000.0,3.0,0.4837905236907731,3150.0,2300.0,-0.025392333349532475,4.017,240.60340128164384,3.15,3.15,243
386000.0,3.0,0.5336658354114713,3150.0,2300.0,-0.019044136224007725,4.032,238.16412133846347,3.15,3.15,244
385000.0,3.0,0.5835411471321695,3150.0,2300.0,-0.010540086739994464,4.055,236.21469489412692,3.15,3.15,245
384000.0,3.0,0.6334164588528678,3150.0,2300.0,-0.0008285918019204623,4.083,234.55387621610785,3.15,3.15,246
383000.0,3.0,0.655860349127182,4025.0,2300.0,0.009084435455033409,4.11,232.62461273674518,4.025,4.025,247
382000.0,3.0,0.6309226932668329,4216.666666666667,2950.0,0.018005550499338854,4.131,230.79785791165045,4.216666666666667,4.216666666666667,248
381000.0,3.0,0.6234413965087282,5550.0,2950.0,0.023377540882226766,4.15,228.77329903054496,5.55,5.55,249
380000.0,3.0,0.6084788029925187,5550.0,2616.6666666666665,0.024857132077304406,4.156000000000001,226.09304016776795,5.55,5.55,250
379000.0,3.0,0.6234413965087282,4166.666666666667,1900.0,0.022864140563934765,4.182,222.98822725227765,4.166666666666667,4.166666666666667,251
378000.0,3.0,0.628428927680798,4166.666666666667,1666.6666666666667,0.017876313860528445,4.199,220.26762438326122,4.166666666666667,4.166666666666667,252
377000.0,4.0,0.6608478802992519,3312.5,1666.6666666666667,0.010927583163645727,4.236,217.6402772626831,3.3125,3.3125,253
376000.0,4.0,0.6608478802992519,3312.5,1666.6666666666667,0.0029270948702620364,4.247999999999999,215.06102474552435,3.3125,3.3125,254
375000.0,4.0,0.6633416458852868,2250.0,1687.5,-0.004538601424900819,4.265,212.551972036283,2.25,2.25,255
374000.0,5.0,0.6483790523690773,2012.5,1687.5,-0.01065662188454717,4.286,210.11311913495905,2.0125,2.0125,256
373000.0,5.0,0.5985037406483791,2012.5,1687.5,-0.014268250512531878,4.307,207.99174521349877,2.0125,2.0125,257
372000.0,5.0,0.5486284289276808,2012.5,1687.5,-0.01493139259032571,4.324,205.99157449761364,2.0125,2.0125,258
371000.0,5.0,0.49875311720698257,2012.5,1687.5,-0.01228238955913851,4.335,204.35495465340767,2.0125,2.0125,259
370000.0,5.0,0.4488778054862843,2012.5,1687.5,-0.006948730696882715,4.361,203.0665839707844,2.0125,2.0125,260
369000.0,4.0,0.4014962593516209,2012.5,1633.3333333333333,0.0009091463969754194,4.363,202.03819031187476,2.0125,2.0125,261
368000.0,4.0,0.4014962593516209,2012.5,1633.3333333333333,0.009636951807939446,4.3870000000000005,200.8379174486371,2.0125,2.0125,262
367000.0,4.0,0.39900249376558605,1150.0,3012.5,0.018546586498298556,4.3950000000000005,199.29624307056795,1.15,1.15,263
366000.0,5.0,0.38403990024937656,1075.0,3012.5,0.025880367433900275,4.418000000000001,197.66006817456005,1.075,1.075,264
365000.0,5.0,0.3341645885286783,1075.0,3012.5,0.02977019394391055,4.436000000000001,196.17835748585514,1.075,1.075,265
364000.0,5.0,0.28428927680798005,1075.0,3012.5,0.028111309313717442,4.447,194.97742202861667,1.075,1.075,266
363000.0,5.0,0.2344139650872818,1075.0,3012.5,0.023175245893342813,4.465000000000001,194.171798257759,1.075,1.075,267
362000.0,4.0,0.2144638403990025,1075.0,3366.6666666666665,0.015807248664616184,4.483,194.0509462882767,1.075,1.075,268
361000.0,4.0,0.22942643391521197,1075.0,3775.0,0.006748628727823544,4.497,194.61486612016972,1.075,1.075,269
360000.0,4.0,0.24688279301745636,966.6666666666666,3775.0,-0.002913861029720863,4.51,195.5382111243539,0.9666666666666667,0.9666666666666667,270
359000.0,4.0,0.24438902743142144,1225.0,4633.333333333333,-0.012222686489150203,4.514,197.2838768178676,1.225,1.225,271
358000.0,4.0,0.24189526184538654,1383.3333333333333,4633.333333333333,-0.020212433847964055,4.508,200.12707389672806,1.3833333333333333,1.3833333333333333,272
357000.0,3.0,0.20698254364089774,1383.3333333333333,6075.0,-0.026040734417924156,4.505,203.54218373606435,1.3833333333333333,1.3833333333333333,273
356000.0,3.0,0.20698254364089774,1383.3333333333333,6075.0,-0.02927829942713292,4.519,207.02589356329085,1.3833333333333333,1.3833333333333333,274
355000.0,3.0,0.17955112219451372,1425.0,6075.0,-0.029500437341173573,4.531999999999999,210.19107778940935,1.425,1.425,275
354000.0,2.0,0.16209476309226933,1425.0,4950.0,-0.0267898940933798,4.545,212.84252914409794,1.425,1.425,276
353000.0,2.0,0.2119700748129676,1425.0,4950.0,-0.021317203192162702,4.536,214.45967506260234,1.425,1.425,277
352000.0,2.0,0.26184538653366585,1425.0,4950.0,-0.013857043083257565,4.534,215.01351604035852,1.425,1.425,278
351000.0,3.0,0.3117206982543641,2083.3333333333335,4950.0,-0.004955048213627031,4.555999999999999,214.67570750871747,2.0833333333333335,2.0833333333333335,279
350000.0,3.0,0.3117206982543641,2083.3333333333335,4950.0,0.0043261694246600054,4.5760000000000005,214.26370989005142,2.0833333333333335,2.0833333333333335,280
349000.0,3.0,0.3117206982543641,2083.3333333333335,4950.0,0.01321841747930644,4.612,213.19886388824344,2.0833333333333335,2.0833333333333335,281
348000.0,3.0,0.3117206982543641,2083.3333333333335,4950.0,0.020746410478525722,4.645,215.62215967061766,2.0833333333333335,2.0833333333333335,282
347000.0,3.0,0.33665835411471323,2700.0,4433.333333333333,0.02625615971254202,4.681,218.0160033442484,2.7,2.7,283
346000.0,3.0,0.32917705735660846,2200.0,4150.0,0.029279849827563046,4.701,219.55215563650341,2.2,2.2,284
345000.0,3.0,0.32917705735660846,2200.0,4150.0,0.02954696228731959,4.694,221.44343009624745,2.2,2.2,285
344000.0,3.0,0.34413965087281795,2200.0,3466.6666666666665,0.027116510579655282,4.674,223.6747267767229,2.2,2.2,286
343000.0,3.0,0.3940149625935162,2200.0,3466.6666666666665,0.02222224173091778,4.6419999999999995,228.26834548891762,2.2,2.2,287
342000.0,3.0,0.44389027431421446,2200.0,3466.6666666666665,0.015387293522340572,4.612,235.08938526443467,2.2,2.2,288
341000.0,3.0,0.48129675810473815,2300.0,3466.6666666666665,0.007259525449574754,4.552,242.74579144893727,2.3,2.3,289
340000.0,4.0,0.43640897755610975,2666.6666666666665,3466.6666666666665,-0.001454123483372188,4.4479999999999995,251.8992780286895,2.6666666666666665,2.6666666666666665,290
339000.0,3.0,0.39900249376558605,2666.6666666666665,2750.0,-0.010005501721493113,4.3229999999999995,260.0420122384809,2.6666666666666665,2.6666666666666665,291
338000.0,3.0,0.39900249376558605,2666.6666666666665,2750.0,-0.017652612822076214,4.181,263.2159696136408,2.6666666666666665,2.6666666666666665,292
337000.0,3.0,0.39900249376558605,2666.6666666666665,2750.0,-0.02375969034571796,4.037000000000001,265.87445566131345,2.6666666666666665,2.6666666666666665,293
336000.0,3.0,0.39900249376558605,2666.6666666666665,2750.0,-0.027892003059038578,3.882,268.9886864103905,2.6666666666666665,2.6666666666666665,294
335000.0,3.0,0.39900249376558605,2666.6666666666665,2750.0,-0.029702107464585226,3.752,272.52356447272183,2.6666666666666665,2.6666666666666665,295
334000.0,3.0,0.38154613466334164,2300.0,2750.0,-0.02907530471908642,3.6290000000000004,275.40967128729574,2.3,2.3,296
333000.0,3.0,0.3316708229426434,2300.0,2750.0,-0.02609457628666907,3.535,275.9682134895066,2.3,2.3,297
332000.0,3.0,0.286783042394015,2300.0,4766.666666666667,-0.02094420581139467,3.434,274.78672813073734,2.3,2.3,298
331000.0,3.0,0.286783042394015,2300.0,4766.666666666667,-0.014207048167784907,3.3489999999999993,272.82194975217305,2.3,2.3,299
330000.0,2.0,0.3341645885286783,2300.0,5450.0,-0.006225943723763395,3.3049999999999997,269.17890634162717,2.3,2.3,300
329000.0,2.0,0.38403990024937656,2300.0,5450.0,0.0022275826678203894,3.275,266.9060857546274,2.3,2.3,301
328000.0,3.0,0.428927680798005,2866.6666666666665,5450.0,0.010490966846228399,3.2840000000000003,265.1558851345476,2.8666666666666667,2.8666666666666667,302
327000.0,3.0,0.4014962593516209,3700.0,5450.0,0.01795456695055659,3.2980000000000005,263.1126714207279,3.7,3.7,303
326000.0,2.0,0.3865336658354115,3700.0,5275.0,0.023921092160198658,3.322,261.892334832279,3.7,3.7,304
325000.0,2.0,0.43640897755610975,3700.0,5275.0,0.02798189241675644,3.3579999999999997,258.1001652090904,3.7,3.7,305
324000.0,3.0,0.4513715710723192,2950.0,5275.0,0.029718791412497756,3.397,255.3680225135717,2.95,2.95,306
323000.0,3.0,0.4089775561097257,2950.0,3950.0,0.029005031756024542,3.45,253.89910414756582,2.95,2.95,307
322000.0,3.0,0.4089775561097257,2950.0,3950.0,0.02583563462488598,3.5170000000000003,254.0925484997496,2.95,2.95,308
321000.0,3.0,0.4089775561097257,2950.0,3950.0,0.020519145932158596,3.563,253.17646986897427,2.95,2.95,309
320000.0,2.0,0.4513715710723192,2950.0,1525.0,0.013451240935117835,3.594,252.82435882650293,2.95,2.95,310
319000.0,2.0,0.5012468827930174,2950.0,1525.0,0.0051521408453654004,3.65,251.94156002421119,2.95,2.95,311
318000.0,3.0,0.5261845386533666,3516.6666666666665,1525.0,-0.0035209283221363324,3.6719999999999997,250.47467752582446,3.5166666666666666,3.5166666666666666,312
317000.0,3.0,0.5261845386533666,3516.6666666666665,1525.0,-0.011960511733400257,3.6979999999999995,249.28429382012905,3.5166666666666666,3.5166666666666666,313
316000.0,3.0,0.5286783042394015,3516.6666666666665,1833.3333333333333,-0.019361800657998123,3.715,247.20078805861286,3.5166666666666666,3.5166666666666666,314
315000.0,3.0,0.5785536159600998,3516.6666666666665,1833.3333333333333,-0.025097833857443044,3.729,246.13265067862002,3.5166666666666666,3.5166666666666666,315
314000.0,3.0,0.628428927680798,3516.6666666666665,1833.3333333333333,-0.02867757480926098,3.757,244.4934914452152,3.5166666666666666,3.5166666666666666,316
313000.0,4.0,0.6433915211970075,3225.0,1833.3333333333333,-0.029767111138446174,3.7659999999999996,242.6779522457703,3.225,3.225,317
312000.0,4.0,0.6408977556109726,2966.6666666666665,1833.3333333333333,-0.028290285785445634,3.7769999999999997,240.6505604977831,2.9666666666666663,2.9666666666666663,318
311000.0,4.0,0.5985037406483791,2966.6666666666665,2012.5,-0.024410326539718984,3.813,240.3610811729308,2.9666666666666663,2.9666666666666663,319
310000.0,4.0,0.5985037406483791,2966.6666666666665,2012.5,-0.018454628844349997,3.8580000000000005,238.7481080664232,2.9666666666666663,2.9666666666666663,320
309000.0,4.0,0.5985037406483791,2966.6666666666665,2012.5,-0.010931184096433748,3.8879999999999995,237.6360374536536,2.9666666666666663,2.9666666666666663,321
308000.0,3.0,0.600997506234414,2966.6666666666665,2100.0,-0.0025191957911638294,3.9190000000000005,237.2124935697907,2.9666666666666663,2.9666666666666663,322
307000.0,4.0,0.6059850374064838,3037.5,2100.0,0.006045757947037774,3.946,237.26654794137684,3.0375,3.0375,323
306000.0,4.0,0.5910224438902744,3416.6666666666665,2100.0,0.014102487673983076,3.982,237.4269728548067,3.4166666666666665,3.4166666666666665,324
305000.0,4.0,0.5411471321695761,3416.6666666666665,2100.0,0.02096423566685329,4.004,237.8005855805157,3.4166666666666665,3.4166666666666665,325
304000.0,3.0,0.5112219451371571,3416.6666666666665,2500.0,0.026079602197655923,4.041,237.12880520187724,3.4166666666666665,3.4166666666666665,326
303000.0,3.0,0.5536159600997507,2800.0,2983.3333333333335,0.02905981015084763,4.073,235.39100930500723,2.8,2.8,327
302000.0,3.0,0.5536159600997507,2800.0,2983.3333333333335,0.02971012713822611,4.103,232.05794481549378,2.8,2.8,328
301000.0,4.0,0.5486284289276808,2816.6666666666665,2983.3333333333335,0.02799371109503509,4.1209999999999996,228.36951428753068,2.8166666666666664,2.8166666666666664,329
300000.0,4.0,0.49875311720698257,2816.6666666666665,2983.3333333333335,0.02408846154124772,4.1450000000000005,225.334080599442,2.8166666666666664,2.8166666666666664,330
299000.0,4.0,0.4488778054862843,2816.6666666666665,2983.3333333333335,0.018297173239686052,4.170999999999999,221.98750339441335,2.8166666666666664,2.8166666666666664,331
298000.0,3.0,0.4463840399002494,2816.6666666666665,3033.3333333333335,0.011087882041870126,4.193,219.07885391891472,2.8166666666666664,2.8166666666666664,332
297000.0,3.0,0.49625935162094764,2816.6666666666665,3033.3333333333335,0.0030843172777835722,4.214,216.58113878942203,2.8166666666666664,2.8166666666666664,333
296000.0,4.0,0.5311720698254364,2662.5,3033.3333333333335,-0.0051635021816592306,4.218999999999999,214.96120060232602,2.6625,2.6625,334
295000.0,4.0,0.48129675810473815,2766.6666666666665,3033.3333333333335,-0.013019268587148875,4.227,215.41668818165695,2.7666666666666666,2.7666666666666666,335
294000.0,4.0,0.4314214463840399,2766.6666666666665,3033.3333333333335,-0.01981766689102916,4.209999999999999,216.6322678072147,2.7666666666666666,2.7666666666666666,336
293000.0,3.0,0.4488778054862843,2766.6666666666665,3050.0,-0.025142640735736806,4.195,218.13567646865854,2.7666666666666666,2.7666666666666666,337
292000.0,3.0,0.49875311720698257,2766.6666666666665,3050.0,-0.028523712818305055,4.154,219.66304883387414,2.7666666666666666,2.7666666666666666,338
291000.0,4.0,0.5411471321695761,2566.6666666666665,3050.0,-0.029770842135801053,4.113,221.15949301868267,2.5666666666666664,2.5666666666666664,339
290000.0,4.0,0.4912718204488778,2566.6666666666665,3050.0,-0.028776121578210308,4.066,223.13527313724407,2.5666666666666664,2.5666666666666664,340
289000.0,4.0,0.44139650872817954,2566.6666666666665,2800.0,-0.025633343734999616,4.019,225.45551846970972,2.5666666666666664,2.5666666666666664,341
288000.0,4.0,0.44139650872817954,2566.6666666666665,2800.0,-0.020538110733212617,3.9840000000000004,227.26843151021663,2.5666666666666664,2.5666666666666664,342
287000.0,3.0,0.4837905236907731,2566.6666666666665,2416.6666666666665,-0.014008294360263799,3.9549999999999996,227.84145493960813,2.5666666666666664,2.5666666666666664,343
286000.0,4.0,0.5112219451371571,2562.5,2416.6666666666665,-0.006422612580609404,3.965,227.19104823224433,2.5625,2.5625,344
285000.0,4.0,0.5112219451371571,2562.5,2416.6666666666665,0.0016802310950197836,3.969,224.4524106484974,2.5625,2.5625,345
284000.0,4.0,0.5112219451371571,2562.5,2416.6666666666665,0.009520209574995931,3.9859999999999998,221.51730801581462,2.5625,2.5625,346
283000.0,4.0,0.46633416458852867,2466.6666666666665,2416.6666666666665,0.016720825900540446,4.015,218.21086573057846,2.4666666666666663,2.4666666666666663,347
282000.0,4.0,0.4613466334164589,2466.6666666666665,2700.0,0.022668094566753682,4.069999999999999,214.8513490451397,2.4666666666666663,2.4666666666666663,348
281000.0,3.0,0.46384039900249374,2466.6666666666665,2733.3333333333335,0.026953497514883466,4.118,211.80707970600764,2.4666666666666663,2.4666666666666663,349
280000.0,3.0,0.513715710723192,2466.6666666666665,2733.3333333333335,0.029336546374300436,4.172,208.20860714782944,2.4666666666666663,2.4666666666666663,350
279000.0,3.0,0.5635910224438903,2466.6666666666665,2733.3333333333335,0.029653815575067705,4.224,204.59044718356984,2.4666666666666663,2.4666666666666663,351
278000.0,4.0,0.543640897755611,3050.0,2733.3333333333335,0.02792708221738582,4.281,200.9994393265707,3.05,3.05,352
277000.0,5.0,0.5236907730673317,2437.5,2387.5,0.024358889245732877,4.327,197.70666304518883,2.4375,2.4375,353
276000.0,4.0,0.486284289276808,2437.5,2316.6666666666665,0.019250107068940835,4.356,196.24623735996656,2.4375,2.4375,354
275000.0,4.0,0.486284289276808,2437.5,2316.6666666666665,0.012840439188529262,4.393,194.97777954410893,2.4375,2.4375,355
274000.0,4.0,0.4912718204488778,2437.5,2462.5,0.0058033391793373135,4.422,193.38959640964737,2.4375,2.4375,356
273000.0,4.0,0.5087281795511222,2366.6666666666665,2462.5,-0.0015550535513630703,4.424,192.9769801996456,2.3666666666666667,2.3666666666666667,357
272000.0,4.0,0.5087281795511222,2366.6666666666665,2462.5,-0.008788222894236251,4.430000000000001,194.6231638113323,2.3666666666666667,2.3666666666666667,358
271000.0,4.0,0.4763092269326683,2387.5,2462.5,-0.015380461030386131,4.45,195.1181290691441,2.3875,2.3875,359
270000.0,4.0,0.4763092269326683,2387.5,2600.0,-0.0209953071233668,4.456,197.76429994980995,2.3875,2.3875,360
269000.0,4.0,0.4763092269326683,2387.5,2600.0,-0.02543043285613279,4.46,200.79574598451563,2.3875,2.3875,361
268000.0,4.0,0.45885286783042395,2333.3333333333335,2712.5,-0.028343035082378915,4.462000000000001,203.44853029697748,2.3333333333333335,2.3333333333333335,362
267000.0,4.0,0.45885286783042395,2333.3333333333335,2712.5,-0.029694017382428658,4.462999999999999,205.65610323747993,2.3333333333333335,2.3333333333333335,363
266000.0,4.0,0.47381546134663344,2375.0,2433.3333333333335,-0.029389671854603314,4.465,206.64803486260195,2.375,2.375,364
265000.0,4.0,0.47381546134663344,2375.0,2433.3333333333335,-0.027451847988284702,4.46,207.8226259908015,2.375,2.375,365
264000.0,4.0,0.5037406483790524,2375.0,2200.0,-0.02398433172909696,4.459999999999999,209.49195836977032,2.375,2.375,366
263000.0,5.0,0.5112219451371571,2050.0,2200.0,-0.019223192105386703,4.478,210.54724846882164,2.05,2.05,367
262000.0,5.0,0.4688279301745636,1575.0,2200.0,-0.013290016702841799,4.483,209.55365542193346,1.575,1.575,368
261000.0,5.0,0.428927680798005,1575.0,2290.0,-0.006555849124767415,4.476,209.15633334242602,1.575,1.575,369
260000.0,6.0,0.4239401496259352,1480.0,2290.0,0.0004625485088864506,4.468999999999999,206.73013092397727,1.48,1.48,370
259000.0,6.0,0.3740648379052369,1480.0,2290.0,0.007711243199767719,4.484,203.99812124243437,1.48,1.48,371
258000.0,5.0,0.4089775561097257,1480.0,2280.0,0.014418357889402876,4.49,201.94584685900287,1.48,1.48,372
257000.0,5.0,0.4314214463840399,1700.0,2280.0,0.020341270955474132,4.508,202.2245118107425,1.7,1.7,373
256000.0,5.0,0.45885286783042395,1840.0,2125.0,0.02508085524506154,4.514,201.63493894600725,1.84,1.84,374
255000.0,5.0,0.45885286783042395,1840.0,2125.0,0.028280265631548483,4.518,201.91557553595524,1.84,1.84,375
254000.0,5.0,0.456359102244389,1687.5,2125.0,0.02970924289824174,4.502000000000001,203.0139643584592,1.6875,1.6875,376
253000.0,5.0,0.40648379052369077,1687.5,2125.0,0.02924074035109082,4.489,204.3164569703035,1.6875,1.6875,377
252000.0,5.0,0.3566084788029925,1687.5,2580.0,0.026858335162520956,4.465,206.06221210986013,1.6875,1.6875,378
251000.0,4.0,0.3865336658354115,1687.5,2462.5,0.02266125852729698,4.46,209.4554091297784,1.6875,1.6875,379
250000.0,4.0,0.43640897755610975,1687.5,2462.5,0.01694725106019245,4.4399999999999995,214.84738761572333,1.6875,1.6875,380
249000.0,5.0,0.4763092269326683,1910.0,2462.5,0.009990869579133763,4.388,221.7898143707851,1.91,1.91,381
248000.0,5.0,0.4488778054862843,1762.5,2462.5,0.0022678662560012136,4.314,230.22563241381795,1.7625,1.7625,382
247000.0,5.0,0.39900249376558605,1762.5,2462.5,-0.0056067156435395905,4.219,235.67516937581178,1.7625,1.7625,383
246000.0,4.0,0.3516209476309227,1762.5,2887.5,-0.013213604167047116,4.115,241.17683370904496,1.7625,1.7625,384
245000.0,4.0,0.4014962593516209,1762.5,2887.5,-0.019894026944642235,4.0089999999999995,245.32903511059894,1.7625,1.7625,385
244000.0,5.0,0.4139650872817955,2025.0,2887.5,-0.02515004609805516,3.9169999999999994,248.38877002265616,2.025,2.025,386
243000.0,4.0,0.40399002493765584,2025.0,2966.6666666666665,-0.02854294822875775,3.8300000000000005,250.9241984171622,2.025,2.025,387
242000.0,4.0,0.40399002493765584,2025.0,2966.6666666666665,-0.029772122165717795,3.746,253.31701854194625,2.025,2.025,388
241000.0,4.0,0.41895261845386533,2333.3333333333335,2912.5,-0.028672176678793047,3.6739999999999995,254.621141048698,2.3333333333333335,2.3333333333333335,389
240000.0,3.0,0.42144638403990026,2333.3333333333335,3450.0,-0.02528196992241199,3.628,254.00852644070505,2.3333333333333335,2.3333333333333335,390
239000.0,3.0,0.4713216957605985,2333.3333333333335,3450.0,-0.019809705635811043,3.607,251.72556066422575,2.3333333333333335,2.3333333333333335,391
238000.0,4.0,0.4513715710723192,2466.6666666666665,3450.0,-0.012651094232538159,3.626,247.91877992059617,2.4666666666666663,2.4666666666666663,392
237000.0,4.0,0.4014962593516209,2466.6666666666665,3450.0,-0.0044053989732789275,3.675,244.68645381411184,2.4666666666666663,2.4666666666666663,393
236000.0,3.0,0.3915211970074813,2466.6666666666665,2716.6666666666665,0.004245162582142335,3.743,242.09179921110277,2.4666666666666663,2.4666666666666663,394
235000.0,3.0,0.44139650872817954,2466.6666666666665,2716.6666666666665,0.012650584866711993,3.8289999999999997,239.706427593285,2.4666666666666663,2.4666666666666663,395
234000.0,3.0,0.4912718204488778,2466.6666666666665,2716.6666666666665,0.019914246528127677,3.8870000000000005,238.21672510918356,2.4666666666666663,2.4666666666666663,396
233000.0,3.0,0.5411471321695761,2466.6666666666665,2716.6666666666665,0.025511464688789332,3.9549999999999996,237.49049896686614,2.4666666666666663,2.4666666666666663,397
232000.0,3.0,0.5910224438902744,2466.6666666666665,2716.6666666666665,0.028886191694925695,4.026999999999999,235.09668309703594,2.4666666666666663,2.4666666666666663,398
231000.0,4.0,0.5885286783042394,3316.6666666666665,2716.6666666666665,0.029733938749304516,4.09,230.92223763379155,3.3166666666666664,3.3166666666666664,399
230000.0,4.0,0.5386533665835411,3316.6666666666665,2716.6666666666665,0.027984849764339053,4.147,226.99175841064985,3.3166666666666664,3.3166666666666664,400
229000.0,3.0,0.49625935162094764,3316.6666666666665,2475.0,0.023815912317795934,4.202,223.33643545013442,3.3166666666666664,3.3166666666666664,401
228000.0,3.0,0.5386533665835411,3316.6666666666665,2400.0,0.017573276623800437,4.2490000000000006,220.00269173779566,3.3166666666666664,3.3166666666666664,402
227000.0,4.0,0.5760598503740648,2887.5,2400.0,0.009862179107289296,4.27,217.9264392043152,2.8875,2.8875,403
226000.0,4.0,0.6059850374064838,2887.5,1962.5,0.0013688824368200904,4.271,216.1791032859544,2.8875,2.8875,404
225000.0,4.0,0.6084788029925187,3250.0,1962.5,-0.007259992369077703,4.239,216.24432600712802,3.25,3.25,405
224000.0,3.0,0.6159600997506235,3250.0,1700.0,-0.015185673558734045,4.231,217.27067508445526,3.25,3.25,406
223000.0,3.0,0.6658354114713217,3250.0,1700.0,-0.021814072595405035,4.184,218.51982615741562,3.25,3.25,407
222000.0,4.0,0.6733167082294265,3375.0,1700.0,-0.026662604833900552,4.113,221.46111848918173,3.375,3.375,408
221000.0,4.0,0.6807980049875312,3566.6666666666665,1600.0,-0.029302646011808375,4.037000000000001,225.1822598606703,3.5666666666666664,3.5666666666666664,409
220000.0,4.0,0.6807980049875312,3566.6666666666665,1600.0,-0.02960838039323368,3.963,228.93235937138365,3.5666666666666664,3.5666666666666664,410
219000.0,5.0,0.6683291770573566,3250.0,1600.0,-0.027581709477529456,3.8800000000000003,233.26679165419515,3.25,3.25,411
218000.0,4.0,0.6483790523690773,3250.0,1400.0,-0.023406415798207594,3.8009999999999997,237.34409371660632,3.25,3.25,412
217000.0,4.0,0.6483790523690773,3250.0,1400.0,-0.017434764218458947,3.724,240.12376048083757,3.25,3.25,413
216000.0,4.0,0.6533665835411472,2550.0,1737.5,-0.010172704573175019,3.661,243.77290402895218,2.55,2.55,414
215000.0,4.0,0.6533665835411472,2550.0,1737.5,-0.0021289470998855165,3.62,245.48927419333944,2.55,2.55,415
214000.0,4.0,0.6533665835411472,2550.0,1737.5,0.006065976004874017,3.59,245.12052727005184,2.55,2.55,416
213000.0,4.0,0.6533665835411472,2550.0,1737.5,0.013726557942380901,3.589,244.02030603471317,2.55,2.55,417
212000.0,4.0,0.6533665835411472,2550.0,1737.5,0.02041799747827198,3.6189999999999998,241.89041766122205,2.55,2.55,418
211000.0,4.0,0.6384039900249376,3200.0,1566.6666666666667,0.02553116113206749,3.643,240.98118304451881,3.2,3.2,419
210000.0,4.0,0.6384039900249376,3200.0,1566.6666666666667,0.028730146063903714,3.6710000000000003,241.2431372037836,3.2,3.2,420
209000.0,4.0,0.6408977556109726,3200.0,1750.0,0.0297724461327984,3.693,240.9955161097052,3.2,3.2,421
208000.0,4.0,0.6508728179551122,3733.3333333333335,1750.0,0.028564085277580108,3.689,240.1833092324784,3.7333333333333334,3.7333333333333334,422
207000.0,3.0,0.6608478802992519,3733.3333333333335,2116.6666666666665,0.02518588135596869,3.691,240.91212696928557,3.7333333333333334,3.7333333333333334,423
206000.0,4.0,0.6583541147132169,3333.3333333333335,2116.6666666666665,0.01989284860410679,3.6839999999999997,240.70427577347263,3.3333333333333335,3.3333333333333335,424
205000.0,4.0,0.6483790523690773,3333.3333333333335,1762.5,0.013040084584319727,3.6799999999999997,240.82887118470012,3.3333333333333335,3.3333333333333335,425
204000.0,4.0,0.6483790523690773,3333.3333333333335,1762.5,0.005174700652310129,3.6729999999999996,241.38846909782487,3.3333333333333335,3.3333333333333335,426
203000.0,5.0,0.6334164588528678,3125.0,1762.5,-0.0031148241307073893,3.6839999999999997,241.1936503825164,3.125,3.125,427
202000.0,4.0,0.6683291770573566,3125.0,1537.5,-0.01118055235994927,3.6800000000000006,240.90029180754786,3.125,3.125,428
201000.0,5.0,0.6508728179551122,2812.5,1537.5,-0.018426652094995118,3.685,239.80010301329767,2.8125,2.8125,429
200000.0,5.0,0.6034912718204489,2812.5,1590.0,-0.02419764189834261,3.694,237.9099183021424,2.8125,2.8125,430
199000.0,4.0,0.6134663341645885,2812.5,1300.0,-0.028079723683889946,3.7,235.3704298354744,2.8125,2.8125,431
198000.0,4.0,0.6633416458852868,2812.5,1300.0,-0.029730199188496367,3.7309999999999994,233.07797931515967,2.8125,2.8125,432
197000.0,5.0,0.7082294264339152,2840.0,1300.0,-0.028994103253459597,3.7440000000000007,230.30538963068943,2.84,2.84,433
196000.0,5.0,0.7057356608478803,2262.5,1180.0,-0.025914165616973937,3.804,228.57543729342154,2.2625,2.2625,434
195000.0,5.0,0.7057356608478803,2262.5,1180.0,-0.020748681925423475,3.879,227.1335326812221,2.2625,2.2625,435
194000.0,6.0,0.6932668329177057,2240.0,1180.0,-0.013881712786484625,3.961,224.77210936438428,2.24,2.24,436
193000.0,6.0,0.6882793017456359,2240.0,1041.6666666666667,-0.005914208707496199,4.025,222.21946283093249,2.24,2.24,437
192000.0,6.0,0.6882793017456359,2240.0,1041.6666666666667,0.002530820809918134,4.090999999999999,220.3419436674256,2.24,2.24,438
191000.0,5.0,0.7032418952618454,2240.0,790.0,0.010789879358505646,4.156,218.535626190716,2.24,2.24,439
190000.0,6.0,0.713216957605985,2383.3333333333335,790.0,0.01813769026287121,4.224,216.0221096215152,2.3833333333333333,2.3833333333333333,440
189000.0,6.0,0.713216957605985,2383.3333333333335,790.0,0.02401392658640423,4.279999999999999,213.75540640514095,2.3833333333333333,2.3833333333333333,441
188000.0,6.0,0.6708229426433915,2350.0,1100.0,0.02799318050423232,4.325,212.2261335685711,2.35,2.35,442
187000.0,6.0,0.6708229426433915,2350.0,1100.0,0.029708811402407876,4.397,211.87491692031094,2.35,2.35,443
186000.0,5.0,0.6932668329177057,2350.0,1180.0,0.02908215447184896,4.430000000000001,209.94043938753484,2.35,2.35,444
185000.0,5.0,0.7057356608478803,2312.5,1180.0,0.026166166787690487,4.441000000000001,207.62798339746723,2.3125,2.3125,445
184000.0,6.0,0.6608478802992519,2500.0,1180.0,0.021234143933434105,4.45,205.76431062124243,2.5,2.5,446
183000.0,5.0,0.6309226932668329,2500.0,1450.0,0.014644914733639264,4.4479999999999995,204.08387270210812,2.5,2.5,447
182000.0,5.0,0.6384039900249376,2862.5,1450.0,0.007018636524449624,4.454,202.54221718832088,2.8625,2.8625,448
181000.0,5.0,0.6608478802992519,2650.0,1362.5,-0.0011896706666635756,4.446,201.78360139815646,2.65,2.65,449
180000.0,5.0,0.6608478802992519,2650.0,1362.5,-0.009214738716381442,4.419,201.40133967692645,2.65,2.65,450
179000.0,5.0,0.6109725685785536,2575.0,1362.5,-0.016491175220253666,4.407,201.25643889120266,2.575,2.575,451
178000.0,5.0,0.5985037406483791,2575.0,1610.0,-0.02258319924812914,4.408,200.7460417858083,2.575,2.575,452
177000.0,4.0,0.600997506234414,2575.0,1837.5,-0.026939137802195933,4.406000000000001,198.85445579637815,2.575,2.575,453
176000.0,4.0,0.6334164588528678,2716.6666666666665,1837.5,-0.029335110077094526,4.412999999999999,197.384217280702,2.7166666666666663,2.7166666666666663,454
175000.0,5.0,0.6209476309226932,2912.5,1837.5,-0.02963217723980415,4.424,196.24937059983864,2.9125,2.9125,455
174000.0,4.0,0.5810473815461347,2912.5,2333.3333333333335,-0.02784683598903348,4.426,194.99984973532804,2.9125,2.9125,456
173000.0,4.0,0.5760598503740648,2850.0,2125.0,-0.024110497713821805,4.43,194.4077829863767,2.85,2.85,457
172000.0,5.0,0.571072319201995,2550.0,2125.0,-0.018770176880831824,4.425,194.34222703943743,2.55,2.55,458
171000.0,5.0,0.5211970074812967,2550.0,2125.0,-0.01214986581777554,4.434,194.034134977221,2.55,2.55,459
170000.0,4.0,0.5361596009975063,2550.0,1850.0,-0.004775595604263099,4.470000000000001,193.80202663964968,2.55,2.55,460
169000.0,4.0,0.5860349127182045,2550.0,1850.0,0.0028630439635220868,4.51,194.22788899745643,2.55,2.55,461
168000.0,5.0,0.5910224438902744,2175.0,1850.0,0.010295813661887063,4.542,194.49286515083608,2.175,2.175,462
167000.0,6.0,0.5810473815461347,1780.0,1400.0,0.01703437721623643,4.561999999999999,194.3001598980846,1.78,1.78,463
166000.0,6.0,0.5810473815461347,1780.0,1400.0,0.022589882697270913,4.574,193.6999983825414,1.78,1.78,464
165000.0,7.0,0.5336658354114713,1758.3333333333333,1400.0,0.02673276580735226,4.593000000000001,192.69534969333694,1.7583333333333333,1.7583333333333333,465
164000.0,6.0,0.5261845386533666,1758.3333333333333,1330.0,0.02916209586348689,4.609,192.68034618182702,1.7583333333333333,1.7583333333333333,466
163000.0,6.0,0.5211970074812967,1750.0,1330.0,0.02974255221897035,4.630000000000001,192.95103634320486,1.75,1.75,467
162000.0,6.0,0.4713216957605985,1750.0,1330.0,0.02846668574543802,4.662999999999999,192.9328564697125,1.75,1.75,468
161000.0,6.0,0.47880299251870323,1600.0,1620.0,0.025425016340459735,4.693,192.82187181937186,1.6,1.6,469
160000.0,6.0,0.47880299251870323,1600.0,1620.0,0.020818630367371273,4.676,192.92803960623286,1.6,1.6,470
159000.0,6.0,0.48129675810473815,1600.0,1683.3333333333333,0.014905746514122112,4.674,192.55826651261276,1.6,1.6,471
158000.0,6.0,0.49625935162094764,1220.0,1683.3333333333333,0.00806597064900632,4.6659999999999995,192.51423147652108,1.22,1.22,472
157000.0,6.0,0.49625935162094764,1220.0,1683.3333333333333,0.0006971277395087316,4.664,193.07711447858804,1.22,1.22,473
156000.0,6.0,0.49625935162094764,1220.0,1683.3333333333333,-0.006715387028990667,4.665000000000001,194.1871236704283,1.22,1.22,474
155000.0,5.0,0.5062344139650873,1220.0,1720.0,-0.013725846093792439,4.671,195.72026517016315,1.22,1.22,475
154000.0,7.0,0.5461346633416458,1564.2857142857142,1466.6666666666667,-0.01994306363576437,4.680000000000001,196.88383931509105,1.5642857142857143,1.5642857142857143,476
153000.0,7.0,0.516209476309227,1550.0,1385.7142857142858,-0.024844700648748073,4.682,197.5297241395531,1.55,1.55,477
152000.0,7.0,0.486284289276808,1392.857142857143,1358.3333333333333,-0.02817886387329826,4.69,198.05504200070388,1.3928571428571428,1.3928571428571428,478
151000.0,7.0,0.486284289276808,1392.857142857143,1400.0,-0.029702904324261772,4.689,198.34637807380597,1.3928571428571428,1.3928571428571428,479
150000.0,7.0,0.5112219451371571,1333.3333333333333,1400.0,-0.029259610362570184,4.712000000000001,198.33528361876307,1.3333333333333333,1.3333333333333333,480
149000.0,8.0,0.5012468827930174,1400.0,1400.0,-0.026843603506013752,4.728,198.00985309678893,1.4,1.4,481
148000.0,8.0,0.5037406483790524,1262.5,1321.4285714285713,-0.02261910858271927,4.744000000000001,197.56903312791778,1.2625,1.2625,482
147000.0,7.0,0.5062344139650873,1375.0,1414.2857142857142,-0.01684275264813281,4.755000000000001,197.0138592758414,1.375,1.375,483
146000.0,7.0,0.5062344139650873,1375.0,1414.2857142857142,-0.009886473947753886,4.77,196.20926715969966,1.375,1.375,484
145000.0,7.0,0.5236907730673317,1500.0,975.0,-0.002222977185145472,4.793,195.27954433448124,1.5,1.5,485
144000.0,7.0,0.5236907730673317,1500.0,975.0,0.005612356693038323,4.805,195.09616019857089,1.5,1.5,486
143000.0,8.0,0.5561097256857855,1393.75,1064.2857142857142,0.013077706191061682,4.8229999999999995,195.44363005125598,1.39375,1.39375,487
142000.0,8.0,0.5561097256857855,1393.75,1064.2857142857142,0.019608078631776382,4.821,196.20009238849286,1.39375,1.39375,488
141000.0,7.0,0.513715710723192,1471.4285714285713,1064.2857142857142,0.024829416776743492,4.826,197.43551905406667,1.4714285714285713,1.4714285714285713,489
140000.0,7.0,0.513715710723192,1471.4285714285713,908.3333333333334,0.028268419193826395,4.838,198.9105579232622,1.4714285714285713,1.4714285714285713,490
139000.0,7.0,0.513715710723192,1471.4285714285713,908.3333333333334,0.029731583905604705,4.826,201.37248507978987,1.4714285714285713,1.4714285714285713,491
138000.0,7.0,0.5112219451371571,991.6666666666666,1400.0,0.02908990327399626,4.789,204.2643631204698,0.9916666666666666,0.9916666666666666,492
137000.0,7.0,0.5112219451371571,991.6666666666666,1400.0,0.02639057147215865,4.734,207.88374287295437,0.9916666666666666,0.9916666666666666,493
136000.0,8.0,0.49625935162094764,1228.5714285714287,1400.0,0.021818720778557683,4.634,213.17890899301264,1.2285714285714286,1.2285714285714286,494
135000.0,8.0,0.4463840399002494,1228.5714285714287,1400.0,0.015651182897345975,4.503,219.53612757113228,1.2285714285714286,1.2285714285714286,495
134000.0,7.0,0.40648379052369077,1350.0,1600.0,0.008384829841126139,4.406000000000001,226.7142601701254,1.35,1.35,496
133000.0,6.0,0.4014962593516209,1530.0,1740.0,0.0004886361937324491,4.288,234.41717187194735,1.53,1.53,497
132000.0,5.0,0.4164588528678304,1530.0,2130.0,-0.007457388620084623,4.1450000000000005,241.7107309779626,1.53,1.53,498
131000.0,5.0,0.46633416458852867,1530.0,2130.0,-0.014896781260793206,3.9790000000000005,248.6143594826271,1.53,1.53,499
130000.0,6.0,0.42144638403990026,1520.0,2130.0,-0.021276168327956216,3.807,255.17609085649693,1.52,1.52,500
129000.0,5.0,0.3790523690773067,1520.0,2587.5,-0.02607492864643133,3.664,260.8503582379197,1.52,1.52,501
128000.0,4.0,0.3865336658354115,1825.0,3012.5,-0.029003739997603032,3.533,266.31828854480415,1.825,1.825,502
127000.0,5.0,0.3690773067331671,1475.0,3012.5,-0.029741690053539528,3.431,270.86558946857957,1.475,1.475,503
126000.0,5.0,0.3192019950124688,1475.0,3012.5,-0.02823787623831321,3.376,273.95132159134835,1.475,1.475,504
125000.0,5.0,0.30673316708229426,1230.0,3162.5,-0.024547510054159803,3.336,275.3813382219034,1.23,1.23,505
124000.0,5.0,0.3491271820448878,1230.0,2590.0,-0.018945524643228014,3.2760000000000007,275.6226099728431,1.23,1.23,506
123000.0,4.0,0.36658354114713215,1375.0,2150.0,-0.011827026874073408,3.249,275.61400478322355,1.375,1.375,507
122000.0,4.0,0.4164588528678304,1375.0,2150.0,-0.003712775037266326,3.2660000000000005,275.50437666229766,1.375,1.375,508
121000.0,5.0,0.4488778054862843,1800.0,2150.0,0.004742504306302702,3.308,275.3098004156821,1.8,1.8,509
120000.0,5.0,0.4488778054862843,1800.0,2150.0,0.012872328763366192,3.3649999999999998,275.27051319693453,1.8,1.8,510
119000.0,5.0,0.4488778054862843,1800.0,2150.0,0.019965933886521684,3.4189999999999996,274.1016076396473,1.8,1.8,511
118000.0,5.0,0.428927680798005,1587.5,2290.0,0.025453538461128782,3.502,272.551416690007,1.5875,1.5875,512
117000.0,5.0,0.428927680798005,1587.5,2290.0,0.028826343648748802,3.5869999999999997,270.56447782760307,1.5875,1.5875,513
116000.0,5.0,0.4239401496259352,1700.0,1962.5,0.02975193891375124,3.6629999999999994,267.79200072703725,1.7,1.7,514
115000.0,5.0,0.4239401496259352,1700.0,1840.0,0.02813180103722955,3.7400000000000007,265.1922278895362,1.7,1.7,515
114000.0,6.0,0.44139650872817954,1475.0,1840.0,0.024086101120609636,3.822,262.3054752237022,1.475,1.475,516
113000.0,6.0,0.44139650872817954,1475.0,1840.0,0.017966473260083417,3.8890000000000002,258.4602032255324,1.475,1.475,517
112000.0,6.0,0.42144638403990026,1420.0,1933.3333333333333,0.010254544822846559,3.939,255.09475790113183,1.42,1.42,518
111000.0,6.0,0.42144638403990026,1420.0,1933.3333333333333,0.0016828556921987445,3.9810000000000003,253.46769456809776,1.42,1.42,519
110000.0,5.0,0.46633416458852867,1420.0,1820.0,-0.00704566318364334,3.995,250.18126569469308,1.42,1.42,520
109000.0,6.0,0.5087281795511222,1700.0,1820.0,-0.01512467711127255,4.006,248.2866355611728,1.7,1.7,521
108000.0,6.0,0.48877805486284287,1870.0,1820.0,-0.021901773553710736,4.0009999999999994,245.78460335074524,1.87,1.87,522
107000.0,5.0,0.46633416458852867,1870.0,1725.0,-0.02679161863371868,3.9839999999999995,244.0066234251586,1.87,1.87,523
106000.0,5.0,0.4937655860349127,1870.0,1900.0,-0.02939141816296019,3.9739999999999993,243.56508801698266,1.87,1.87,524
105000.0,4.0,0.5311720698254364,2275.0,2300.0,-0.02952838438115238,3.9509999999999996,243.62906589791132,2.275,2.275,525
104000.0,5.0,0.516209476309227,1912.5,2300.0,-0.027202522269897195,3.9170000000000003,243.63536688775793,1.9125,1.9125,526
103000.0,5.0,0.46633416458852867,1912.5,2300.0,-0.022704767085688814,3.896,243.90481110898241,1.9125,1.9125,527
102000.0,5.0,0.4164588528678304,1912.5,2300.0,-0.016361881616245584,3.875,244.22918567467119,1.9125,1.9125,528
101000.0,4.0,0.3865336658354115,1912.5,2437.5,-0.008727380527117598,3.85,243.14619162707385,1.9125,1.9125,529
100000.0,5.0,0.41895261845386533,1670.0,2020.0,-0.0004830972183628599,3.842,243.14390213715245,1.67,1.67,530
99000.0,5.0,0.4688279301745636,1670.0,2020.0,0.007789964026653479,3.8339999999999996,242.4891307896957,1.67,1.67,531
98000.0,6.0,0.4763092269326683,1570.0,2020.0,0.01542269606051914,3.836,241.98991841091507,1.57,1.57,532
97000.0,6.0,0.42643391521197005,1570.0,2020.0,0.021821501420923546,3.8480000000000003,241.35857793941176,1.57,1.57,533
96000.0,5.0,0.3915211970074813,1570.0,2187.5,0.026539646742804186,3.8590000000000004,239.89687975933793,1.57,1.57,534
95000.0,5.0,0.3915211970074813,1570.0,2187.5,0.029206558638621895,3.8839999999999995,238.29248497833206,1.57,1.57,535
94000.0,5.0,0.38902743142144636,1530.0,2090.0,0.029675475287870602,3.914,236.56996859122077,1.53,1.53,536
93000.0,5.0,0.4389027431421446,1530.0,2090.0,0.027916067378339425,3.935,234.47052445997855,1.53,1.53,537
92000.0,5.0,0.47880299251870323,1137.5,2090.0,0.024097778223331145,3.97,232.23673280038875,1.1375,1.1375,538
91000.0,6.0,0.45885286783042395,1460.0,2090.0,0.018448369192102097,4.0009999999999994,230.4026344465542,1.46,1.46,539
90000.0,7.0,0.42144638403990026,1258.3333333333333,1916.6666666666667,0.011502229887881974,4.019,229.91653073225476,1.2583333333333333,1.2583333333333333,540
89000.0,6.0,0.4139650872817955,1258.3333333333333,1541.6666666666667,0.003683077545605448,4.017,230.9667531654227,1.2583333333333333,1.2583333333333333,541
88000.0,7.0,0.4339152119700748,1192.857142857143,1407.142857142857,-0.004397192305609373,4.01,232.23635835330037,1.1928571428571428,1.1928571428571428,542
87000.0,8.0,0.456359102244389,1143.75,1407.142857142857,-0.012163284874698999,3.992,232.66854500011453,1.14375,1.14375,543
86000.0,8.0,0.4314214463840399,1014.2857142857143,1407.142857142857,-0.019016405685794192,3.970999999999999,232.71080842194925,1.0142857142857142,1.0142857142857142,544
85000.0,8.0,0.4139650872817955,1014.2857142857143,1468.75,-0.024472444869296152,3.9550000000000005,233.1433554530767,1.0142857142857142,1.0142857142857142,545
84000.0,7.0,0.43640897755610975,1014.2857142857143,1192.857142857143,-0.02813771716946509,3.9519999999999995,233.30151248330594,1.0142857142857142,1.0142857142857142,546
83000.0,8.0,0.4688279301745636,1175.0,1192.857142857143,-0.029721078795814333,3.9459999999999993,234.0130723786725,1.175,1.175,547
82000.0,8.0,0.4837905236907731,1175.0,1175.0,-0.02911040576290436,3.936,235.1631111475368,1.175,1.175,548
81000.0,8.0,0.5311720698254364,1242.857142857143,1175.0,-0.026315721416122175,3.936,236.9787685979897,1.2428571428571429,1.2428571428571429,549
80000.0,8.0,0.5411471321695761,1356.25,1292.857142857143,-0.021567680863518835,3.936,237.49289042340592,1.35625,1.35625,550
79000.0,8.0,0.49875311720698257,1314.2857142857142,1256.25,-0.01523565825328738,3.957,235.72170525579628,1.3142857142857143,1.3142857142857143,551
78000.0,8.0,0.48129675810473815,1206.25,942.8571428571429,-0.007666882622989528,3.997,234.26657403832328,1.20625,1.20625,552
77000.0,8.0,0.48129675810473815,1206.25,942.8571428571429,0.0004244268456993098,4.037999999999999,234.37082670552104,1.20625,1.20625,553
76000.0,8.0,0.48129675810473815,1206.25,942.8571428571429,0.008541787769403805,4.078,233.90168439689052,1.20625,1.20625,554
75000.0,8.0,0.5087281795511222,1206.25,1218.75,0.01598360573816919,4.119999999999999,232.04570834243736,1.20625,1.20625,555
74000.0,7.0,0.5461346633416458,1125.0,1300.0,0.022256415100194604,4.162,229.80905530571172,1.125,1.125,556
73000.0,8.0,0.516209476309227,1242.857142857143,1300.0,0.026823651587963026,4.199,227.317368547061,1.2428571428571429,1.2428571428571429,557
72000.0,8.0,0.46633416458852867,1242.857142857143,1300.0,0.029329708383055816,4.235,224.70133153226234,1.2428571428571429,1.2428571428571429,558
71000.0,7.0,0.4339152119700748,1242.857142857143,1341.6666666666667,0.029609704102902385,4.286,220.2128024407792,1.2428571428571429,1.2428571428571429,559
70000.0,6.0,0.42144638403990026,1408.3333333333333,1540.0,0.02761736541191538,4.339,215.89344376867786,1.4083333333333332,1.4083333333333332,560
69000.0,6.0,0.42643391521197005,1530.0,1916.6666666666667,0.023569773916919372,4.372,212.53650664660344,1.53,1.53,561
68000.0,6.0,0.4463840399002494,1570.0,1850.0,0.017710075124811646,4.402,209.35454924854383,1.57,1.57,562
67000.0,5.0,0.4713216957605985,1570.0,1840.0,0.010515661383644124,4.441000000000001,206.03238550795714,1.57,1.57,563
66000.0,6.0,0.49625935162094764,1658.3333333333333,1840.0,0.002686628270234288,4.470000000000001,204.25648759426673,1.6583333333333332,1.6583333333333332,564
65000.0,7.0,0.4837905236907731,1333.3333333333333,1675.0,-0.005440819822952019,4.498,204.61447065715262,1.3333333333333333,1.3333333333333333,565
64000.0,7.0,0.4339152119700748,1333.3333333333333,1675.0,-0.013019858343289614,4.494000000000001,207.1096339171696,1.3333333333333333,1.3333333333333333,566
63000.0,6.0,0.4389027431421446,1333.3333333333333,1750.0,-0.01966173331191131,4.5009999999999994,209.36506171278978,1.3333333333333333,1.3333333333333333,567
62000.0,6.0,0.4763092269326683,1170.0,1750.0,-0.024839234066960703,4.5,210.18581725035773,1.17,1.17,568
61000.0,6.0,0.4763092269326683,1170.0,1750.0,-0.02825540547093596,4.478,211.03493520489351,1.17,1.17,569
60000.0,6.0,0.4513715710723192,1508.3333333333333,1900.0,-0.029723678453100782,4.461,212.72505914389498,1.5083333333333333,1.5083333333333333,570
59000.0,6.0,0.47880299251870323,1720.0,1741.6666666666667,-0.029179632168692283,4.462999999999999,214.95421296584527,1.72,1.72,571
58000.0,6.0,0.46384039900249374,1550.0,1460.0,-0.02675992696859639,4.454,217.23871560122984,1.55,1.55,572
57000.0,6.0,0.47880299251870323,1550.0,1491.6666666666667,-0.022541966726937108,4.424999999999999,218.0766200094236,1.55,1.55,573
56000.0,6.0,0.5286783042394015,1550.0,1491.6666666666667,-0.017105754384442107,4.407,217.89775446648724,1.55,1.55,574
55000.0,7.0,0.5187032418952618,1483.3333333333333,1378.5714285714287,-0.010591252377717492,4.380999999999999,216.46984457596926,1.4833333333333332,1.4833333333333332,575
54000.0,8.0,0.48877805486284287,1335.7142857142858,1378.5714285714287,-0.0034435288372927715,4.3839999999999995,213.62016932691805,1.3357142857142859,1.3357142857142859,576
53000.0,7.0,0.49875311720698257,1335.7142857142858,971.4285714285714,0.003692307770368666,4.38,211.7982332246574,1.3357142857142859,1.3357142857142859,577
52000.0,8.0,0.5261845386533666,1318.75,971.4285714285714,0.010596970863377414,4.375,211.37759814891214,1.31875,1.31875,578
51000.0,8.0,0.5610972568578554,1318.75,943.75,0.01692707224567331,4.376,212.6292185998239,1.31875,1.31875,579
50000.0,9.0,0.6109725685785536,1361.111111111111,943.75,0.0221099964238245,4.378,212.0962810208326,1.3611111111111112,1.3611111111111112,580
49000.0,9.0,0.57356608478803,1406.25,943.75,0.026168112420349318,4.388,210.36828077257346,1.40625,1.40625,581
48000.0,8.0,0.5511221945137157,1307.142857142857,1125.0,0.028719755712548867,4.39,208.49585027070816,1.3071428571428572,1.3071428571428572,582
47000.0,8.0,0.5511221945137157,1307.142857142857,1125.0,0.02975662385189615,4.409000000000001,207.09160081629716,1.3071428571428572,1.3071428571428572,583
46000.0,8.0,0.5411471321695761,1356.25,1164.2857142857142,0.02919293466914734,4.427,206.44600843240474,1.35625,1.35625,584
45000.0,7.0,0.5511221945137157,1500.0,1107.142857142857,0.027125043563531646,4.448,205.41792571415408,1.5,1.5,585
44000.0,8.0,0.571072319201995,1425.0,1043.75,0.023495683117257627,4.457,205.55867386383792,1.425,1.425,586
43000.0,9.0,0.5610972568578554,1100.0,1043.75,0.018720572369622934,4.453,206.10438753142057,1.1,1.1,587
42000.0,10.0,0.543640897755611,1050.0,1011.1111111111111,0.012889271337016128,4.461,205.60870445582046,1.05,1.05,588
41000.0,10.0,0.4937655860349127,1050.0,1011.1111111111111,0.006166230400539206,4.470000000000001,203.4805431574383,1.05,1.05,589
40000.0,10.0,0.4837905236907731,970.0,1027.7777777777778,-0.0008507368774511656,4.491,202.3927153621849,0.97,0.97,590
39000.0,10.0,0.47381546134663344,1000.0,1055.0,-0.007893549194350615,4.502000000000001,201.59633072646412,1.0,1.0,591
38000.0,10.0,0.486284289276808,975.0,955.0,-0.014695929718071429,4.514,200.82273633592658,0.975,0.975,592
37000.0,10.0,0.5236907730673317,911.1111111111111,955.0,-0.02057981989836738,4.524,200.11852229689958,0.9111111111111111,0.9111111111111111,593
36000.0,11.0,0.516209476309227,1005.0,955.0,-0.02530313468531012,4.535,198.8762190993443,1.005,1.005,594
35000.0,10.0,0.5112219451371571,1005.0,980.0,-0.028456534672541677,4.542,198.62130308461053,1.005,1.005,595
34000.0,10.0,0.5087281795511222,1020.0,983.3333333333334,-0.029752070961179232,4.5600000000000005,197.62122874797848,1.02,1.02,596
33000.0,10.0,0.5087281795511222,1000.0,985.0,-0.02900859555552165,4.593999999999999,195.4421983433253,1.0,1.0,597
32000.0,10.0,0.48877805486284287,980.0,1011.1111111111111,-0.0262562181746552,4.623,193.65875576818894,0.98,0.98,598
31000.0,10.0,0.456359102244389,900.0,1011.1111111111111,-0.02147711199228991,4.6450000000000005,192.04551594278948,0.9,0.9,599
30000.0,11.0,0.42643391521197005,850.0,1045.4545454545455,-0.015103315942089085,4.673,190.05928382191865,0.85,0.85,600
29000.0,10.0,0.47381546134663344,850.0,985.0,-0.007575724749440097,4.694999999999999,188.92116297618935,0.85,0.85,601
28000.0,10.0,0.5087281795511222,755.5555555555555,985.0,0.0006773519259648678,4.723,188.25997290514334,0.7555555555555555,0.7555555555555555,602
27000.0,12.0,0.486284289276808,850.0,922.7272727272727,0.008960182680764475,4.7509999999999994,187.82238742750417,0.85,0.85,603
26000.0,11.0,0.46633416458852867,850.0,905.0,0.016435287847185752,4.78,187.94996035847288,0.85,0.85,604
25000.0,11.0,0.44139650872817954,845.0,905.0,0.022781810291578268,4.817,188.2011099055701,0.845,0.845,605
24000.0,10.0,0.4538653366583541,845.0,1095.0,0.02723972525065451,4.84,188.17282350639104,0.845,0.845,606
23000.0,9.0,0.47381546134663344,872.2222222222222,1133.3333333333333,0.02952041236004245,4.867,188.0964877565031,0.8722222222222221,0.8722222222222221,607
22000.0,9.0,0.4513715710723192,1005.5555555555555,1133.3333333333333,0.029417015448802524,4.88,189.7443110313086,1.0055555555555555,1.0055555555555555,608
21000.0,9.0,0.4613466334164589,1005.5555555555555,1188.888888888889,0.026933023780036695,4.888,193.7061002071601,1.0055555555555555,1.0055555555555555,609
20000.0,8.0,0.49875311720698257,1100.0,1175.0,0.022234274182541307,4.8549999999999995,198.44342865147408,1.1,1.1,610
19000.0,9.0,0.5211970074812967,1243.75,1066.6666666666667,0.015820012151599772,4.8020000000000005,203.6398345992289,1.24375,1.24375,611
18000.0,9.0,0.5411471321695761,1200.0,1016.6666666666666,0.008054752713551537,4.7219999999999995,208.5957554855545,1.2,1.2,612
17000.0,10.0,0.5386533665835411,1100.0,1016.6666666666666,-0.0003682172944326195,4.6259999999999994,214.98506142494406,1.1,1.1,613
16000.0,9.0,0.5211970074812967,1100.0,972.2222222222222,-0.008659627451248103,4.494999999999999,222.6487382787484,1.1,1.1,614
15000.0,10.0,0.5311720698254364,1133.3333333333333,972.2222222222222,-0.016344803037302676,4.348000000000001,229.66305251772792,1.1333333333333333,1.1333333333333333,615
14000.0,9.0,0.5561097256857855,1133.3333333333333,938.8888888888889,-0.022695999358066987,4.1899999999999995,236.4268964704579,1.1333333333333333,1.1333333333333333,616
13000.0,10.0,0.5536159600997507,1205.5555555555557,938.8888888888889,-0.027184310486619928,4.029999999999999,243.61943419299664,1.2055555555555557,1.2055555555555557,617
12000.0,9.0,0.5411471321695761,1205.5555555555557,825.0,-0.02951102930901077,3.8790000000000004,248.98699104879566,1.2055555555555557,1.2055555555555557,618
11000.0,9.0,0.5760598503740648,1155.0,933.3333333333334,-0.029434850065198023,3.7370000000000005,253.22848564369798,1.155,1.155,619
